"case_id","title","citation","full_text","source_url"
"08d543e7-7ff9-4919-8787-7e07d20801ce","Samuda v Secretary of State for Work and Pensions & Anor [2014] EWCA Civ 1","[""[2014] EWCA Civ 1""]; []",,"html"
"019bcb65-2591-4aaa-ba01-920acd8fdabe","Haxton v Philips Electronics UK Ltd [2014] EWCA Civ 4","[""2014] EWCA Civ 4"", ""[2014] 2 All ER 225"", ""[2014] 1 WLR 2721"", ""[2014] WLR(D) 19"", ""[2014] WLR 2721"", ""[2014] PIQR P11""]; []",,"html"
"a08f5ddb-ddbf-4b94-84c9-97ad2f4d77bd","Murrills v Berlanda & Anor [2014] EWCA Civ 6","[""2014""]; []",,"html"
"c17e5731-1af4-47f7-ac3a-41aa49443598","Secretary of State for the Home Department v Rodriguez [2014] EWCA Civ 2","[""[2014] EWCA Civ 2""]; []",,"html"
"66916f1f-18bd-4a5b-b6d6-640bdb943776","Hicks & Ors v Commissioner of Police of the Metropolis","[""[2014] Crim LR 681"", ""[2014] EWCA Civ 3"", ""[2014] WLR(D) 30"", ""[2014] WLR 2152"", ""[2014] 2 Cr App R 4"", ""[2014] HRLR 11"", ""[2014] 1 WLR 2152""]; []",,"html"
"ce3a6df1-7368-420e-9f51-a190f436b480","Fage UK Ltd & Anor v Chobani UK Ltd & Anor","[""[2014] EWCA Civ 5""]; []",,"html"
"65471d05-3881-45fa-b027-cc62179ae86b","ZZ v Secretary of State for the Home Department","[""[2014] 2 WLR 791"", ""[2014] 2 CMLR 49"", ""[2014] WLR(D) 26"", ""[2014] 3 All ER 587"", ""[2014] EWCA Civ 7"", ""[2014] INLR 858"", ""[2014] QB 820""]; []",,"html"
"6d2a3c0b-3ba5-4b92-9e2c-64656acc870c","Rajaratnam v Secretary of State for the Home Department [2014] EWCA Civ 8","[""[2014] EWCA Civ 8""]; []",,"html"
"f7eeb48f-eaa2-46b2-bd6e-8938f828540c","Bishop v Golstein [2014] EWCA Civ 10","[""[2014] 3 All ER 397"", ""[2014] 1 Ch 455"", ""[2014] 1 CH 455"", ""[2014] CH 455"", ""[2014] WLR(D) 75"", ""[2014] EWCA Civ 10"", ""[2014] 2 WLR 1448""]; []",,"html"
"19cf5b33-b155-419a-959e-5f97e274b81a","Rahman v Secretary of State for the Home Department [2014] EWCA Civ 11","[""[2014] EWCA Civ 11"", ""[2014] WLR(D) 78"", ""[2014] WLR 3574"", ""[2014] 1 WLR 3574""]; []",,"html"
"890029e3-5850-4eb7-8ea7-49d075f0ae77","Skrzynski & Anor v The Commissioner of Police for the Metropolis","[""[2014] EWCA Civ 9""]; []",,"html"
"c7e319c5-b6b4-446b-9ea6-fcca4aad19aa","Smith v Doncaster Metropolitan Borough Council [2014] EWCA Civ 16","[""[2014] EWCA Civ 16""]; []",,"html"
"53a0cdd4-3872-47c2-81cf-e3813685e478","Perform Content Services Ltd v Ness Global Services Ltd","[""2021] ILPr 34"", ""[2022] 2 All ER 887"", ""[2021] BLR 485"", ""[2021] 2 CLC 383"", ""[2021] WLR(D) 375"", ""[2022] 1 All ER (Comm) 323"", ""[2021] 1 WLR 4146"", ""[2021] EWCA Civ 981"", ""[2021] WLR 4146""]; []",,"html"
"cd98cd93-1541-413a-916a-6811c8458732","Cornwall Council, R (on the application of) v Secretary of State for Health & Ors","[""[2014] WLR(D) 80"", ""[2014] 1 WLR 3408"", ""[2014] EWCA Civ 12"", ""[2014] 2 FCR 606"", ""[2014] 3 All ER 603"", ""[2014] HLR 34"", ""(2014) 17 CCL Rep 78"", ""[2014] BLGR 433""]; []",,"html"
"99c5b445-c3dc-43af-8ad1-ff4a81f96de5","Thevarajah v Riordan & Ors [2014] EWCA Civ 14","[""[2014] CP Rep 19"", ""[2014] 1 Costs LR 163"", ""[2014] EWCA Civ 14""]; []",,"html"
"bcbdb5d9-a183-4364-b31d-638354462525","Robinson v Chief Constable of West Yorkshire Police","[""2014 EWCA Civ 15""]; []",,"html"
"95ae5acc-980d-409a-a423-7858ae4543ee","MA & Ors, R (on the application of) v The Secretary of State for Work and Pensions","[""[2014] PTSR 584"", ""[2014] WLR(D) 87"", ""[2014] EWCA Civ 13""]; []",,"html"
"df31e7f9-7109-4d2f-8061-acb4974c1b8e","Bone v North Essex Partnership NHS Foundation Trust [2014] EWCA Civ 652","[""2014] WLR(D) 214"", ""[2014] IRLR 635"", ""[2014] EWCA Civ 652"", ""[2014] ICR 1053"", ""[2014] 3 All ER 964""]; []",,"html"
"5b2c5d39-bf4f-4b6e-bb6e-1d47856493e9","O'Connell v Rollings & Ors (Administrators of Musion Systems Ltd) [2014] EWCA Civ 639","[""[2014] EWCA Civ 639""]; []",,"html"
"2e8cd90f-14cd-407a-a574-f3f7218e2eb8","Re B (A Child) [2014] EWCA Civ 19: Appeal Against Relocation Permission","[""[2014] EWCA Civ 19""]; []",,"html"
"14e4160c-29e9-4935-b168-0aeaa7823479","Free Grammar School of John Lyon v Helman [2014] EWCA Civ 17","[""2014] EWCA Civ 17"", ""[2014] L & TR 15"", ""[2015] WLR(D) 20"", ""[2014] 1 WLR 2451"", ""[2014] WLR 2451"", ""[2014] 1 P & CR 16"", ""[2014] BPIR 406"", ""[2014] HLR 26""]; []",,"html"
"41da49dd-2737-476e-9de5-522b26609ef7","Taylor v Burton & Anor [2014] EWCA Civ 21","[""2014] EWCA Civ 21"", ""2014] 3 Costs LO 337""]; [""[2014] EWCA Civ 21"", ""[2014] 3 Costs LO 337""]",,"html"
"32da8b2b-114f-4a55-8fff-21b61538b4ca","BT Pension Scheme Trustees v HM Revenue & Customs [2014] EWCA Civ 23","[""2014] STI 472"", ""2014] STC 1156"", ""2014] BTC 4"", ""2014] EWCA Civ 23""]; []",,"html"
"0bd39d33-1004-43e2-8622-23d5e500fb18","Price & Anor v Davis & Anor [2014] EWCA Civ 26","[""[2014] WLR 2129"", ""[2014] EWCA Civ 26"", ""[2014] 1 WLR 2129"", ""[2014] BPIR 494"", ""[2014] WLR(D) 16""]; []",,"html"
"266ac1a7-a2c3-4e3c-a796-77aaa9489ca2","Re S (A Child) – England and Wales Court of Appeal (Civil Division)","[""2014] Fam Law 429"", ""[2014] EWCA Civ 25"", ""[2014] 1 FCR 477""]; []",,"html"
"dda2b040-e66f-455b-9db4-9271ec318aa0","JKX Oil & Gas Plc & Ors v Eclairs Group Ltd [2014] EWCA Civ 640","[""[2014] EWCA Civ 640"", ""[2014] WLR(D) 204"", ""[2014] Bus LR 835""]; []",,"html"
"ba75f176-358e-4362-94a3-d98631c41e29","Joint Stock Company (Aeroflot - Russian Airlines) v Berezovsky & Anor [2014] EWCA Civ 20","[""[2014] EWCA Civ 20""]; []",,"html"
"b8f5594c-ac32-4dd3-804a-fd0c938c4401","Topland Portfolio No 1 Ltd v Smiths News Trading Ltd [2014] EWCA Civ 18","[""2014] EWCA Civ 18""]; []",,"html"
"77beedae-1cd7-4503-8349-0ec2e3d21098","Hubbard v Bank of Scotland Plc (t/a Birmingham Midshires) & Anor [2014] EWCA Civ 648","[""[2014] EWCA Civ 648""]; []",,"html"
"50968bde-cfcc-401f-bf69-0b55894a3fc1","Bank of Scotland Plc v Joseph & Ors [2014] EWCA Civ 28","[""[2014] EWCA Civ 28""]; []",,"html"
"5b87b353-2d9c-4c36-9490-a921ebe36e58","Slattery v Basildon Borough Council [2014] EWCA Civ 30","[""[2014] EWCA Civ 30""]; []",,"html"
"ee6d167b-5778-437c-971b-bf278702b390","Barnes v HM Revenue and Customs [2014] EWCA Civ 31","[""[2014] EWCA Civ 31""]; []",,"html"
"f72b1dd6-125a-489f-900f-6988f6418708","Personnel Hygiene Services Ltd v. Rentokil Initial UK Ltd","[""[2014] EWCA Civ 29""]; []",,"html"
"ac6c304a-0226-46d7-ba8b-4db4def29ae5","Bolton & Ors v St Anselm Development Company Ltd","[""[2014] EWCA Civ 27""]; []",,"html"
"6a4f60eb-fe33-4ebf-96cd-40752bcb2b70","Khan, R (On the Application Of) v The Secretary of State for Foreign And Commonwealth Affairs","[""[2014] 1 WLR 872"", ""[2014] EWCA Civ 24"", ""[2014] WLR(D) 14"", ""[2014] WLR 872""]; []",,"html"
"5c2719bb-df7d-4d55-a473-dd5087c1d2e8","Reed Employment Ltd v HM Revenue and Customs","[""2014 WLR(D) 23"", ""2014 BVC 6"", ""2014 EWCA Civ 32"", ""2014 STI 868"", ""2014 STC 1026""]; []",,"html"
"397cb0aa-bf1a-478e-b8f0-cea5867c2a3b","MM (Sri Lanka) v Secretary of State for the Home Department","[""[2014] EWCA Civ 36""]; []",,"html"
"51c2cdee-8ceb-4a9a-b122-0dcbf86a746e","Jefferson v O'Connor [2014] EWCA Civ 38","[""[2014] EWCA Civ 38""]; []",,"html"
"617372ba-d3e3-4dce-930b-cb3d2e6b7765","IM v LM & Ors [2014] EWCA Civ 37","[""[2014] COPLR 246"", ""[2014] EWCA Civ 37"", ""(2014) 17 CCL Rep 39"", ""[2014] 3 All ER 491"", ""[2014] WLR(D) 31"", ""[2015] 1 Fam 61"", ""[2015] 1 FAM 61"", ""[2014] 3 WLR 409"", ""[2014] Med LR 345"", ""[2014] 2 FCR 13""]; []",,"html"
"12a03639-3bd2-45ca-bc09-d181f7de5ce2","Tracey, R (on the application of) v Cambridge University Hospitals NHS Foundation Trust & Anor","[""[2014] EWCA Civ 33""]; []",,"html"
"12c01d71-44c6-4956-8b4b-f5e1e58f7e48","Core Issues Trust v Transport For London","[""[2014] WLR(D) 35"", ""[2014] PTSR 785"", ""[2014] EWCA Civ 34""]; []",,"html"
"c638648d-fec0-4d91-ae91-59ece875ee73","S (Children, W & T), Re [2014] EWCA Civ 638","[""[2014] PTSR D16"", ""[2014] EWCA Civ 638"", ""[2014] WLR(D) 217"", ""[2014] 3 FCR 218"", ""[2014] Fam Law 123""]; []",,"html"
"eeb6bc72-9385-4469-8e60-882fb5e55bf2","AP Racing Ltd v Alcon Components Ltd [2014] EWCA Civ 40","[""[2014] EWCA Civ 40"", ""[2014] RPC 27""]; []",,"html"
"9f247da1-72a3-4e01-bf71-fc179aa57f61","Solihull Metropolitan Borough Council v Khan [2014] EWCA Civ 41","[""[2014] EWCA Civ 41""]; []",,"html"
"5ac1a330-b09c-46c7-91e2-dcaa62dba6a4","Das v Secretary of State for the Home Department [2014] EWCA Civ 45","[""[2014] WLR 3538"", ""[2014] EWCA Civ 45"", ""[2014] 1 WLR 3538"", ""[2014] WLR(D) 39""]; []",,"html"
"6d20c546-f971-4475-a8b9-a0c4a265f883","MS (Uganda) v Secretary of State for the Home Department","[""[2014] EWCA Civ 50"", ""[2014] 1 WLR 2766"", ""[2014] Imm AR 745"", ""[2014] WLR 2766"", ""[2015] INLR 11""]; []",,"html"
"7ee03461-a14c-41d0-8bd4-4b5726a9f64c","Miller v Associated Newspapers Ltd [2014] EWCA Civ 39","[""2014] EWCA Civ 39""]; []",,"html"
"ad379907-051f-4f48-80f2-4347995a5002","Rehill v Rider Holdings Ltd","[""[2014] 3 Costs LR 405"", ""[2014] EWCA Civ 42""]; []",,"html"
"8a045906-c88d-48ed-ac86-91e1fc1e4e26","Taylor v Burton & Anor [2014] EWCA Civ 63","[""2014] EWCA Civ 63""]; []",,"html"
"f12362ca-9214-46d6-8a2a-5ddadac29884","Innerspaces Self Storage Ltd v Harding & Ors [2014] EWCA Civ 46","[""[2014] EWCA Civ 46""]; []",,"html"
"944d88b3-0eee-4232-bae9-6cf36a88286d","Emmett v Sisson [2014] EWCA Civ 64 - Right of Way Dispute","[""[2014] EWCA Civ 64""]; []",,"html"
"61341158-9abb-4eb2-af33-53e8c654cc52","Flynn v Warrior Square Recoveries Ltd [2014] EWCA Civ 68","[""[2014] EWCA Civ 68""]; []",,"html"
"afe6b030-4ac5-46cd-bf1b-3e2f471df9c1","DA (Iran), R (On the Application Of) v Secretary of State for the Home Department","[""[2014] EWCA Civ 654""]; []",,"html"
"c45b113b-b1e9-442c-bce8-4a22844d94ea","C v North Cumbria University Hospitals NHS Trust","[""[2014] EWHC 61 (QB)""]; []",,"html"
"9e4944df-5305-4cc2-bb57-6b32aa880969","L, R (On the Application Of) v West London Mental Health NHS Trust & Anor [2014] EWCA Civ 47","[""2014] EWCA Civ 47"", ""(2014) 137 BMLR 76"", ""[2014] 1 WLR 3103""]; []",,"html"
"59091337-3bc6-45c6-85a7-c4ca74a572ba","Brundle v Perry & Ors [2015] EWCA Civ 672","[""2015] EWCA Civ 672""]; []",,"html"
"cd2db340-265d-46ef-86dd-180d07c4fea9","AE (Algeria) v Secretary of State for the Home Department","[""[2014] EWCA Civ 653""]; []",,"html"
"daaf5324-7276-4195-b70a-47828811bbb2","Re C (A Child) [2014] EWCA Civ 70: Appeal Against Placement Order","[""[2014] EWCA Civ 70""]; []",,"html"
"1e1f2245-dd9c-4a5a-b4a0-98c9113d4865","OMV Supply and Trading AG v Kazmunaygaz Trading AG [2014] EWCA Civ 75","[""2014 EWCA Civ 75"", ""2014 1 Lloyd's Rep 647""]; []",,"html"
"1eb7139f-fc30-4c97-9b13-961ffa043d6d","Hazel & Anor v The Manchester College [2014] EWCA Civ 72","[""[2014] EWCA Civ 72"", ""[2014] ICR 989"", ""[2014] IRLR 392""]; []",,"html"
"d3f54368-3416-43dc-b17c-0a4875ab52fc","Criminal Injuries Compensation Authority v First-Tier Tribunal (Social Entitlement Chamber) & Anor","[""[2014] EWCA Civ 65"", ""[2014] AACR 27"", ""[2014] WLR(D) 45""]; []",,"html"
"2a8814e6-52cb-4fce-aff2-3bae83c3b9b9","Banwaitt v Dewji [2014] EWCA Civ 67","[""[2014] EWCA Civ 67""]; []",,"html"
"171468d2-dfa7-4b81-8b18-384b6779d61d","Roberts v The Commissioner of Police of the Metropolis","[""2014] WLR 3299"", ""[2014] EWCA Civ 69"", ""[2014] 1 WLR 3299"", ""[2014] HRLR 5"", ""[2014] 2 Cr App R 6"", ""[2014] WLR(D) 50""]; []",,"html"
"7b9b0d5a-dc61-43d4-9626-d82e18f8c8dd","South Wales Police Authority v Johnson [2014] EWCA Civ 73","[""[2014] EWCA Civ 73""]; []",,"html"
"ee5ed42e-d552-49f7-ae34-ee6ddf99593b","The United States of America v Nolan","[""[2014] EWCA Civ 71"", ""[2014] ICR 685"", ""[2014] WLR(D) 46"", ""[2014] IRLR 302""]; []",,"html"
"ee25b714-a850-4788-bcd3-623a5cbe4ede","Electro Mechanical Installations Ltd v Royal Bank of Scotland [2014] EWCA Civ 77","[""[2014] EWCA Civ 77""]; []",,"html"
"0f7a1fa3-c7d5-4b23-b9fd-705aa9574d1e","Milton Furniture Ltd v Brit Insurance Ltd [2015] EWCA Civ 671","[""[2015] EWCA Civ 671""]; []",,"html"
"96885a07-5488-476b-af41-4b56e4270911","S.C. Compania Nationala De Transporturi Aeriene Romane Tarom S.A. v Jet2.Com Ltd","[""[2014] EWCA Civ 87""]; []",,"html"
"71f2b7cd-25df-4ebe-bcd4-0839728db6ce","Re P (Findings of Fact) [2014] EWCA Civ 89","[""[2014] EWCA Civ 89""]; []",,"html"
"9d9e64cf-ca21-4d32-aeea-230c799fd0d2","Kemeh v Ministry of Defence [2014] EWCA Civ 91","[""[2014] EWCA Civ 91"", ""[2014] IRLR 377"", ""[2014] ICR 625"", ""[2014] Eq LR 259"", ""[2014] WLR(D) 59""]; []",,"html"
"20883fdd-3d62-402d-b87e-d07099a0aace","Morshead Mansions Ltd v Di Marco","[""[2014] 2 All ER 773"", ""[2014] HLR 28"", ""[2014] EWCA Civ 96"", ""[2014] L & TR 13"", ""[2014] 1 P & CR 20"", ""[2014] 1 WLR 1799"", ""[2014] WLR(D) 74"", ""[2014] CP Rep 22"", ""[2014] WLR 1799""]; []",,"html"
"160542f2-e4d6-409f-a4c3-fd1e63cc788b","Walker Construction (UK) Ltd v Quayside Homes Ltd & Or [2014] EWCA Civ 93","[""[2014] EWCA Civ 93"", ""[2014] 1 CLC 121"", ""[2014] BLR 215"", ""[2014] 3 Costs LO 362"", ""153 Con LR 26""]; []",,"html"
"3a069494-6968-477a-a4ad-002ee5f30904","Ali v Washwood Heath Technology College & Ors [2014] EWCA Civ 97","[""[2014] EWCA Civ 97""]; []",,"html"
"7a1957ec-d808-4c29-ba31-3de87fa6c2be","JG v The Lord Chancellor & Ors [2014] EWCA Civ 656","[""[2014] WLR(D) 235"", ""[2014] EWCA Civ 656""]; []",,"html"
"ffa2a492-896e-4955-9166-e7164788d06e","Wiemer v Redstone Mortgages [2014] EWCA Civ 81","[""[2014] EWCA Civ 81""]; []",,"html"
"3b28693f-e52a-4913-ae7e-c9bfc60c9dcd","3D Morden College v Secretary of State for the Home Department","[""[2014] EWCA Civ 84""]; []",,"html"
"1824a2e2-858b-4b54-b4fd-6580a8062660","Zee Entertainment Enterprises Ltd & Ors v Zeebox Ltd [2014] EWCA Civ 82","[""[2014] EWCA Civ 82""]; []",,"html"
"e0841efc-ccd5-4584-a6eb-43b4c0d281dd","SXH v Crown Prosecution Service [2014] EWCA Civ 90","[""2014] EWCA Civ 90"", ""[2014] 1 WLR 3238"", ""[2014] WLR(D) 53""]; []",,"html"
"5d7799f2-d31c-48ad-a399-fbb6860bf7fe","Khan v Secretary of State for the Home Department","[""[2014] EWCA Civ 88"", ""[2014] 1 WLR 3173"", ""[2014] Imm AR 768"", ""[2014] 2 All ER 973"", ""[2014] WLR(D) 60""]; []",,"html"
"5854584a-9e0a-4fd7-946c-ab0d937a75f6","Sharland v Sharland [2014] EWCA Civ 95 - Appeal Against Financial Provision Order","[""[2014] EWCA Civ 95"", ""[2014] 2 FCR 189""]; []",,"html"
"02127c51-bd78-4e98-8160-12d5895985d8","R (Alistair Thompson) v Oxford City Council & Anor [2014] EWCA Civ 94","[""[2014] WLR(D) 62"", ""[2014] EWCA Civ 94"", ""[2014] LLR 605"", ""[2014] WLR 1811"", ""[2014] 1 WLR 1811""]; []",,"html"
"fd26b18c-791c-454c-b969-9e2452a97a2d","Edem v The Information Commissioner & Anor","[""[2014] AACR 19"", ""[2014] EWCA Civ 92""]; []",,"html"
"add64395-7ec5-485c-a034-fab4787d04ae","ZI (Bangladesh) & Ors v Secretary of State for the Home Department","[""[2014] EWCA Civ 98""]; []",,"html"
"108bda57-d5fb-4ba9-8d12-92cd9543e030","Allison & Anor v Horner [2014] EWCA Civ 117","[""[2014] EWCA Civ 117""]; []",,"html"
"b3c7f9f0-2523-496b-9c25-962ba9f3fb17","Clark & Anor v In Focus Asset Management & Tax Solutions Ltd & Anor [2014] EWCA Civ 118","[""[2014] EWCA Civ 118"", ""[2014] WLR(D) 76"", ""[2014] 2 All ER (Comm) 159"", ""[2014] PNLR 19"", ""[2014] 1 WLR 2502"", ""[2014] 3 All ER 313"", ""[2014] 1 CLC 170"", ""[2014] Lloyd's Rep IR 437""]; []",,"html"
"90d7a223-ab0a-4dc6-b2e6-2c8123bf1c7b","Meiklejohn v St George's Healthcare NHS Trust & Anor [2014] EWCA Civ 120","[""2014] EWCA Civ 120""]; []",,"html"
"e65eac64-ec88-492d-96f3-59523b92681f","Ray v Sekhri [2014] EWCA Civ 119","[""[2014] EWCA Civ 119""]; []",,"html"
"2e6e1d58-9f2a-439b-8bf7-6da0b0d60969","Stoute v LTA Operations Ltd","[""2015] 1 WLR 79"", ""[2014] WLR(D) 212"", ""[2015] 1 All ER 131"", ""[2015] WLR 79"", ""[2015] CP Rep 1"", ""[2014] EWCA Civ 657""]; []",,"html"
"e3be15bc-b7fb-4406-b890-be6b3bbe66e8","Nelson v Circle Thirty Three Housing Trust Ltd","[""[2014] EWCA Civ 106"", ""[2014] 3 Costs LO 355""]; []",,"html"
"e5bea198-573c-437a-a0fd-b282f1674d22","Donovan & Anor v Rana & Anor [2014] EWCA Civ 99","[""[2014] EWCA Civ 99""]; []",,"html"
"9135bc1d-1215-486a-be5a-c65bc4c6ce09","Mohamud v WM Morrison Supermarkets Plc [2014] EWCA Civ 116","[""[2014] ICR D19"", ""[2014] WLR(D) 68"", ""[2014] EWCA Civ 116""]; []",,"html"
"2702fe29-d7f0-4cc6-8c3f-b840406bb7a2","Peel Land and Property (Ports No. 3) Ltd v TS Sheerness Ltd","[""[2014] EWCA Civ 100""]; []",,"html"
"b626c012-dee6-4c64-9770-137766936cd3","C (A Child), Re [2014] EWCA Civ 128","[""2014] EWCA Civ 128"", ""2014 WLR 2495"", ""2014 1 WLR 2495"", ""2014 3 FCR 627"", ""2014 Fam Law 1088""]; []",,"html"
"b84dd9be-f846-4810-aa00-ea8a9129425a","Price v Price [2014] EWCA Civ 655","[""[2014] EWCA Civ 655""]; []",,"html"
"fc52ec1b-efd2-4880-99b8-94b9816fbd39","Hines v London Borough of Lambeth [2014] EWCA Civ 660","[""[2014] 1 WLR 4112"", ""[2014] WLR 4112"", ""[2014] WLR(D) 238"", ""[2014] EWCA Civ 660"", ""[2014] HLR 32""]; []",,"html"
"0205a5d3-fad9-465d-a2e2-692b805e38d7","Olatunde v Secretary of State for the Home Department","[""2016] Imm AR 15"", ""[2015] 1 WLR 4602"", ""[2015] EWCA Civ 670"", ""[2015] WLR 4602"", ""[2015] WLR(D) 294""]; []",,"html"
"c682fc09-9ad0-47cc-b6ac-a64da2a65a15","Cox v Ministry of Justice [2014] EWCA Civ 132","[""[2014] EWCA Civ 132"", ""[2015] 1 QB 107"", ""[2014] PIQR P17"", ""[2014] ICR 713"", ""[2014] 3 WLR 1036""]; []",,"html"
"446ad8eb-b97c-4411-887b-dfbca9169cab","Re S (Children) [2014] EWCA Civ 135 - Placement Order Appeal","[""[2015] 1 FLR 130"", ""[2014] EWCA Civ 135"", ""[2015] FLR 130""]; []",,"html"
"638613f3-f321-4ccd-8055-aebfec6cec82","Ted Baker Plc & Anor v Axa Insurance UK Plc & Ors [2014] EWCA Civ 134","[""[2014] EWCA Civ 134""]; []",,"html"
"b9c1c703-7438-4ac4-8117-ad2d02aecbec","Rawlinson And Hunter Trustees SA & Ors v Akers & Anor","[""2014 EWCA Civ 136""]; []",,"html"
"da8e0704-7c0d-45d7-b3d8-579f33f3cc2a","MA (Pakistan) v Secretary of State for the Home Department [2014] EWCA Civ 163","[""[2014] EWCA Civ 163""]; []",,"html"
"07247fb7-4c2a-44a2-a829-307f14021882","McKinnon v The London Borough of Redbridge","[""[2014] EWCA Civ 178"", ""[2014] WLR(D) 97"", ""[2014] ICR 834""]; []",,"html"
"acdaf535-5b5b-4507-831e-09d9550a5793","British Telecommunications Plc v Office of Communications & Ors","[""2014] EWCA Civ 133"", ""[2014] Bus LR 713"", ""[2014] WLR(D) 79""]; []",,"html"
"51220f27-a70d-4edb-8c78-366c57e49e77","Usdaw & Anor v Ethel Austin Ltd & Ors","[""[2014] EWCA Civ 142""]; []",,"html"
"c4ebc52d-33fb-4882-8b2e-bf8493359d3c","Grocholewska-Mullins v Mullins [2014] EWCA Civ 148","[""[2014] EWCA Civ 148""]; []",,"html"
"727843c5-0d5c-4bf9-b9a0-883e7d034e8f","RWE Npower Renewables Ltd v J N Bentley Ltd [2014] EWCA Civ 150","[""2014] EWCA Civ 150""]; []",,"html"
"491ca82b-f4bc-4e1a-8bb1-34b9dee6af6e","Wall v Mutuelle De Poitiers Assurances","[""2014] WLR 4263"", ""[2014] PIQR P15"", ""[2014] WLR(D) 105"", ""[2014] 1 WLR 4263"", ""[2014] ILPr 18"", ""[2014] 1 CLC 253"", ""[2014] EWCA Civ 138"", ""[2014] 3 All ER 340"", ""[2014] CP Rep 23"", ""[2014] WLR(D) 86"", ""[2014] RTR 17""]; []",,"html"
"d1df7f93-6ec2-43c6-b077-7e14f4bdd140","Pillar Denton Ltd & Ors v Jervis & Ors [2014] EWCA Civ 180","[""[2014] EWCA Civ 180"", ""[2014] WLR(D) 94"", ""[2015] 1 CH 87"", ""[2015] 1 Ch 87"", ""[2014] 3 All ER 519"", ""[2014] 3 WLR 901"", ""[2015] CH 87"", ""[2014] 2 All ER (Comm) 826"", ""[2014] 2 BCLC 204"", ""[2014] BCC 165""]; []",,"html"
"efbb7c17-110d-4e5d-a824-48fc8679cd57","Barnwell Manor Wind Energy Ltd v East Northamptonshire District Council & Ors","[""2014] JPL 731"", ""[2014] EWCA Civ 137"", ""[2014] 1 P & CR 22"", ""[2014] 2 EGLR 85"", ""[2015] 1 WLR 45"", ""[2015] WLR 45""]; []",,"html"
"ae1194b0-a284-4b42-8aba-891a2e25b56d","Global Vision College Ltd v Secretary of State for the Home Department","[""[2014] EWCA Civ 659""]; []",,"html"
"97db4f46-95b9-4f6b-89ec-b9002fa12f07","Dwyer v The City of Westminster [2014] EWCA Civ 153","[""[2014] EWCA Civ 153""]; []",,"html"
"e8bfaeea-f647-4cc0-9dca-90712ad2cb8e","Esporta Ltd v Revenue And Customs [2014] EWCA Civ 155","[""2014"", ""STI 741"", ""EWCA Civ 155"", ""BVC 28"", ""STC 1548""]; []",,"html"
"95385a97-89c9-4dac-ba8f-3eea57d6be51","AHK & Ors, R (On the Application Of) v Secretary of State for the Home Department","[""[2014] 3 All ER 437"", ""[2014] EWCA Civ 151"", ""[2015] WLR 125"", ""[2015] 1 WLR 125""]; []",,"html"
"a4f7d2b0-3273-4662-a12a-735607147050","M (A Child), Re [2014] EWCA Civ 152","[""[2014] 2 FLR 1372"", ""[2014] EWCA Civ 152"", ""[2014] WLR(D) 92"", ""[2014] Fam Law 966"", ""[2014] 2 FCR 585""]; []",,"html"
"d97e315a-5f7e-4079-b086-d9d366c5bdaf","Hc12f01351 v Blueco Limited [2014] EWCA Civ 154","[""[2014] EWCA Civ 154""]; []",,"html"
"72b606a5-9f29-4356-b6a0-3dd1aa4776a2","SG & Ors v The Secretary of State for Work And Pensions [2014] EWCA Civ 156","[""[2014] PTSR 619"", ""[2014] WLR(D) 91"", ""[2014] EWCA Civ 156""]; []",,"html"
"1f61c546-ee6b-4400-85ff-48a3d4c6f090","JE v Secretary of State for the Home Department [2014] EWCA Civ 192","[""2014""]; []",,"html"
"d9498baa-6ca5-4a63-9766-9607e142ed92","Scopema Sarl v Scot Seat Direct Ltd [2014] EWCA Civ 187","[""[2014] EWCA Civ 187""]; []",,"html"
"efea1dc0-4284-465b-9ced-aa7cce8dd37a","Swallowfalls LTD v Monaco Yachting & Technologies S.A.M. & Anor [2014] EWCA Civ 186","[""[2014] 2 Lloyd's Rep 50"", ""[2014] EWCA Civ 186""]; []",,"html"
"3eacf81e-ebd8-4a0e-bc7c-67670eef6482","Graham v Every & Ors [2014] EWCA Civ 191","[""2014] EWCA Civ 191""]; []",,"html"
"7ccad752-5dc1-45a5-bf99-6778e2a0824c","Makudi v Baron Triesman of Tottenham [2014] EWCA Civ 179","[""[2014] EWCA Civ 179"", ""[2014] 1 QB 839"", ""[2014] 3 All ER 36"", ""[2014] 2 WLR 1228"", ""[2014] WLR(D) 98"", ""[2014] EMLR 17""]; []",,"html"
"ac344148-e9a2-4cf5-b19b-c5e802508ad3","Magmatic Ltd v PMS International Group Plc","[""2014""]; [""[2014] ECDR 20"", ""[2014] EWCA Civ 181"", ""[2014] RPC 24""]",,"html"
"b609923b-da43-4309-8ec1-889b9baea3bc","Biddick (Deceased), Representatives of the Estate of v Morcom [2014] EWCA Civ 182","[""[2014] EWCA Civ 182""]; []",,"html"
"d7b5044d-3acf-4ab2-aa67-39461933ac9d","Eclipse Film Partners No. 35 LLP v Revenue & Customs","[""2014] EWCA Civ 184""]; []",,"html"
"af98350e-e553-4a58-8a45-9d7b2067b530","Santander UK Plc v R.A. Legal Solicitors [2014] EWCA Civ 183","[""[2014] EWCA Civ 183"", ""[2014] PNLR 420""]; []",,"html"
"103e460f-484c-414a-a7f8-1d75e26eca29","Jessemey v Rowstock Ltd & Anor [2014] EWCA Civ 185","[""[2014] WLR(D) 101"", ""[2014] IRLR 368"", ""[2014] EWCA Civ 185"", ""[2014] 1 WLR 3615"", ""[2014] WLR 3615"", ""[2014] Eq LR 230"", ""[2014] 3 CMLR 24"", ""[2014] 3 All ER 409"", ""[2014] ICR 550""]; []",,"html"
"746aee76-256e-4372-b694-c726eb3af5e6","London Borough of Newham v Ali & Ors [2014] EWCA Civ 676","[""[2015] 1 All ER 63"", ""[2014] BLGR 807"", ""[2014] WLR 2743"", ""[2014] EWCA Civ 676"", ""[2014] 1 WLR 2743"", ""[2014] JPL 1236"", ""[2014] WLR(D) 223""]; []",,"html"
"68d1f7cb-6932-4b53-9baa-c6e15c9c1d06","ST & Anor v The Secretary of State for the Home Department","[""2014] EWCA Civ 188""]; []",,"html"
"8984e81b-e1c3-48d4-ad95-339c93791980","Hallam Estates Ltd & Anor v Baker","[""[2014] EWCA Civ 661""]; []",,"html"
"0b85ba33-95d2-4cf3-a08d-ed6833230187","Co-Operative Group Ltd v Baddeley [2014] EWCA Civ 658","[""[2014] EWCA Civ 658""]; []",,"html"
"461ef78b-725d-426c-94c2-6619ba45264c","Crossland v OCS Group UK Ltd & Anor [2014] EWCA Civ 678","[""[2014] EWCA Civ 678""]; []",,"html"
"c61edc5d-8b8b-41ac-ad67-52203bf2871b","Spaul v Spaul & Anor [2014] EWCA Civ 679","[""[2014] EWCA Civ 679""]; []",,"html"
"1b00756f-3518-4941-a51f-f5500a6dbcee","Darby & Darby (A Firm) v Joyce","[""[2014] EWCA Civ 677""]; []",,"html"
"21795f67-88e2-4f07-ba9a-945ae7a539ef","G (a Child), Re [2014] EWCA Civ 680","[""2014] EWCA Civ 680"", ""2014] WLR(D) 220""]; []",,"html"
"abd74fc7-d4a6-4fa8-b703-0682856b2346","Sarkar v Secretary of State for the Home Department [2014] EWCA Civ 195","[""[2014] EWCA Civ 195""]; []",,"html"
"672d3bce-7b1b-4e62-9287-4ef647ce8a4b","ITV Broadcasting Ltd & Ors v TVCatchup Ltd & Ors [2015] EWCA Civ 204","[""[2015] EWCA Civ 204""]; []",,"html"
"6f3e41f0-f855-4349-9fd1-9d2991465286","Syed & Anor, R (on the application of) v Secretary of State for the Home Department","[""[2014] EWCA Civ 196""]; []",,"html"
"91380c07-98ad-49bb-9859-4ecf1619e978","Newlyn Dean & Sons LTD v Secretary of State for Communities And Local Government [2014] EWCA Civ 193","[""2014] EWCA Civ 193""]; []",,"html"
"051ca1f8-ae87-4c43-911c-af4886faca74","R (On the Application of Ali & Ors) v Secretary of State for Justice","[""2014] EWCA Civ 194"", ""[2014] 2 All ER 1063"", ""[2014] WLR(D) 103"", ""[2014] 1 WLR 3202""]; []",,"html"
"45c3ed60-e4ee-4249-9d5a-63fd3befaa3f","Re M (A Child) [2014] EWCA Civ 226","[""2014 EWCA Civ 226""]; []",,"html"
"cf64879b-7dfd-4ce3-9785-4cc372b76bc0","Kairos Shipping Ltd & Anor v Enka & Co LLC & Ors [2014] EWCA Civ 217","[""[2014] CP Rep 28"", ""[2014] 1 Lloyd's Rep 586"", ""[2014] 1 WLR 3883"", ""2014 AMC 686"", ""[2014] WLR(D) 113"", ""[2014] 1 CLC 293"", ""[2014] 1 All ER (Comm) 909"", ""[2014] WLR 3883"", ""[2014] EWCA Civ 217""]; []",,"html"
"2eaaf060-799f-4573-a18a-86e5c14b158b","National Grid Electricity Transmission Plc v Arnold White Estates Ltd [2014] EWCA Civ 216","[""2014 CH 385"", ""2014 1 Ch 385"", ""2014 3 All ER 626"", ""2014 2 WLR 1055"", ""2014 RVR 247"", ""2014 EWCA Civ 216"", ""2014 1 CH 385"", ""2014 WLR(D) 108""]; []",,"html"
"e24cf354-c98a-480a-84b3-9df9961a12e1","Speciality Produce Ltd v The Secretary of State for Environment, Food And Rural Affairs: Costs of Judicial Review Appeal","[""[2014] EWCA Civ 225""]; []",,"html"
"e8478e32-62c4-4671-beb8-f68ac88012ef","Bailey & Anor (The Joint Liquidators of D & D Wines International Ltd) v Angove's Pty Ltd","[""[2014] EWCA Civ 215""]; []",,"html"
"eb147b00-6646-4e7b-ad72-1cedbe1c7be0","Pathania v Adedeji & Ors [2014] EWCA Civ 681","[""[2014] EWCA Civ 681""]; []",,"html"
"848fa41b-22ce-4b21-8d5c-6331689e1684","Re: R (A Child) v (2015) EWCA Civ 674","[""2015] EWCA Civ 674"", ""[2015] WLR(D) 295""]; []",,"html"
"6f322a67-9fb3-4a17-96ff-b94be2fd65b7","SA (Sri Lanka) v Secretary of State for the Home Department [2014] EWCA Civ 683","[""2014] EWCA Civ 683""]; []",,"html"
"c857497a-43c4-49ce-9abe-ccdfe82e0bea","AB v CD [2014] EWCA Civ 229","[""2014] CILL 3497"", ""[2014] CP Rep 27"", ""[2015] 1 WLR 771"", ""[2014] EWCA Civ 229"", ""[2014] 1 CLC 899"", ""[2015] WLR 771"", ""[2014] 3 All ER 667"", ""[2014] BLR 313"", ""153 Con LR 70"", ""[2014] 2 All ER (Comm) 242""]; []",,"html"
"ddd77b29-2402-442e-bbb8-f7b737d94bba","Southend-On-Sea Borough Council v Armour [2014] EWCA Civ 231","[""[2014] EWCA Civ 231""]; []",,"html"
"fcb9accb-30a6-40d0-ab79-5b7c4b9242ea","Mohamoud v Birmingham City Council","[""[2015] PTSR 17"", ""[2014] EWCA Civ 227"", ""[2014] WLR(D) 119""]; []",,"html"
"948ab674-dd25-4dd3-9ae2-e2f9efcfd5c8","Speechley & Ors v Allott & Ors [2014] EWCA Civ 230","[""[2014] EWCA Civ 230""]; []",,"html"
"4b50b26c-c21a-4d62-9fc3-0b3858f0df2c","Masih, R (on the application of) v Yousaf","[""2014] EWCA Civ 234""]; []",,"html"
"5699a187-b0d8-4bcc-b655-7c3e525cb13a","Samsung Electronics Co Ltd v Apple Retail UK Ltd & Anor [2014] EWCA Civ 250","[""2014] EWCA Civ 250"", ""[2015] RPC 3""]; []",,"html"
"0c5d4231-70ed-4a19-9f49-12721480b47c","Tan v Choy [2014] EWCA Civ 251","[""[2014] EWCA Civ 251""]; []",,"html"
"88833a93-2bad-475f-9c53-9359c3e8af8d","Daws Hill Neighbourhood Forum & Ors v Wycombe District Council","[""2014] PTSR 570"", ""2014] EWCA Civ 228"", ""[2014] JPL 866"", ""[2014] 1 WLR 1362"", ""[2014] WLR(D) 134""]; []",,"html"
"75cd17a6-e580-4030-997f-5d90babbfad8","Colwill v European Heritage Ltd [2014] EWCA Civ 238","[""[2014] EWCA Civ 238""]; []",,"html"
"a8352f6c-1990-4386-baed-b400b877ddb2","H (A Child), Re [2014] EWCA Civ 232","[""[2014] EWCA Civ 232""]; []",,"html"
"572ff279-a32e-4a07-9b6a-ab02b2990115","Reed v The Secretary of State for Communities and Local Government & Anor [2014] EWCA Civ 241","[""[2014] EWCA Civ 241""]; []",,"html"
"2c529d3c-f445-459e-ae7c-ae0fb3f24875","Duce v Worcestershire Acute Hospitals NHS Trust","[""[2014] EWCA Civ 249""]; []",,"html"
"40629bba-06c5-4cf4-b83a-bc0badbc4848","Dunnage v Randall & UK Insurance Ltd [2015] EWCA Civ 673","[""[2015] EWCA Civ 673"", ""[2016] 2 WLR 839"", ""[2016] PIQR P1"", ""[2016] QB 639"", ""[2016] MHLR 117"", ""[2015] WLR(D) 287""]; []",,"html"
"6ed0bfad-c075-478f-a09f-f6388dad5abf","Northumbrian Water Ltd v McAlpine Ltd [2014] EWCA Civ 685","[""2014] EWCA Civ 685""]; []",,"html"
"8e710548-9eab-4921-86a1-60efdc010ea6","Evans v The Information Commissioner [2014] EWCA Civ 253","[""[2014] EWCA Civ 253""]; []",,"html"
"e995d1fb-1f55-4c25-ba14-953a4392c1c7","Evans, R (On the Application Of) v The Information Commissioner","[""2014] Env LR 26"", ""[2014] EWCA Civ 254"", ""[2014] WLR(D) 124"", ""[2014] 2 WLR 1334"", ""[2014] 3 CMLR 12"", ""[2014] 3 All ER 682"", ""[2014] QB 855"", ""[2014] 1 QB 855"", ""[2014] HRLR 12""]; []",,"html"
"40648dca-f91d-4dd5-9a00-1e539e1ffc6c","Novoship (UK) LTD & Ors v Vladimir Mikhaylyuk [2014] EWCA Civ 252","[""[2014] EWCA Civ 252""]; []",,"html"
"3379d002-8535-4376-8e48-ce2c194ec9c4","Johnson v Warburtons Ltd [2014] EWCA Civ 258","[""[2014] EWCA Civ 258""]; []",,"html"
"d4b04b48-39d3-4a21-9289-872e5ca0de63","Shop Direct Group v Revenue And Customs [2014] EWCA Civ 255","[""[2014] EWCA Civ 255"", ""[2014] STI 866"", ""[2014] STC 1383"", ""[2014] BTC 11""]; []",,"html"
"3395fec9-6c95-45de-8e0c-8c2c375447da","Raleys Solicitors v Barnaby","[""[2014] EWCA Civ 686""]; []",,"html"
"d04e8a2e-4c22-4808-9c89-6ce5c3f2105a","SE (Zimbabwe) v The Secretary of State for the Home Department","[""[2014] Imm AR 855"", ""[2015] INLR 122"", ""[2014] EWCA Civ 256""]; []",,"html"
"0ec82c7e-d9a7-4c06-ab69-1e704937503a","DT (Afghanistan) v Secretary of State for the Home Department","[""[2014] EWCA Civ 259""]; []",,"html"
"66a136e2-b8b2-46db-92ce-2801c652acaf","Hoyle v Rogers & Anor [2014] EWCA Civ 257","[""[2014] CP Rep 30"", ""[2014] 3 All ER 550"", ""[2014] EWCA Civ 257"", ""[2014] 1 CLC 316"", ""[2014] 3 WLR 148"", ""[2015] 1 QB 265""]; []",,"html"
"82a5a0ba-3bdc-444d-b97e-5bb9ac9df172","Mitsui Sumitomo Insurance Co (Europe) Ltd & Ors v Mayor's Office for Policing and Crime","[""[2014] WLR(D) 230"", ""[2015] QB 180"", ""[2014] Lloyd's Rep IR 612"", ""[2014] 4 All ER 540"", ""[2014] 3 WLR 576"", ""[2014] 2 All ER (Comm) 785"", ""[2014] EWCA Civ 682"", ""[2015] 1 QB 180""]; []",,"html"
"cd495d17-4a70-4b1a-ad32-713927ce6d8e","Birmingham Hippodrome Theatre Trust Ltd v Revenue And Customs","[""[2014] STI 2223"", ""[2014] STC 2222"", ""[2014] EWCA Civ 684"", ""[2014] WLR(D) 232"", ""[2014] BVC 27"", ""[2014] WLR 3867"", ""[2014] 1 WLR 3867""]; []",,"html"
"03a65de4-a6b7-4e56-9e0a-bc069be0c3c6","Victorygame Ltd & Anor v Ahuja Investments Ltd [2021] EWCA Civ 993","[""[2021] EWCA Civ 993""]; []",,"html"
"ac6a2b6f-1a54-42c0-8530-88934ac340c6","HM Revenue and Customs v The Executors of Lord Howard of Henderskelfe","[""[2014] EWCA Civ 278"", ""[2014] 3 All ER 50"", ""[2014] STC 1100"", ""[2014] BTC 12"", ""[2014] WTLR 791"", ""[2014] 1 WLR 3902"", ""[2014] STI 1560"", ""[2014] WLR 3902""]; []",,"html"
"9a1a77a2-b17e-47c7-a98d-7190c3992471","M-M (A Child), Re [2014] EWCA Civ 276","[""[2014] EWCA Civ 276""]; []",,"html"
"2ac41710-0f44-46db-9e4e-767fef0ed3e6","Ahmed & Anor v Mustafa [2014] EWCA Civ 277","[""[2014] EWCA Civ 277""]; []",,"html"
"57df9180-ef44-44b3-9fd5-dd9e782bfd53","F (A Child), Re [2014] EWCA Civ 275","[""[2014] EWCA Civ 275""]; []",,"html"
"82a49422-be99-4571-855e-b272192f81f2","Gohil v Gohil [2014] EWCA Civ 274","[""[2014] 2 FCR 455"", ""[2015] 1 FAM 89"", ""[2014] WLR(D) 126"", ""[2015] 1 FLR 178"", ""[2014] EWCA Civ 274"", ""[2015] Fam 89"", ""[2014] Fam Law 1103"", ""[2014] 3 WLR 717"", ""[2015] 1 Fam 89""]; []",,"html"
"ef13887f-5871-4f86-a411-93d72fc4a3fa","AM (By His Father CM) v The Secretary of State for Work And Pensions","[""[2014] EWCA Civ 286""]; []",,"html"
"63e66053-83cb-4c25-98e4-c89ec5c6f2c7","Re C (N, W & H) [2014] EWCA Civ 705: Appeal Against Mother's Relocation Plan to Brazil","[""[2014] EWCA Civ 705""]; []",,"html"
"9c5985b6-eaaf-4a06-86c8-f415cd027261","Onu v Akwiwu & Anor [2014] EWCA Civ 279","[""2014 WLR 3636"", ""2014 IRLR 448"", ""2014 EWCA Civ 279"", ""2014 WLR(D) 128"", ""2014 Eq LR 243"", ""2014 1 WLR 3636"", ""2014 ICR 571""]; []",,"html"
"53f07e58-9d5f-44b8-9733-58d74b0079ff","Mahmoudi, R (On the Application Of) v London Borough of Lewisham & Anor","[""[2014] EWCA Civ 284"", ""[2014] AACR 14""]; []",,"html"
"f8c639fc-214e-478f-ab7b-cbfab921eced","Your Response Ltd v Datateam Business Media Ltd","[""2014] CP Rep 31"", ""[2014] 2 All ER (Comm) 899"", ""[2015] 1 QB 41"", ""[2014] 4 All ER 928"", ""[2014] WLR(D) 131"", ""[2014] EWCA Civ 281"", ""[2014] 3 WLR 887"", ""[2015] QB 41""]; []",,"html"
"fb2874e1-024c-4f9b-a34d-98ab5661bb6c","Simon v Byford & Ors [2014] EWCA Civ 280","[""2014] EWCA Civ 280""]; []",,"html"
"8f262401-751c-49b7-bbd4-98afb02b71d4","Shaw v HM Coroner for Leicester City & South Leicester","[""[2014] EWCA Civ 294""]; []",,"html"
"2c448fb4-eec9-41e5-a011-a7e9cc160032","Capitol Park Leeds Plc & Anor v Global Radio Services Ltd","[""[2021] EWCA Civ 995""]; []",,"html"
"1df27b64-027d-44a7-bb7a-cb5479b5f517","Palmer v. Muir [2014] EWCA Civ 309","[""[2014] EWCA Civ 309""]; []",,"html"
"38228566-f138-413e-98cf-b8c35fe9afaa","Erimus Housing Ltd v Barclays Wealth Trustees (Jersey) Ltd & Ors [2014] EWCA Civ 303","[""[2014] EWCA Civ 303""]; []",,"html"
"56e09c75-068c-4c99-b3ce-8b6bef4b8d07","Barclays Bank Plc v Unicredit Bank Ag & Anor [2014] EWCA Civ 302","[""[2014] Bus LR D15"", ""[2014] 1 BCLC 417"", ""[2014] 2 Lloyd's Rep 59"", ""[2014] EWCA Civ 302""]; []",,"html"
"13c0ab5d-fbcf-4c4e-b662-0a30391e0390","Jones & Anor v First Greater Western Ltd [2014] EWCA Civ 301","[""[2014] EWCA Civ 301""]; []",,"html"
"152d512e-e634-40f8-8180-0f911d63144d","Fons HF v Corporal Ltd & Anor [2014] EWCA Civ 304","[""[2014] EWCA Civ 304""]; []",,"html"
"5d51050c-ce2c-433e-a3a8-45863335e767","Miah v Jalil & Anor [2014] EWCA Civ 341","[""[2014] EWCA Civ 341""]; []",,"html"
"60add444-dcf6-4605-bcdf-39989239b8ed","Oredugba v Secretary of State for the Home Department [2014] EWCA Civ 702","[""[2014] EWCA Civ 702""]; []",,"html"
"f9efe1f5-bb3d-4355-859b-0546c64a84e6","Co-Operative Group Ltd v Birse Developments Ltd & Ors","[""[2014] EWCA Civ 707""]; []",,"html"
"773a6348-425c-4dc4-83f6-5f1fc3b9c1b3","VIS Trading Co Ltd v Nazarov & Anor [2014] EWCA Civ 313","[""2014] EWCA Civ 313""]; []",,"html"
"84abacd4-ac9e-4547-9c6c-c9f49ad1f96d","Anselm v Buckle & Anor [2014] EWCA Civ 311","[""2014] EWCA Civ 311""]; []",,"html"
"db0bb370-4901-44d9-b300-2d39ec128cb1","Shebelle Enterprises Ltd v The Hampstead Garden Suburb Trust Ltd","[""[2014] EWCA Civ 305""]; []",,"html"
"8f9ce51e-b08a-4283-9ed3-2c509d75ba60","Keyu & Ors v Secretary of State for Foreign & Commonwealth Affairs & Anor","[""[2014] 4 All ER 99"", ""[2015] QB 57"", ""[2014] EWCA Civ 312"", ""[2014] WLR(D) 138"", ""[2014] 3 WLR 948"", ""[2015] 1 QB 57""]; []",,"html"
"905c72ff-26ef-47ee-b964-b389c40ab89d","Asda Stores Ltd v The Commissioners for Her Majesty's Revenue And Customs","[""[2014] STC 1649"", ""[2014] EWCA Civ 317""]; []",,"html"
"2124dab9-8cdc-4d09-88c0-f5dd51fa96f0","N v N (Rev 1) [2014] EWCA Civ 314: Appeal Against Financial Provision Order on Grounds of Material Non-Disclosure","[""[2014] EWCA Civ 314""]; []",,"html"
"a86ad4ee-2e82-401c-9423-ef3b965a58f6","MWA (Afghanistan) v Secretary of State for the Home Department","[""[2014] EWCA Civ 706""]; []",,"html"
"1807571e-d28b-4af9-b181-0fe038712b01",,"[]; []",,""
"8a2d82ed-e5c9-416a-aa2a-b511da7beb8c","D (A Child) [2014] EWCA Civ 315","[""[2014] EWCA Civ 315""]; []",,"html"
"1d367ea7-d512-44af-b32f-2fd22a843299","Richards v Wood [2014] EWCA Civ 327","[""[2014] EWCA Civ 327""]; []",,"html"
"ff756e17-2829-4e6e-afd9-ed9c3c447a11","West & Anor v Ian Finlay & Associates (a firm) [2014] EWCA Civ 316","[""153 Con LR 1"", ""[2014] EWCA Civ 316"", ""[2014] BLR 324"", ""[2014] CILL 3507""]; []",,"html"
"2d88bb62-9b26-42d4-b88b-6430de264f17","Secretary of State for the Department of Energy And Climate Change v. Jones & Ors","[""[2014] 3 Costs LO 541"", ""[2014] EWCA Civ 363""]; []",,"html"
"0399dd9b-966d-4fd8-9b3d-068e54f17b81","Harrison v Madejski & Anor [2014] EWCA Civ 361","[""[2014] EWCA Civ 361""]; []",,"html"
"0c2dec27-7298-4392-ac1d-232b819b6e82","Relfo Limited v Varsani [2014] EWCA Civ 360","[""[2015] 1 BCLC 14"", ""[2014] EWCA Civ 360""]; []",,"html"
"46b339a3-e44c-4b7f-995e-4c99c823e6a7","Higson & Anor v Guenault & Anor [2014] EWCA Civ 703","[""[2014] EWCA Civ 703""]; []",,"html"
"c7c66f15-53ff-4e38-b7de-96a291999c2c","Re G (Children), 2014 EWCA Civ 336: Shared Residence Order and Parental Responsibility","[""[2014] EWCA Civ 336""]; []",,"html"
"3b2b732c-7069-4f71-b1f2-887a66a04124","Patel & Anor v Peters & Ors [2014] EWCA Civ 335","[""2014] EWCA Civ 335"", ""[2015] 1 WLR 179"", ""[2014] WLR(D) 147"", ""[2015] WLR 179""]; []",,"html"
"187b7b96-3c95-4093-96a7-389bc96a5dea","Saville v Central Capital Ltd [2014] EWCA Civ 337","[""2014] EWCA Civ 337""]; []",,"html"
"3fd15e8c-4fa9-4c85-ad33-49768aa69f0b","Bate v Aviva Insurance UK Ltd [2014] EWCA Civ 334","[""[2014] EWCA Civ 334""]; []",,"html"
"8f91b311-93e6-407c-99c7-74b668a0c63d","Gray v Gibson [2014] EWCA Civ 355","[""[2014] EWCA Civ 355""]; []",,"html"
"19d5d1d3-2d0b-4a7f-9c22-84cc6be38d49","Byndloss, R (On the Application Of) v The Secretary of State for the Home Department","[""2015] EWCA Civ 678""]; []",,"html"
"8803af6e-c670-4cfc-b88c-cd6e0d93f044","Falkonera Shipping Company v Arcadia Energy Pte Ltd, Re 'Falkonera' [2014] EWCA Civ 713","[""[2014] EWCA Civ 713""]; []",,"html"
"d3f74ddd-5d01-4b10-8568-13bf829aece1","Bayliss v Secretary of State for Communities and Local Government & Ors [2014] EWCA Civ 347","[""[2014] EWCA Civ 347""]; []",,"html"
"be9bcc4d-5c3a-4bd0-9690-e1a2c5060010","Zurich Insurance Plc v Umerji [2014] EWCA Civ 357","[""[2014] EWCA Civ 357""]; []",,"html"
"7cb12a61-33b2-4ee6-bc75-64e7413e7386","Lombard-Knight & Anor v Rainstorm Pictures Inc [2014] EWCA Civ 356","[""[2014] EWCA Civ 356"", ""[2014] Bus LR 1196"", ""[2014] 2 Lloyd's Rep 74"", ""[2014] BUS LR 1196""]; []",,"html"
"e8ecd0c1-8c1d-4310-95e7-5b211f9efd5d","Mehjoo v Harben Barker (a firm) & Anor [2014] EWCA Civ 358","[""[2014] STI 1627"", ""[2014] PNLR 24"", ""[2014] STC 1470"", ""[2014] BTC 17"", ""[2014] EWCA Civ 358""]; []",,"html"
"401260a3-7c6a-4e86-bb86-ea5c25e7c9f2","Farah v London Borough of Hillingdon [2014] EWCA Civ 359","[""[2014] EWCA Civ 359""]; []",,"html"
"3a45a727-600f-4038-b0cc-b98a245003ab","RA (A Child : Nigeria) & Anor v Secretary of State for the Home Department","[""[2015] EWCA Civ 679""]; []",,"html"
"0c30a558-b5e6-4ed2-89b8-66aa5c84ffa2","Wiltshire Council, R (On the Application Of) v Hertfordshire County Council","[""[2014] EWCA Civ 712"", ""[2014] PTSR 1066"", ""[2014] WLR(D) 229""]; []",,"html"
"482afd96-030c-4870-a985-5bfa14253804","TW v Enfield Borough Council: Appeal concerning unlawful detention pursuant to Mental Health Act 1983","[""(2014) 17 CCL Rep 264"", ""138 BMLR 66"", ""(2014) 138 BMLR 66"", ""[2014] EWCA Civ 362"", ""[2014] WLR(D) 145"", ""[2014] 1 WLR 3665"", ""[2014] WLR 3665""]; []",,"html"
"5c7cab1e-843c-4dae-94d9-a83698ef1d2e","Samsung Electronics Co Ltd v Apple Retail UK Ltd & Anor [2014] EWCA Civ 376","[""[2014] EWCA Civ 376""]; []",,"html"
"7ef6b081-c596-4da5-ab59-699badd6aa57","Rashid & Anor v Sharif & Anor [2014] EWCA Civ 377 - Boundary Dispute and Trespass","[""[2014] EWCA Civ 377""]; []",,"html"
"98f08d48-3812-4bfb-b543-7da4b6e84a80","Re B (A Child) (1980 Hague Convention Proceedings) [2014] EWCA Civ 375","[""2014] EWCA Civ 375""]; []",,"html"
"4445024a-5f65-4083-8a26-f3cf974100af","Ball v Secretary of State for Communities and Local Government [2014] EWCA Civ 372","[""[2014] EWCA Civ 372""]; []",,"html"
"76cd3a35-03e9-4300-b6c9-27ac34a88301","Ashburton Trading Ltd v Secretary of State for Communities And Local Government & Anor [2014] EWCA Civ 378","[""[2014] EWCA Civ 378""]; []",,"html"
"ec5448de-66c8-4206-b932-a7ce151a59e8","Bancoult, R (on the application of) v Secretary of State for Foreign & Commonwealth Affairs","[""[2014] WLR(D) 237"", ""[2015] 1 All ER 185"", ""[2014] EWCA Civ 708"", ""[2014] 1 WLR 2921"", ""[2014] Env LR D4""]; []",,"html"
"6c8eb083-ef93-44ce-a2df-8790057e9537","Bucci v Carman (Liquidator of Casa Estates (UK) Limited) [2014] EWCA Civ 383","[""[2014] EWCA Civ 383""]; []",,"html"
"0aae8576-1d73-49e0-b98f-f4c4be96d2b2","Niche Products Ltd v Macdermid Offshore Solutions LLC [2014] EWCA Civ 379","[""[2014] EWCA Civ 379""]; []",,"html"
"36166c1f-7b4e-4e19-9f3e-ba06d04ac22a","Smith v Secretary of State for Justice & Ors [2014] EWCA Civ 380","[""[2014] EWCA Civ 380""]; []",,"html"
"ca3cd51e-b713-4a6d-a52f-92b7e1e2bdcb","Kazakhstan Kagazy Plc & Ors v Arip [2014] EWCA Civ 381","[""[2014] 1 CLC 451"", ""[2014] EWCA Civ 381"", ""[2014] CLC 451""]; []",,"html"
"c770c530-3756-4338-9e48-8066786ad93a","Friends Life Ltd v Siemens Hearing Instruments Ltd [2014] EWCA Civ 382","[""[2014] EWCA Civ 382""]; []",,"html"
"d4eda4e7-3c4c-413e-8c41-aab98d3d76fd","M T Højgaard A/S v E.On Climate And Renewables UK Robin Rigg East Ltd & Anor [2014] EWCA Civ 710","[""2014""]; []",,"html"
"3262777c-d0e1-475a-8d47-aea4e9ac729b","Lewis v Lewis [2014] EWCA Civ 412","[""[2014] EWCA Civ 412""]; []",,"html"
"c53eb822-83c1-4be7-b1f8-3090d78abce4","W (Children) (Contact Dispute) (No. 2) [2014] EWCA Civ 401","[""[2014] EWCA Civ 401""]; []",,"html"
"b3ab437d-24ae-451b-a061-90e34e047f2c","Haining v Warrington Borough Council [2014] EWCA Civ 398","[""[2014] EWCA Civ 398"", ""[2014] AACR 28"", ""[2014] WLR(D) 152"", ""[2014] PTSR 811""]; []",,"html"
"b5095ee5-1916-4d0f-985c-48e566fd8423","Mulla v Hackney Learning Trust [2014] EWCA Civ 397","[""2014] WLR(D) 153"", ""[2014] PTSR 826"", ""[2014] EWCA Civ 397""]; []",,"html"
"ae7534b8-a683-4ec6-b2a3-ed54f6f2ade8","Sukhoruchkin & Ors v Van Bekestein & Ors [2014] EWCA Civ 399","[""[2014] EWCA Civ 399""]; []",,"html"
"b11dac16-4cbc-4088-b0ce-611229a8af81","The Office of Fair Trading v Somerfield Stores Ltd & Anor","[""[2014] EWCA Civ 400""]; []",,"html"
"801963bc-cc30-439b-88b7-27f90325110d","Houchin v Lincolnshire Probation Trust [2014] EWCA Civ 823","[""[2014] EWCA Civ 823""]; []",,"html"
"5cafcae4-7fad-401b-b7ee-f1ae488bc1ab","Edgehill & Anor v Secretary of State for the Home Department","[""[2014] Imm AR 883"", ""[2015] INLR 1"", ""[2014] EWCA Civ 402""]; []",,"html"
"b03f1f32-3717-4dfe-8fae-d0fcaecfa082","NYK Bulkship (Atlantic) N.V. v Cargill International S.A.","[""[2014] 2 Lloyd's Rep 103"", ""[2014] EWCA Civ 403""]; []",,"html"
"fc44d6e6-6cbd-49d7-b2fd-492890e5556d","LH v Shropshire Council [2014] EWCA Civ 404","[""[2014] EWCA Civ 404"", ""[2014] PTSR 1052""]; []",,"html"
"d4cf72a0-ddb2-4ce2-9413-a48273090d2c","Underwood & Anor v Mayers & Anor [2014] EWCA Civ 406","[""[2014] EWCA Civ 406""]; []",,"html"
"a1238183-4f9b-48b7-b954-44db61511bcc","MW v Hertfordshire County Council [2014] EWCA Civ 405","[""[2014] EWCA Civ 405""]; []",,"html"
"10597495-a9e3-4751-be40-2cc11f4da355","Lloyds TSB Insurance Services Ltd & Anor v Shanley [2014] EWCA Civ 407","[""[2014] EWCA Civ 407""]; []",,"html"
"75a20b14-f8c3-4078-b7f8-35b3a7d3864f","Ryanair Ltd v HM Revenue and Customs [2014] EWCA Civ 410","[""[2014] EWCA Civ 410""]; []",,"html"
"a41c9b1e-faaf-4dce-b6ae-00fb8022062e","Hone & Ors v Abbey Forwarding Ltd & Anor","[""[2014] EWCA Civ 711"", ""[2014] 3 WLR 1676"", ""[2015] Ch 309"", ""[2015] 1 Ch 309"", ""[2014] WLR(D) 236"", ""[2015] 1 CH 309""]; []",,"html"
"bf29f081-f7f0-4148-9088-d76b9c8cce53","The National Crime Agency v Namli & Anor","[""[2014] Lloyd's Rep FC 409"", ""[2014] EWCA Civ 411""]; []",,"html"
"5dc54859-cc98-4663-bba4-b611edec2344","G (A Child) [2014] EWCA Civ 432 - Adoption Proceedings Appeal","[""2014] Fam Law 946"", ""[2015] 1 Fam 223"", ""[2015] 1 FAM 223"", ""[2014] 2 FCR 151"", ""[2014] WLR(D) 159"", ""[2014] 2 FLR 525"", ""[2015] FAM 223"", ""[2014] 3 WLR 1719"", ""[2014] EWCA Civ 432""]; []",,"html"
"7c848995-f8ac-4d70-9838-204d596bad5a","Singh v Secretary of State for the Home Department [2014] EWCA Civ 438","[""2014] 1 WLR 3585"", ""[2014] WLR 3585"", ""[2014] EWCA Civ 438"", ""[2014] WLR(D) 162""]; []",,"html"
"29190db1-6f4f-49a2-84d9-84e5a2091581","Jafri v Lincoln College [2014] EWCA Civ 449","[""[2014] EWCA Civ 449"", ""[2014] IRLR 544"", ""[2014] 3 WLR 933"", ""[2014] WLR(D) 178"", ""[2014] ICR 920"", ""[2014] 3 All ER 709"", ""[2015] QB 781""]; []",,"html"
"bd2a776a-ffc2-4f04-8e04-5a2a0534a950","Honda Motor Europe Ltd & Anor v Powell & Anor [2014] EWCA Civ 437","[""[2014] EWCA Civ 437""]; []",,"html"
"44b4f6f0-287d-48af-aaba-cad12b05431e","Hunt v Optima (Cambridge) Ltd & Ors","[""[2014] BLR 613"", ""[2014] WLR(D) 363"", ""155 Con LR 29"", ""[2015] WLR 1346"", ""[2014] 2 CLC 89"", ""[2014] PNLR 29"", ""[2014] 3 EGLR 169"", ""[2015] 1 WLR 1346"", ""[2014] EWCA Civ 714""]; []",,"html"
"7b075865-0628-40ec-92d5-7672631b5b58","Magmatic Ltd v PMS International Group Plc","[""[2014] EWCA Civ 408""]; []",,"html"
"90236dc5-acb2-4799-9120-b62d5ce78a07","KK & Ors v Secretary of State for the Home Department","[""2014] EWCA Civ 415""]; []",,"html"
"28944767-9e63-420f-a8d1-d6db2adb3b16","MA (Iran) v The Secretary of State for the Home Department [2014] EWCA Civ 417","[""[2014] EWCA Civ 417""]; []",,"html"
"65bb575d-e811-428c-8989-5747bc2f29b5","Singh v Dhanji & Anor [2014] EWCA Civ 414","[""[2014] EWCA Civ 414""]; []",,"html"
"31078057-f705-4604-aa9d-eeed97ad3544","Re M (A Child) [2014] EWCA Civ 420: Appeal Against Care Order","[""[2014] EWCA Civ 420""]; []",,"html"
"c60b8551-930b-4203-8ed1-61f0f9264663","Joint Stock Company 'Aeroflot-Russian Airlines' & Ors v Gudavadze & Ors","[""[2014] EWCA Civ 431""]; []",,"html"
"d74bd270-9585-46d8-84e4-1def18ad493c","Ashdown Forest Economic Development LLP v Wealden District Council & South Downs National Park Authority","[""[2016] Env LR 2"", ""[2015] EWCA Civ 681"", ""[2016] PTSR 78"", ""[2015] JPL 1380""]; []",,"html"
"cc325dd1-63c4-4216-94ad-6b456a6b6bde","Newbound v Thames Water Utilities Ltd","[""[2015] EWCA Civ 677""]; []",,"html"
"7d28e616-3f42-447e-8d31-e8160a70e6c8","J-M (Child) [2014] EWCA Civ 434","[""[2014] EWCA Civ 434""]; []",,"html"
"2fdfa3b6-3d1a-4644-b9e6-2f97f850a87f","Valilas v Januzaj [2014] EWCA Civ 436","[""2014] EWCA Civ 436"", ""[2015] 1 All ER Comm 1047""]; []",,"html"
"b4e5eb9c-82c1-4910-beaf-c30269939bbe","Asset Land Investment Plc & Anor v The Financial Conduct Authority (FCA)","[""2014] EWCA Civ 435"", ""[2014] Bus LR 993"", ""[2015] 1 All ER (Comm) 116"", ""[2014] BUS LR 993"", ""[2015] 1 All ER 1"", ""[2014] 2 BCLC 545""]; []",,"html"
"631f9d8b-20d6-4c87-bcfd-4c2e48328f27","The Commissioners for Her Majesty's Revenue And Customs v British Telecommunications Plc [2014] EWCA Civ 433","[""[2014] STC 1926"", ""[2014] EWCA Civ 433""]; []",,"html"
"954bc480-7235-404b-aa6b-03d45cb2c36c","Beauty Star Ltd v Janmohamed [2014] EWCA Civ 451","[""[2014] EWCA Civ 451""]; []",,"html"
"411de80c-149c-4282-ac65-0d1081e7eed4","JA (Afghanistan) v Secretary of State for the Home Department","[""[2014] 1 WLR 4291"", ""[2014] EWCA Civ 450"", ""[2014] WLR 4291"", ""[2014] WLR(D) 163""]; []",,"html"
"87947281-14ba-4ca0-bed7-02d5303632e3",,"[]; []",,""
"10b41294-9d26-4c07-aec1-4139bcc3f9d7","Da Rocha-Afodu & Anor v Mortgage Express Ltd & Anor [2014] EWCA Civ 454","[""[2014] EWCA Civ 454""]; []",,"html"
"e13c50b0-90da-4688-8da4-ac5a42cf9f72","Phil & Ted's Most Excellent Buggy Company Ltd v TFK Trends for Kids GmbH & Ors","[""[2014] EWCA Civ 469""]; []",,"html"
"d8ef5edb-61a0-4b29-b510-5fe53f814e53","Secretary of State for Communities and Local Government v Hopkins Developments Ltd","[""2014 PTSR 1145"", ""2014 WLR(D) 170"", ""2014 EWCA Civ 470""]; []",,"html"
"197c27ec-5bfa-4bf9-88c5-68710e3c4cbe","DB Group Services (UK) Ltd v HM Revenue and Customs [2014] EWCA Civ 452","[""[2014] EWCA Civ 452""]; []",,"html"
"972c45e5-25da-4249-8a3c-89e79e55c74f","Tchenguiz v Director of the Serious Fraud Office [2014] EWCA Civ 472","[""2014] CP Rep 35"", ""2014] EWCA Civ 472"", ""2014] Lloyd's Rep FC 519""]; []",,"html"
"127de7d1-1e96-4936-82d9-f933bbeb8539","Collins v Secretary of State for Business Innovation and Skills & Anor","[""[2014] EWCA Civ 717""]; []",,"html"
"d2f3c96b-6b7a-42f6-8673-613201b6292d","Re F (A Child) [2014] EWCA Civ 789","[""[2014] EWCA Civ 789""]; []",,"html"
"195a2fe5-f48f-4d61-b24f-86268079be1f","Dowling & Ors v Bennett Griffin [2014] EWCA Civ 473","[""[2014] EWCA Civ 473""]; []",,"html"
"228899cf-fdf3-407a-ad5b-fde90d325b7d","Secretary of State for the Home Department v JR (Jamaica) [2014] EWCA Civ 477","[""[2014] EWCA Civ 477""]; []",,"html"
"abf5faa5-9aff-4976-adb4-d1c9c677cd8b","Calvert & Ors v Cruddas [2014] EWCA Civ 476","[""[2014] EWCA Civ 476""]; []",,"html"
"6731c2a8-92b0-4e08-8743-87237e133e21","Yeung v Potel & Anor [2014] EWCA Civ 481","[""[2014] EWCA Civ 481""]; []",,"html"
"2239bdac-2d8f-4159-aac8-7ce21f245400","Pitalia & Anor v The National Health Service Commissioning Board","[""[2014] EWCA Civ 474""]; []",,"html"
"d4b0ad0e-9866-4ae4-91ce-0eeb209c31d0","Chartwell Estate Agents Ltd v Fergies Properties SA & Anor","[""2014] EWCA Civ 506"", ""[2014] CILL 3513"", ""[2014] 3 Costs LR 588""]; []",,"html"
"451bd3ca-caf6-4717-94d8-859941566cb8","Akzo Nobel N.V. v Competition Commission & Ors [2014] EWCA Civ 482","[""[2014] BUS LR 802"", ""[2014] Bus LR 802"", ""[2014] EWCA Civ 482"", ""[2014] WLR(D) 171""]; []",,"html"
"979b8f09-db67-4037-bb54-2a5a9cc60534","Lawson v the Governing Body of Aylesford School & Anr [2014] EWCA Civ 491","[""[2014] EWCA Civ 491""]; []",,"html"
"c173b679-5d82-44ec-a600-2e361d94732f","Ghana Commercial Finance Ltd v Sawyer & Anor [2014] EWCA Civ 489","[""[2014] EWCA Civ 489""]; []",,"html"
"c31d4c82-88f9-42c8-968b-efc3ee876ec7","Figurasin & Anor v Central Capital Ltd [2014] EWCA Civ 504","[""[2014] EWCA Civ 504""]; []",,"html"
"2d0f9b23-8d26-42f2-b12f-8f35c80847f5","Joy v Joy [2014] EWCA Civ 520","[""[2014] EWCA Civ 520""]; []",,"html"
"67626a2f-87a4-4152-9dc4-dca47d64f9fb","Michael v The Official Receiver [2014] EWCA Civ 534","[""[2014] EWCA Civ 534""]; []",,"html"
"6a0a81e7-9101-4c84-960f-4216b3fa448c","Saigol v Thorney Ltd (t/a Thorney Motorsport) [2014] EWCA Civ 556","[""[2014] EWCA Civ 556"", ""[2014] 4 Costs LO 592""]; []",,"html"
"dff02271-575f-4c0d-9138-9a1bbe4a3d94","Dar Al Arkan Real Estate Development Co & Anor v Refai & Ors","[""[2014] EWCA Civ 715"", ""[2014] 1 CLC 855"", ""[2015] WLR 135"", ""[2015] 1 WLR 135"", ""[2014] WLR(D) 239""]; []",,"html"
"85ecdcd8-3fef-47c7-b2a9-dafb1987dc32","Goyal v Goyal [2014] EWCA Civ 523","[""[2014] EWCA Civ 523""]; []",,"html"
"83c90612-fd6d-494e-a7da-3a79ed21a065","Gold Harp Properties Ltd v McLeod & Ors [2014] EWCA Civ 532","[""[2014] EWCA Civ 532""]; []",,"html"
"5aa9387d-09b4-4835-a554-d3bd06a821a5","Hakki v Secretary of State for Work And Pensions & Anor [2014] EWCA Civ 530","[""[2014] EWCA Civ 530""]; []",,"html"
"f38cadeb-d94e-4995-b476-03ed47e6d696","Lee-Hirons, R v The Secretary of State for Justice & Anor [2014] EWCA Civ 514","[""[2014] EWCA Civ 514""]; []",,"html"
"48b2068c-80e9-4d0c-81f5-46a177a4c560","Burrell v Micheldever Tyre Services Ltd","[""[2014] Eq LR 418"", ""[2014] IRLR 630"", ""[2014] ICR 935"", ""[2014] WLR(D) 241"", ""[2014] EWCA Civ 716""]; []",,"html"
"06e7fdfe-c1c0-47ce-b7df-6a364ff01703","Francis v Secretary of State for the Home Department","[""[2014] WLR(D) 240"", ""[2015] 1 WLR 567"", ""[2014] EWCA Civ 718"", ""[2015] WLR 567""]; []",,"html"
"161ba597-15ee-4439-815d-9202153f4b45","Sub One Ltd v Revenue and Customs: VAT Treatment of Hot Food Supplies","[""2014] EWCA Civ 773""]; []",,"html"
"3c5549e9-90da-41e9-83b7-29d1cccde978","Gateway Plaza Ltd v White [2014] EWCA Civ 555","[""2014] EWCA Civ 555""]; []",,"html"
"431833af-3e24-4352-bf92-8a2fe4547ad6","Re KP [2014] EWCA Civ 554 - Child Abduction Case","[""2014 Fam Law 945"", ""2014 EWCA Civ 554"", ""2014 1 WLR 4326"", ""2014 WLR 4326"", ""2014 2 FCR 545"", ""2014 2 FLR 660"", ""2014 WLR(D) 181""]; []",,"html"
"35ade0aa-9d40-4031-87f2-aa25dc4544be","Lee-Hirons v The Secretary of State for Justice [2014] EWCA Civ 553","[""[2014] EWCA Civ 553"", ""[2015] QB 385"", ""[2014] WLR(D) 183"", ""[2015] 2 WLR 256"", ""[2015] 1 QB 385"", ""(2014) 138 BMLR 44""]; []",,"html"
"defd4a00-a774-466f-aae6-5190aaad7ac4","South Wales Police v Daniels & Ors [2015] EWCA Civ 680","[""[2015] EWCA Civ 680""]; []",,"html"
"2f6e33a1-8b12-43c8-8f96-e12ae90a4d33","Manolete Partners Plc v Hastings Borough Council","[""[2014] 1 WLR 4030"", ""[2014] WLR 4030"", ""[2014] BLR 389"", ""[2014] EWCA Civ 562"", ""[2014] WLR(D) 193""]; []",,"html"
"e46545cb-c5e0-4148-bb90-f3c688ed68d4","Haleemudeen v Secretary of State for the Home Department [2014] EWCA Civ 558","[""[2014] EWCA Civ 558""]; []",,"html"
"5a0f63fc-c184-41df-9b59-035b7f81a63e","ZN (Afghanistan) v Secretary of State for the Home Department","[""[2014] EWCA Civ 735""]; []",,"html"
"be73a3ce-4abe-4034-9823-011fbddbb50e","Mohamed & Anor v Secretary of State for the Home Department [2014] EWCA Civ 559","[""[2014] EWCA Civ 559"", ""[2014] 3 All ER 760"", ""[2014] 1 WLR 4240"", ""[2014] WLR(D) 187"", ""[2014] WLR 4240""]; []",,"html"
"084e2cef-06e7-42ec-842e-8c01bf70943c","Webster & Ors v Mark Liddington & Ors [2014] EWCA Civ 560","[""[2014] EWCA Civ 560""]; []",,"html"
"5cc5338f-6b4a-4f8d-8125-01fab76e56b5","Lie v Mohile [2014] EWCA Civ 728","[""[2014] EWCA Civ 728""]; []",,"html"
"20e497a2-a6cf-4eec-9655-13b0ab9cddfb","Secretary of State for the Home Department v Y [2014] EWCA Civ 754","[""[2014] EWCA Civ 754""]; []",,"html"
"9d2ede72-56fb-4cdc-88ed-d4b5d20db36d","Newham Sixth Form College v Sanders [2014] EWCA Civ 734","[""[2014] EWCA Civ 734""]; []",,"html"
"f6918392-8dcb-4a33-a0ed-da03739f245b","H (Children) [2014] EWCA Civ 733","[""2014] EWCA Civ 733""]; []",,"html"
"6bae075b-4de2-43ec-ac40-cff7d2166fc6","Algeilani v El Samawi [2021] EWCA Civ 997","[""2021] EWCA Civ 997""]; []",,"html"
"fc8294f5-ef7a-4339-aaf3-448655d5d97b","RB v Brighton & Hove City Council [2014] EWCA Civ 561","[""[2014] EWCA Civ 561""]; []",,"html"
"6883b589-6c8d-4ed3-bce7-23d4c85a1962","Re B (A Child) [2014] EWCA Civ 565: Review of Court Decision in Family Law","[""[2014] Fam Law 1087"", ""[2014] 1 WLR 4344"", ""[2014] 3 FCR 129"", ""[2014] WLR(D) 197"", ""[2014] EWCA Civ 565""]; []",,"html"
"41af7230-3a34-46c1-8f12-e67f622ff035","Davies & Anor v Davies [2014] EWCA Civ 568","[""[2014] EWCA Civ 568""]; []",,"html"
"f42492fd-8832-4f70-b315-d7597c15a5ef","Cherkley Campaign Ltd, R (on the application of) v Mole Valley District Council & Anor","[""[2014] WLR(D) 199"", ""[2014] PTSR D14"", ""[2014] EWCA Civ 567""]; []",,"html"
"b9c5a0c4-ec4e-4a48-ac27-2374ad01bf25","Ahmed v Secretary of State for Communities and Local Government & Anor [2014] EWCA Civ 566","[""[2014] EWCA Civ 566""]; []",,"html"
"a45be703-30f7-4b19-98f8-1c4ce18811a6","Tinkler & Anor v Elliott [2014] EWCA Civ 564","[""[2014] EWCA Civ 564""]; []",,"html"
"18e21778-5564-4498-bf05-9bb902cd6ebc","P, Re (Discharge of Party: Costs of Appeal) [2021] EWCA Civ 992","[""[2021] EWCA Civ 992""]; []",,"html"
"fc1a6ca2-cd21-4c6b-b0f5-eda8a1aff006","HH (Afghanistan) v Secretary of State for the Home Department","[""2014] EWCA Civ 569""]; []",,"html"
"fdbc6a3c-8f8a-46d6-bced-8407ae440500","AW Group Ltd v Taylor Walton (a firm) [2014] EWCA Civ 592","[""[2014] EWCA Civ 592""]; []",,"html"
"34c7dfa7-ffb8-4940-aeb2-139122aa5cf5","Crossland v OCS Group UK Ltd & Anor [2014] EWCA Civ 576","[""[2014] EWCA Civ 576""]; []",,"html"
"6330a4e0-745c-40fd-9360-91fd98c79b4d","Northumberland & Durham Property Trust Ltd v Ouaha [2014] EWCA Civ 571","[""2014"", ""EWCA Civ 571""]; []",,"html"
"7e7ca0bb-c5c6-4110-a900-c4e219c9a59e","TD, R (On the Application Of) v The Commissioner of Police of the Metropolis & Anor","[""[2014] EWCA Civ 585""]; []",,"html"
"cda6db07-ec06-4b5e-a750-ed6605c7fac8","R (A Child) [2014] EWCA Civ 597: Appeal of Care Orders","[""2014] EWCA Civ 597""]; []",,"html"
"a891177b-5352-44b0-a35f-3618ef216d57","Franklin v Maddison & Anor","[""2014] EWCA Civ 628""]; []",,"html"
"7705504d-479f-4fec-8b7d-3ea6faaa9f20","Surrey County Council v S [2014] EWCA Civ 601","[""2014 EWCA Civ 601""]; []",,"html"
"a459497c-093a-4d72-b603-17566d05df21","Holder v Gedling Borough Council & Ors [2014] EWCA Civ 599","[""2014] EWCA Civ 599""]; []",,"html"
"1c2abf10-4c77-473e-8f47-6f5f638e78e1","Thompson v James [2014] EWCA Civ 600","[""[2014] EWCA Civ 600""]; []",,"html"
"f009a456-b5c0-424b-ae5b-4e338f940a40","Bank St Petersburg Ojsc & Anor v Arkhangelsky & Ors (Rev 1) [2014] EWCA Civ 593","[""2014] WLR(D) 215"", ""[2014] 1 WLR 4360"", ""[2014] EWCA Civ 593""]; []",,"html"
"9ed31496-a01c-47b5-b716-821d5b55d97f","Lakatamia Shipping Company Ltd v Su & Ors: Appeal Against Modification of Freezing Order","[""[2014] EWCA Civ 636"", ""[2015] 1 WLR 291"", ""[2014] 1 CLC 68"", ""[2014] CP Rep 37"", ""[2015] WLR 291"", ""[2014] WLR(D) 216"", ""[2014] 1 CLC 688""]; []",,"html"
"dfc8581a-6316-4dc9-8418-60ef793ca190","Marlborough Knightsbridge Management Ltd v Fivaz [2021] EWCA Civ 989","[""[2021] WLR(D) 392"", ""[2021] 1 WLR 4345"", ""[2021] EWCA Civ 989""]; []",,"html"
"1212047c-730b-4a1e-8fd6-4d873bbd1b46","Hainsworth v Ministry of Defence [2014] EWCA Civ 763","[""[2014] EWCA Civ 763""]; []",,"html"
"bc9aee7e-0226-427f-b93c-b053f682df5a","Dunsfold Park Ltd v Secretary of State for Communities and Local Government & Anor [2014] EWCA Civ 627","[""[2014] EWCA Civ 627""]; []",,"html"
"ccb176da-f583-47e8-b2a6-cc3aadd7833c","Marks And Spencer Plc v BNP Paribas Securities Services Trust Company (Jersey) Ltd & Anor [2014] EWCA Civ 603","[""[2014] EWCA Civ 603""]; []",,"html"
"cc22a33e-e6c3-49a5-af89-a1a0a750ebd9","JSC BTA Bank v Ablyazov & Ors","[""[2014] WLR(D) 221"", ""[2014] EWCA Civ 602"", ""[2015] WLR 1287"", ""[2015] 1 WLR 1287""]; []",,"html"
"c4cd518c-c41e-4935-beb9-29277f5634b3","Burry & Knight Ltd & Anor v Knight [2014] EWCA Civ 604","[""[2014] WLR 4046"", ""[2014] 1 WLR 4046"", ""[2015] 1 All ER 37"", ""[2014] EWCA Civ 604"", ""[2014] WLR(D) 206"", ""[2014] BCC 393""]; []",,"html"
"3399353f-9ee4-438e-8555-a901966e632a","Forest of Dean (Friends of the Earth), R (on the application of) v Forest of Dean District Council","[""[2016] Env LR 3"", ""[2015] PTSR 1460"", ""[2015] EWCA Civ 683""]; []",,"html"
"d4f8c6ce-0a59-4c64-a5a1-d0a0bed7fce2","Razzaq v Financial Conduct Authority (FCA) [2014] EWCA Civ 770","[""[2014] EWCA Civ 770""]; []",,"html"
"f4d648d1-547f-4675-87d0-3d5bb2bb93b4","Vinayagamoorthy, R (on the application of) v NHS North London Enfield Primary Care Trust [2014] EWCA Civ 757","[""2014] EWCA Civ 757""]; []",,"html"
"40c868f9-316f-45f4-a191-902e726809ab","Wokingham Borough Council v Dunn & Anor [2014] EWCA Civ 633","[""[2014] EWCA Civ 633""]; []",,"html"
"def1016e-7d1a-4a7b-8275-5a13d97cdaaa","Church Commissioners for England v Hampshire County Council & Anor","[""2014] BLGR 706"", ""[2014] 1 WLR 4555"", ""[2014] EWCA Civ 634"", ""[2014] WLR 4555"", ""[2014] WLR(D) 207""]; []",,"html"
"566d6d6f-50c4-4af7-944b-9a4c9bcc269d","Thompson v The Renwick Group Plc","[""[2014] 2 BCLC 97"", ""[2014] EWCA Civ 635""]; []",,"html"
"67b5bada-49ef-4217-a98e-4157c25006c0","Swarovski-Optik KG v Leica Camera AG & Anor [2014] EWCA Civ 637","[""[2014] EWCA Civ 637""]; []",,"html"
"2550d8a3-d3cd-4ba4-a36b-8c9e093317fb","W (A Child) [2014] EWCA Civ 772: Appeal Against Interim Care Order","[""[2014] EWCA Civ 772""]; []",,"html"
"29a6a960-f98b-489c-82d9-4cfaac52b322","Top Brands & Anor v Sharma [2014] EWCA Civ 761","[""[2014] EWCA Civ 761""]; []",,"html"
"b4ce419f-9876-46c4-9f6a-9e62cc4d6d86","MacLeod v The Commissioner of Police for the Metropolis","[""[2015] EWCA Civ 688""]; []",,"html"
"1684f504-c1ad-40c4-a82e-f5a9e6526b06","Scotland & Anor v British Credit Trust Limited [2014] EWCA Civ 790","[""[2014] WLR(D) 252"", ""[2014] BUS LR 1079"", ""[2014] EWCA Civ 790""]; []",,"html"
"de3135ee-4025-41e6-90a2-7298ca3a4f4a","Jet2.com Ltd v Huzar [2014] EWCA Civ 791","[""2014 EWCA Civ 791"", ""2014 Bus LR 1324"", ""2014 BUS LR 1324""]; []",,"html"
"43854ca2-128c-4e23-9721-554040de6229","Haile v London Borough of Waltham Forest [2014] EWCA Civ 792","[""[2014] EWCA Civ 792"", ""[2014] WLR(D) 257"", ""[2014] PTSR 1376""]; []",,"html"
"d3e2eef5-822c-46c1-8626-378f1f494b3e","AD (Nigeria) v Secretary of State for the Home Department","[""[2015] EWCA Civ 849""]; []",,"html"
"db325f0b-3a49-4e12-859c-8dff286fc7e1","O'Connell v Rollings & Ors (Administrators of Musion Systems Ltd) [2014] EWCA Civ 806","[""[2014] EWCA Civ 806""]; []",,"html"
"96f70b64-8493-4844-8221-72252f64afaf","Tracey v Cambridge University Hospitals NHS Foundation Trust","[""[2014] WLR(D) 277"", ""[2015] QB 543"", ""(2014) 138 BMLR 1"", ""[2014] EWCA Civ 822"", ""138 BMLR 1"", ""[2014] 3 WLR 1054"", ""[2015] 1 QB 543"", ""[2014] Med LR 273""]; []",,"html"
"8869f7b6-e1e7-4b97-af0a-81cc393184c2","Europa Oil and Gas Ltd v Secretary of State for Communities And Local Government & Ors [2014] EWCA Civ 825","[""[2014] EWCA Civ 825"", ""[2014] PTSR 1471""]; []",,"html"
"1e90d02c-4436-4f0b-9737-0894549e5e19","Olympic Airlines SA v ACG Acquisition XX LLC [2014] EWCA Civ 821","[""[2014] EWCA Civ 821""]; []",,"html"
"d52606b4-a48a-46a8-ac6e-9b741b938ecc","Monfared v Chartered Society of Physiotherapy","[""[2014] EWCA Civ 828""]; []",,"html"
"a910374d-8354-452e-83e9-6b540e1ffa4f","McGartland & Anor v Secretary of State for the Home Department [2015] EWCA Civ 686","[""[2015] EWCA Civ 686""]; []",,"html"
"f4a5f3a8-c850-4b89-89a1-c990baffac43","Sarkandi & Ors v Secretary of State for Foreign and Commonwealth Affairs","[""[2015] EWCA Civ 687""]; []",,"html"
"0dfbc0a4-1c56-4752-8b71-d4963adad6d0","Spielplatz Ltd v Pearson & Anor [2015] EWCA Civ 804","[""[2015] HLR 40"", ""[2015] EWCA Civ 804""]; []",,"html"
"18a014eb-e365-4420-b07a-dfdd42f053ec","Freifeld & Anor v West Kensington Court Ltd [2015] EWCA Civ 806","[""[2015] EWCA Civ 806""]; []",,"html"
"aa7add80-5876-47ed-b916-1cfea0a8958d","Greaves v First Choice Homes Oldham Ltd [2015] EWCA Civ 810","[""[2015] EWCA Civ 810""]; []",,"html"
"524ead46-0ffe-4081-b302-58bebd31f51a","Beech & Anor v Birmingham City Council","[""2014] EWCA Civ 830""]; []",,"html"
"d536e126-40cc-442f-a765-09997d02d2c6","MP & Anor v Secretary of State for the Home Department","[""[2014] EWCA Civ 829"", ""[2014] WLR(D) 268""]; []",,"html"
"037fedaf-bb6c-4013-9ebb-6bc7192c7525","Tabbakh, R (On the Application Of) v Staffordshire And West Midlands Probation Trust & Anor","[""[2014] WLR(D) 278"", ""[2014] 1 WLR 4620"", ""[2014] EWCA Civ 827""]; []",,"html"
"1a2842d4-7738-4af0-bb6b-76665bb63dea","MI & Anor v Secretary of State for the Home Department [2014] EWCA Civ 826","[""[2014] EWCA Civ 826""]; []",,"html"
"71f74dab-a507-480e-a163-0d72426d7a18","Alpha Rocks Solicitors v Alade [2015] EWCA Civ 685","[""[2015] WLR 4534"", ""[2015] EWCA Civ 685"", ""[2015] WLR(D) 308"", ""[2015] 4 Costs LO 483"", ""[2015] 1 WLR 4534""]; []",,"html"
"9fe7ef49-0a26-468e-b75b-2ff7ec57b3d6","Lloyd & Anor v Secretary of State for Communities And Local Government & Anor [2014] EWCA Civ 839","[""[2014] EWCA Civ 839""]; []",,"html"
"220ae57b-758e-4604-bbf2-8451348f8e38","Sibir Energy Ltd & Ors v Slocom Trading Ltd & Ors [2014] EWCA Civ 831","[""[2014] EWCA Civ 831""]; []",,"html"
"6bee451b-9500-46bf-8472-4341ada4c852","GMGRM North Ltd & Ors v Ritchie (Revenue and Customs)","[""[2014] EWCA Civ 844""]; []",,"html"
"e6b55a39-0d8c-44ba-8477-9a2de8873902","Dawson v Thomson Airways Ltd","[""[2014] 2 Lloyd's Rep 399"", ""[2014] 4 All ER 832"", ""[2015] 1 All ER (Comm) 193"", ""[2014] 2 Lloyd’s Rep 399"", ""[2014] 3 CMLR 35"", ""[2015] 1 WLR 883"", ""[2014] 1 CLC 1018"", ""[2014] EWCA Civ 845"", ""[2015] WLR 883"", ""[2014] WLR(D) 279""]; []",,"html"
"e1fb6ac3-cfdf-4f76-88b1-ad4c7832ddb3","Loose v Lynn Shellfish Ltd & Ors [2014] EWCA Civ 846","[""[2014] WLR(D) 280"", ""[2014] EWCA Civ 846"", ""[2015] Ch 547"", ""[2015] 2 WLR 643""]; [""[2014] WLR(D) 280"", ""[2014] EWCA Civ 846"", ""[2015] Ch 547"", ""[2015] 2 WLR 643""]",,"html"
"1fd77f7c-1ca9-4342-9f6e-e9f8afe6785e","Taylor & Anor v Over & Anor [2014] EWCA Civ 858","[""[2014] EWCA Civ 858""]; []",,"html"
"622d5574-d476-4848-8d70-32390a5b83a2","Akhtar v Boland [2014] EWCA Civ 872","[""2014] EWCA Civ 872""]; []",,"html"
"d81be292-035f-4bbc-9d4d-c902a12d5466","A (A Child) [2014] EWCA Civ 871","[""[2014] Fam Law 1395"", ""[2014] WLR(D) 285"", ""[2014] WLR 4453"", ""[2014] EWCA Civ 871"", ""[2014] 1 WLR 4453""]; []",,"html"
"680621f1-8395-4d59-b9a6-d53f87ac8e27","B (A Child) [2014] EWCA Civ 843","[""[2015] 1 All ER 230"", ""[2015] 1 Fam 209"", ""[2015] 1 FCR 75"", ""[2014] WLR(D) 283"", ""[2015] Fam 209"", ""[2015] 1 FLR 871"", ""[2015] 2 WLR 392"", ""[2014] EWCA Civ 843"", ""[2015] 1 Fam 209"", ""[2014] 1 FCR 75"", ""[2014] Fam Law 1250""]; []",,"html"
"7096df92-bfaa-4604-a4a2-a6993eeb733b","Tidal Energy Ltd v Bank of Scotland Plc [2014] EWCA Civ 847","[""[2014] EWCA Civ 847""]; []",,"html"
"8ac5720c-af4c-4bca-a5dd-d13f9d7061ba","Re P (Children) [2014] EWCA Civ 852: Appeal for Relocation Denied","[""[2014] EWCA Civ 852""]; []",,"html"
"ad6e570d-2de3-45b5-8699-5677405528f4","B & Anor, R (on the application of) v Secretary of State for the Home Department & Anor [2014] EWCA Civ 854","[""[2014] EWCA Civ 854"", ""[2014] 1 WLR 4188"", ""[2014] WLR(D) 281"", ""[2014] WLR 4188""]; []",,"html"
"9106dcdb-cf09-4bda-8712-36474df03834","Agbenowossi-Koffi v Donvand Ltd [2014] EWCA Civ 855","[""2014 ICR D27"", ""2014 WLR(D) 282"", ""2014 EWCA Civ 855""]; []",,"html"
"8e566ae3-dccb-44ba-b99d-850d0fab8839","CF Asset Finance Ltd v Okonji [2014] EWCA Civ 870","[""2014] EWCA Civ 870""]; []",,"html"
"f3385c76-3a24-4f9a-84f0-c46f6e70510c","Devai v London South Bank University [2015] EWCA Civ 807","[""[2015] EWCA Civ 807""]; []",,"html"
"04043778-9f3f-4a73-b72e-2b2ccc3b38b5","Nelson v Wood [2014] EWCA Civ 869","[""2014] EWCA Civ 869""]; []",,"html"
"9e7d81be-0c7d-41fa-9a60-71d0f7f20c60","Interfish Ltd v Revenue And Customs","[""[2014] STI 2286"", ""[2014] EWCA Civ 876"", ""[2015] STC 55"", ""[2014] BTC 34""]; []",,"html"
"5131d81a-bfaa-423a-91bc-3f84154348b9","Re J (A Child) [2014] EWCA Civ 875 - Appeal Judgment","[""[2014] EWCA Civ 875""]; []",,"html"
"cb7fdb6e-0e78-4fc5-b9fe-0d6e1c905051","EV (Philippines) & Ors v Secretary of State for the Home Department [2014] EWCA Civ 874","[""[2014] EWCA Civ 874""]; []",,"html"
"5cbfcba5-99ba-485f-ab9a-1ca5d3825fa5","Temur v London Borough of Hackney [2014] EWCA Civ 877","[""2014] EWCA Civ 877"", ""[2015] PTSR 1""]; []",,"html"
"21aef08e-1e64-46d6-970a-6a9bfe8e9e6c","Hampton Bishop Parish Council, R (On the Application Of) v Herefordshire Council","[""[2014] EWCA Civ 878"", ""[2015] WLR 2367"", ""[2015] 1 WLR 2367""]; []",,"html"
"4f662928-b929-42cb-9871-43a3d813fcf0","Taiwo v Department for Education [2015] EWCA Civ 808","[""[2015] EWCA Civ 808""]; []",,"html"
"2241cd06-6176-4e05-914b-3483ca877bff","Power v Meloy Whittle Robinson Solicitors [2014] EWCA Civ 898","[""[2014] EWCA Civ 898""]; []",,"html"
"060ee4aa-6be5-4292-9e19-0e28ef2896a7","Walker v The Commissioner of the Police of the Metropolis","[""[2014] EWCA Civ 897"", ""[2015] 1 WLR 312"", ""[2015] 1 Cr App R 22""]; []",,"html"
"6a4cdd9b-a8f9-4e5b-b66b-0e892f3ab25d","IS v Director of Legal Aid Casework [2014] EWCA Civ 886","[""[2014] EWCA Civ 886""]; []",,"html"
"29dbdfb3-668d-449d-8cc3-555718be312b","P (A Child) (Rev 1) [2014] EWCA Civ 888","[""[2014] EWCA Civ 888""]; []",,"html"
"c0165fc5-0376-46ca-a1bf-0899d5b636ae","EG (Jamaica) v Secretary of State for the Home Department [2015] EWCA Civ 692","[""[2015] EWCA Civ 692""]; []",,"html"
"851d1bae-e32b-4680-91bc-a1f73d756bd2","CK (Afghanistan) v Secretary of State for the Home Department [2015] EWCA Civ 693","[""[2015] EWCA Civ 693""]; []",,"html"
"2609afbe-aeb9-4911-87cb-d82d5b2d7826","Mamo v London Borough of Hammersmith & Fulham [2015] EWCA Civ 695","[""[2015] EWCA Civ 695""]; []",,"html"
"f1b7d92c-3699-4908-88fa-907cb8e9df8f","Tran v Secretary of State for the Home Department","[""[2015] EWCA Civ 694""]; []",,"html"
"263eee40-14b4-40aa-8b6d-47da6b0fa9b3","Youssefi v Mussellwhite [2014] EWCA Civ 885","[""[2014] EWCA Civ 885""]; []",,"html"
"bb2c6c34-54ee-417c-a849-2ded6193ac8e","DWF LLP v Secretary of State for Business Innovation and Skills [2014] EWCA Civ 900","[""[2014] EWCA Civ 900""]; []",,"html"
"38ca50f8-6d4f-48bc-aa88-5b8227e20005","David W. Flavell Consultants Ltd v Uddin [2014] EWCA Civ 901","[""2014] EWCA Civ 901""]; []",,"html"
"cf19a05a-3e41-40dd-a53b-6b52fb96ccf3","Hone & Ors v Abbey Forwarding & Anor [2014] EWCA Civ 899","[""[2014] EWCA Civ 899""]; []",,"html"
"916fae0a-c151-4b9c-be5e-be273ab7ed52","MF v Secretary of State for the Home Department [2014] EWCA Civ 902","[""[2014] EWCA Civ 902""]; []",,"html"
"2052b702-1380-4ce6-a8ac-fcf800dfbdbb","Malone v Relyon Heating Engineering Ltd [2014] EWCA Civ 904","[""[2014] EWCA Civ 904""]; []",,"html"
"3b8b7e10-88da-4775-8e38-ce0603d9bd9c","Re S (A Child) [2015] EWCA Civ 689","[""2015] EWCA Civ 689""]; []",,"html"
"02943652-a250-44f9-84c2-7eaa9f852c7b","Environment Agency v Churngold Recycling Ltd [2014] EWCA Civ 909","[""[2014] WLR(D) 295"", ""[2014] EWCA Civ 909""]; []",,"html"
"33b908fd-8c25-4fa6-8c26-adf4c58e38e4","K v. K (A Child): Custodial Dispute and Judicial Powers","[""[2014] EWCA Civ 905""]; []",,"html"
"65f641a4-220c-457e-901e-94e8c5a54757","Bank Leumi (UK) Plc v Akrill [2014] EWCA Civ 907","[""[2014] EWCA Civ 907""]; []",,"html"
"dee9b633-992d-4d56-bcd0-9ce410effc9c","Denton & Ors v TH White Ltd & Ors [2014] EWCA Civ 906","[""[2014] 1 WLR 3926"", ""[2014] CP Rep 40"", ""[2014] BLR 547"", ""154 Con LR 1"", ""[2014] 4 Costs LR 752"", ""[2014] WLR 3926"", ""[2014] EWCA Civ 906"", ""[2015] 1 All ER 880"", ""[2014] WLR(D) 299""]; []",,"html"
"2fdeb3d5-a5cd-4c48-9438-38ffe4f4ee02","RN v Secretary of State for the Home Department [2014] EWCA Civ 938","[""[2014] EWCA Civ 938""]; []",,"html"
"a1488ff6-8217-4e83-9528-1b24a52fd7d0","Hague (Inspector of Health And Safety) v Rotary Yorkshire Ltd","[""2015] EWCA Civ 696""]; []",,"html"
"fbc2c9c1-7c97-4092-baf9-517335c4c967","Novoship (UK) Limited & Ors v Nikitin & Ors","[""[2014] WLR(D) 297"", ""[2014] EWCA Civ 908"", ""[2015] QB 499"", ""[2015] 2 WLR 526"", ""[2015] 1 QB 499"", ""[2014] WTLR 1521""]; []",,"html"
"7316db70-1a52-4424-8373-cd0cd06c5fa6","Caldero Trading Ltd v Leibson Corporation Ltd & Ors [2014] EWCA Civ 935","[""[2014] EWCA Civ 935""]; []",,"html"
"0d8ccf95-3fbc-4ab1-b7e9-1159dc324e04","J-A (Children) [2014] EWCA Civ 936","[""[2014] EWCA Civ 936""]; []",,"html"
"262e2c9d-0304-4b0e-84a7-2f61d78e8c4b","Singh v Secretary of State for the Home Department [2014] EWCA Civ 932","[""[2014] EWCA Civ 932""]; []",,"html"
"c3dea1d8-5bf5-431b-af7a-6bd718c9c42c","Q (Children) [2014] EWCA Civ 918","[""[2014] EWCA Civ 918""]; []",,"html"
"d6760c91-cf18-4be5-bdc0-5bf1789ce1a6","Kardi v Secretary of State for the Home Department [2014] EWCA Civ 934","[""[2014] EWCA Civ 934""]; []",,"html"
"fd1ff39e-59ea-40b9-a833-2aaeeb625883","KS v Neath Port Talbot County Borough Council & Ors","[""[2014] EWCA Civ 941""]; []",,"html"
"92178ae9-a37e-4337-8e6c-e575764f08d4","Evans v Wimbledon And Putney Commons Conservators [2014] EWCA Civ 940","[""[2014] EWCA Civ 940""]; []",,"html"
"3f78187a-94f8-42fd-b145-7260b11537e0","Smithton Ltd v Naggar [2014] EWCA Civ 939","[""[2015] 1 WLR 189"", ""[2015] WLR 189"", ""[2014] WLR(D) 306"", ""[2014] EWCA Civ 939"", ""[2014] BCC 482"", ""[2015] 2 BCLC 22""]; []",,"html"
"2107e55d-1518-4b1e-a11b-565d5586f249","Akpinar v Upper Tribunal (Immigration and Asylum Chamber)","[""[2014] EWCA Civ 937"", ""[2015] 1 WLR 466"", ""[2014] WLR(D) 300"", ""[2015] Imm AR 2"", ""[2015] WLR 466"", ""[2015] Imm AR 21"", ""[2015] INLR 329"", ""[2015] 2 All ER 870""]; []",,"html"
"dbb2cb5e-2c42-4fce-b087-f5bb4a221bc8","TS (Pakistan) v Secretary of State for the Home Department","[""[2015] EWCA Civ 698""]; []",,"html"
"57ed79e4-5dca-4c78-9013-80a866deaa50","Worldspreads v Foley [2015] EWCA Civ 697","[""2015""]; []",,"html"
"bbece3ed-11d4-4f68-8c60-4b9065eb5839","Chappell v Revenue & Customs [2015] EWCA Civ 702","[""[2015] EWCA Civ 702""]; []",,"html"
"7f743112-52bc-478c-9607-eaf8c46dcfc7","Calland v Financial Services Authority (FSA) [2014] EWCA Civ 954","[""[2014] EWCA Civ 954""]; []",,"html"
"ed70a00e-07d1-4bcc-ba19-9b0291138789","Christian v South East London And Kent Bus Company [2014] EWCA Civ 944","[""[2014] EWCA Civ 944""]; []",,"html"
"4d658c26-5d31-4634-8431-d7bdd200c87b","Akhtar v Boland [2014] EWCA Civ 943","[""2014] EWCA Civ 943""]; []",,"html"
"128fcec4-a66f-419a-86dc-d5d0d1ee9d2c","M & Ors v Suffolk County Council [2014] EWCA Civ 942","[""[2014] EWCA Civ 942""]; []",,"html"
"33d6e5f8-74e8-4943-afb2-837e5078a401","Colefax v First Tier Tribunal (Social Entitlement Chamber) & Anor [2014] EWCA Civ 945","[""[2014] PIQR P21"", ""[2015] 1 All ER 523"", ""[2015] 1 WLR 35"", ""[2014] WLR(D) 296"", ""[2015] WLR 35"", ""[2014] EWCA Civ 945"", ""[2015] 1 All 523""]; []",,"html"
"d0bf3fa3-0400-4056-aff0-a728d5f24e3d","Re D (Children) [2015] EWCA Civ 703","[""[2015] EWCA Civ 703""]; []",,"html"
"9d51b963-a1a2-4610-99cb-980f89f1b13f","Tallington Lakes Ltd & Ors v Larking Gowen [2014] EWCA Civ 959","[""[2014] EWCA Civ 959""]; []",,"html"
"ea70547d-214b-4fbb-b791-ab4ba2840cb8","Secretary of State for Culture, Media And Sport v BT Pension Scheme Trustees Ltd & Anor","[""[2014] EWCA Civ 958""]; []",,"html"
"db60b808-6511-4768-92cc-96356e30218e","Hamzeh & Ors v Secretary of State for the Home Department","[""[2014] EWCA Civ 956""]; []",,"html"
"17917fe0-6b56-454f-83ba-24b624256485","Greenwich Millennium Village Ltd v Essex Services Group Plc & Ors","[""156 Con LR 1"", ""[2014] EWCA Civ 960"", ""[2014] WLR(D) 309"", ""[2014] 1 WLR 3517""]; []",,"html"
"8a7414a1-9515-4294-9f60-c903a916d5cf","David Cary v Commissioner of Police for the Metropolis - Discrimination Claim","[""[2015] ICR 71"", ""[2014] EWCA Civ 987"", ""[2014] WLR(D) 320"", ""[2014] CP Rep 42"", ""[2014] Eq LR 707""]; []",,"html"
"509e9800-d78a-4f69-b0fe-7015ee64b535","R (on the application of O) v Secretary of State for the Home Department","[""2014] WLR(D) 327"", ""[2014] EWCA Civ 990"", ""[2015] 1 WLR 641"", ""[2015] WLR 641""]; []",,"html"
"e519c9af-3b69-476c-afc9-bd1d8c1c3a6a","M-F (Children) [2014] EWCA Civ 991","[""2014 EWCA Civ 991"", ""2015 WLR 909"", ""2015 1 WLR 909"", ""2014 WLR(D) 326""]; []",,"html"
"d9ac81c5-24cd-4fb5-994f-db0b98b716cf","Qongwane & Ors v Secretary of State for the Home Department","[""2014] EWCA Civ 957"", ""[2014] Imm AR 1179"", ""[2015] INLR 213""]; []",,"html"
"66ef0e4f-af5f-406d-9033-1d688a8ab299","Ojikutu v London Borough of Camden [2014] EWCA Civ 978","[""[2014] EWCA Civ 978""]; []",,"html"
"d7767a1e-ec68-4ab3-baa2-25c21d977d7d","Guildhall College Ltd v Secretary of State for Business Innovation and Skills","[""[2014] EWCA Civ 986""]; []",,"html"
"0f81fdc2-ba11-42ac-8fe5-e1aee80f8af1","IR v Secretary of State for the Home Department","[""[2014] EWCA Civ 966""]; []",,"html"
"1af2bf7d-1c9d-4822-8dea-e7af6a63ce39","MM & Ors, R (On the Application Of) v Secretary of State for the Home Department (Rev 1)","[""[2015] INLR 22"", ""[2015] WLR 1073"", ""[2015] 1 WLR 1073"", ""[2014] Imm AR 1207"", ""[2014] WLR(D) 308"", ""[2014] EWCA Civ 985""]; []",,"html"
"dc247eb5-079a-4dff-a935-e4ad6ebc9261","PJ v Secretary of State for the Home Department","[""[2015] Imm AR 68"", ""[2015] 1 WLR 1322"", ""[2014] WLR(D) 329"", ""[2014] EWCA Civ 1011"", ""[2015] WLR 1322""]; []",,"html"
"edb9880b-ba30-4e1e-a2b3-52b1d6fb2f64","Napier Park European Credit Opportunities Fund Ltd v Harbourmaster Pro-Rata Clo 2 B.V. & Ors [2014] EWCA Civ 984","[""[2014] EWCA Civ 984""]; []",,"html"
"aec7fcb5-9138-4058-b3cc-5c14379896e3","Warren v Drukkerij Flach B.V.","[""2014] EWCA Civ 993""]; []",,"html"
"69b98b86-6e4a-4c8d-8a6c-d90bb8654ba7","NA v Secretary of State for the Home Department [2014] EWCA Civ 995","[""[2014] EWCA Civ 995""]; []",,"html"
"efef769b-8417-465f-803b-c35bfa9cb77e","Mercer Limited & Anor v Ballinger & Anor [2014] EWCA Civ 996: Claimants' Right to Amend Claims Post-Limitation Period","[""[2014] WLR(D) 335"", ""[2014] Pens LR 669"", ""[2014] 1 WLR 3597"", ""[2014] EWCA Civ 996""]; []",,"html"
"83040df0-5ebd-481d-96b8-e53b37e0f97e","Starlight Shipping Company v Allianz Marine & Aviation Versicherungs AG & Ors","[""[2014] EWCA Civ 1010""]; []",,"html"
"336ddda5-1de7-47fa-a887-39e29620a7c8","West v Burton [2021] EWCA Civ 1005","[""[2021] Costs LR 693"", ""[2022] 1 WLR 742"", ""[2021] WLR(D) 379"", ""[2021] RTR 35"", ""[2022] WLR 742"", ""[2021] EWCA Civ 1005""]; []",,"html"
"7e4ce12b-bc7e-42aa-bc22-1d9b7df315ee","H, Re [2014] EWCA Civ 989 – Appeal Regarding Child's International Travel","[""[2014] EWCA Civ 989""]; []",,"html"
"f89ef7a3-b291-45fc-82e8-26d75d79a086","Ahmad v Secretary of State for the Home Department","[""[2015] Imm AR 51"", ""[2014] WLR(D) 318"", ""[2014] EWCA Civ 988"", ""[2015] 1 All ER 933"", ""[2014] 3 CMLR 45"", ""[2015] WLR 593"", ""[2015] 1 WLR 593""]; []",,"html"
"e51d9713-7672-4527-b4ca-d97aa3756447","Premier Telecom Communications Group Ltd & Anor v Webb [2014] EWCA Civ 994","[""[2014] EWCA Civ 994""]; []",,"html"
"0d2bb792-d3d9-4aed-9156-c3a5f6f3cac7","Hart & Anor v Burbidge & Anor [2014] EWCA Civ 992","[""[2014] EWCA Civ 992""]; []",,"html"
"94440970-42ba-4b1b-b4c2-7cb455608b40","Higson & Anor v Guenault & Anor [2014] EWCA Civ 1034","[""[2014] EWCA Civ 1034""]; []",,"html"
"a7fa874e-c969-4914-82c2-4d5a338f85bf","Re B (Child Evidence) [2014] EWCA Civ 1015","[""[2014] EWCA Civ 1015""]; []",,"html"
"34a10f24-72d8-417c-8b31-be3a574fcddc",,"[]; []",,""
"1bdd4bee-38b7-4426-be9b-a3ba6439eb32",,"[]; []",,""
"a096e05a-4c69-4dcc-85ad-e7ed8a2e8b2c","Commissioner of Police of the Metropolis v Copeland [2014] EWCA Civ 1014","[""2014""]; [""[2015] 3 All ER 391""]",,"html"
"fb172418-08c3-4917-be83-86d8e210d7e6","Prophet Plc v Huggett [2014] EWCA Civ 1013","[""[2014] EWCA Civ 1013""]; []",,"html"
"e4dd8edb-6d88-455c-ae10-cb2640fc2502","Austin v Miller Argent (South Wales) Ltd [2014] EWCA Civ 1012","[""2015] 2 All ER 524"", ""[2014] WLR(D) 331"", ""[2014] 3 EGLR 1"", ""[2015] 1 WLR 62"", ""[2015] Env LR 6"", ""[2015] WLR 62"", ""[2014] LLR 663"", ""[2014] EWCA Civ 1012""]; []",,"html"
"0b406128-e466-4640-807e-a1bc75fd7b00","Airtours Holidays Transport Ltd v Revenue and Customs","[""2014] EWCA Civ 1033"", ""[2014] STI 2521"", ""[2014] BVC 32"", ""[2015] STC 61""]; []",,"html"
"79ac9104-d023-4589-82c4-577d1cfc4c14","Gray v Botwright [2014] EWCA Civ 1201","[""[2014] EWCA Civ 1201""]; []",,"html"
"a793d84a-001d-4173-9b9c-113d1d13494a","Thomas v Dawson & Anor [2015] EWCA Civ 706","[""[2015] EWCA Civ 706""]; []",,"html"
"0ae86dd6-5deb-4db7-95fb-0f0d55c69fa7","Wearn (t/a Jonathan Wearn Productions) v HNH International Holdings Ltd & Anor","[""2015] EWCA Civ 704""]; []",,"html"
"02592aeb-8641-4243-a14e-47060a39b93a","Re (A Child: Habitual Residence) [2014] EWCA Civ 1032","[""[2014] EWCA Civ 1032""]; []",,"html"
"2a00b0bb-4a34-4dda-a16b-acd38a216923","Aslam v Aviva Insurance Group","[""[2014] EWCA Civ 1043""]; []",,"html"
"45064d12-1e68-4ef8-81c8-a9d9dea90eb3","Heritage Oil And Gas Ltd & Anor v Tullow Uganda Ltd","[""[2014] EWCA Civ 1048""]; []",,"html"
"c8113bd1-0236-4456-a121-636dbc384522","Crawford v Jenkins [2014] EWCA Civ 1035","[""2014] EWCA Civ 1035"", ""[2015] 3 WLR 843"", ""[2016] QB 231"", ""[2015] 1 All ER 476"", ""[2014] EMLR 29""]; []",,"html"
"f3653358-ef54-42ba-a23a-c3e90b25c54a","McDonald v McDonald & Anor [2014] EWCA Civ 1049","[""2014] EWCA Civ 1049"", ""[2015] 1 Ch 357"", ""[2014] BPIR 1270""]; []",,"html"
"9e756e1e-0aa3-4c4a-a25d-e2856c41b0c9","Patel v Mirza [2014] EWCA Civ 1047 - Illegality in Insider Trading Agreement","[""[2015] 1 All ER 326"", ""[2015] 1 Ch 271"", ""[2014] Lloyd's Rep FC 561"", ""[2015] 2 All ER (Comm) 1"", ""[2015] 1 CH 271"", ""[2014] WTLR 1567"", ""[2015] 2 WLR 405"", ""[2015] LLR 133"", ""[2015] 1 BCLC 256"", ""[2014] WLR(D) 337"", ""[2015] CH 271"", ""[2014] EWCA Civ 1047""]; []",,"html"
"eeaff854-b894-408d-af14-30de6aeb2e39","Re S-B (Children) [2015] EWCA Civ 705","[""[2015] EWCA Civ 705""]; []",,"html"
"4d2af64c-c279-4b86-a60a-8fc8f89b9d24","McMillan v Airedale NHS Foundation Trust","[""[2015] ICR 747"", ""[2014] EWCA Civ 1031"", ""[2014] IRLR 803""]; []",,"html"
"99dca792-26d3-4e44-9cce-0419d6a1d62f","Sloan v The Governors of Rastrick High School [2014] EWCA Civ 1063","[""[2014] EWCA Civ 1063""]; []",,"html"
"d62e4824-9a15-47d1-aa7b-cc17d4f5c74e","DE v AB [2014] EWCA Civ 1064 - Court of Appeal Ruling on Application for Private Hearing and Public Interest","[""2014] EWCA Civ 1064""]; []",,"html"
"810fd38a-a0d0-4f64-9aac-29f8651384cf","J, R (On the Application Of) v Leicestershire County Council","[""[2014] EWCA Civ 1059""]; []",,"html"
"fb1a7919-1425-48f3-a1be-d484b735c6ee","Browning v The Information Commissioner & Anor","[""[2014] WLR(D) 346"", ""[2014] EWCA Civ 1050"", ""[2014] WLR 3848"", ""[2014] 1 WLR 3848""]; []",,"html"
"43ef5de1-aec0-41aa-83ef-7f2ecf54e8b8","Revenue and Customs v Lloyds TSB Equipment Leasing (No 1) Ltd [2014] EWCA Civ 1062","[""[2014] EWCA Civ 1062""]; []",,"html"
"0c6c0283-f6eb-4899-994d-9f6c590ba5f1","The South West Strategic Health Authority v Bay Island Voyages [2015] EWCA Civ 708","[""[2015] EWCA Civ 708"", ""[2016] 1 All ER (Comm) 821"", ""[2016] 2 WLR 649"", ""[2015] 2 Lloyd's Rep 652"", ""[2016] 4 All ER 107"", ""[2016] QB 503""]; []",,"html"
"6b964b74-0beb-4873-af30-66e2731cb1de","Poshteh v Royal Borough of Kensington And Chelsea","[""2015] EWCA Civ 711"", ""[2015] HLR 36"", ""[2015] CN 1222""]; []",,"html"
"318d698e-d9f2-4484-8c71-9ca408e07ea8","W (Children) [2014] EWCA Civ 1065: Appeal Against Residence Order","[""2015] 1 FLR 949"", ""[2014] EWCA Civ 1065""]; []",,"html"
"4ab7a4ed-0c58-4591-92bc-242298ad4467","Aster Communities Ltd v Akerman-Livingstone [2014] EWCA Civ 1081","[""2014 EWCA Civ 1081"", ""2014 1 WLR 3980"", ""2014 WLR(D) 350"", ""2014 HLR 44""]; []",,"html"
"6260a635-4281-4a76-8dff-e344d54d5b74","Lim v Walia [2014] EWCA Civ 1076","[""[2014] Fam Law 1517"", ""[2015] 1 Ch 375"", ""[2015] 1 CH 375"", ""[2015] CH 375"", ""[2015] 1 All ER 902"", ""[2015] WTLR 69"", ""[2014] WLR(D) 339"", ""[2014] EWCA Civ 1076"", ""[2015] 2 WLR 583"", ""[2014] 3 FCR 284"", ""[2015] 2 FLR 339""]; []",,"html"
"a86c8039-4dcd-41c2-bbee-f72673a10ba2","Rotherham Borough Council & Ors v Secretary of State for Business, Innovation And Skills","[""[2014] EWCA Civ 1080"", ""[2014] PTSR 1387"", ""[2014] WLR(D) 338""]; []",,"html"
"b55f1dc5-1dc9-4163-883c-9c7174aa3672","Kanu v London Borough of Southwark [2014] EWCA Civ 1085","[""[2014] EWCA Civ 1085"", ""[2014] PTSR 1197"", ""[2014] WLR(D) 344""]; []",,"html"
"e95dca2a-db55-4648-91d9-3510528639fd","Drysdale v The Department of Transport (The Maritime And Coastguard Agency) [2014] EWCA Civ 1083","[""2015 ICR D2"", ""2014 EWCA Civ 1083""]; []",,"html"
"a843b369-e386-4fe0-a9cb-585a65048cc1","Regent Wealth Ltd & Ors v Wiggins [2014] EWCA Civ 1078","[""2015] WLR 1188"", ""2014 L &TR 29"", ""2014 WLR(D) 352"", ""2014 3 EGLR 157"", ""2014 HLR 45"", ""2015 1 WLR 1188"", ""2014 EWCA Civ 1078""]; []",,"html"
"d634cff6-eb27-4138-9add-d9464d475712","Innes v Information Commissioner & Anor","[""[2014] EWCA Civ 1086"", ""[2015] 2 All ER 560"", ""[2014] WLR(D) 358"", ""[2015] WLR 210"", ""[2015] 1 WLR 210""]; []",,"html"
"994b2872-f2d8-47ef-8cfd-d763859cc151","Re H (Jurisdiction) [2014] EWCA Civ 1101","[""2014] EWCA Civ 1101"", ""[2014] 3 FCR 405"", ""[2015] WLR 863"", ""[2015] 1 WLR 863"", ""[2014] WLR(D) 343"", ""[2014] Fam Law 1523"", ""[2015] 1 FLR 1132""]; []",,"html"
"90ace606-9719-4c70-b48f-62a362c62637","Grace, R (On the Application Of) v Secretary of State for the Home Department","[""[2014] WLR(D) 249"", ""[2014] WLR 3432"", ""[2014] EWCA Civ 1091"", ""[2014] 1 WLR 3432""]; []",,"html"
"ffffa4a7-b9ef-416d-87a7-a61500fbc72f","Hussein v Secretary of State for Defence [2014] EWCA Civ 1087","[""2014 WLR(D) 361"", ""2014 EWCA Civ 1087""]; []",,"html"
"46a37196-4d76-45b8-bbe2-7c9ca8f38f3b","Landau v The Big Bus Company Ltd & Anor [2014] EWCA Civ 1102","[""2014] EWCA Civ 1102""]; []",,"html"
"3b44a16a-76b8-49d4-8f00-6e1767c46005","Khan v Royal Mail Group Ltd & Ors [2014] EWCA Civ 1082","[""[2014] EWCA Civ 1082""]; []",,"html"
"85aa9516-f18a-48ad-88c2-fc96f4bda001","Gold Harp Properties Ltd v Macleod & Ors [2014] EWCA Civ 1084","[""2014] WLR(D) 345"", ""[2015] WLR 1249"", ""[2014] 3 EGLR 133"", ""[2014] EWCA Civ 1084"", ""[2015] 1 WLR 1249""]; []",,"html"
"70918b88-b0dd-4643-b75e-10d84bdebb17","Greenstein v Campaign Against Antisemitism","[""[2021] EMLR 24"", ""[2021] EWCA Civ 1006""]; []",,"html"
"e049f499-a569-49e1-96f9-8398b9364160","Tidal Energy Ltd v Bank of Scotland Plc","[""[2014] WLR(D) 369"", ""[2014] BUS LR 1167"", ""[2014] EWCA Civ 1107"", ""[2014] Bus LR 1167""]; []",,"html"
"932aa6dd-f5b7-4e7c-b7e8-6438606065ad","Prince Abdulaziz v Apex Global Management Ltd & Anor [2014] EWCA Civ 1106","[""[2014] EWCA Civ 1106""]; []",,"html"
"10740c81-5751-47ed-be62-0d3414074afd","Wagenaar v Weekend Travel Ltd [2014] EWCA Civ 1105","[""2016] 1 All ER 643"", ""[2014] PIQR P23"", ""[2014] 5 Costs LO 803"", ""[2015] WLR 1968"", ""[2014] EWCA Civ 1105"", ""[2014] WLR(D) 389"", ""[2014] CP Rep 46"", ""[2015] 1 WLR 1968""]; []",,"html"
"060fb5e3-4e14-487d-89e2-170c04ebf40c","Gaurilcikiene v Tesco Stores Ltd [2014] EWCA Civ 1213","[""[2014] EWCA Civ 1213""]; []",,"html"
"99564e72-db20-4ba1-b007-f666fe9bc449","Sebastian Holdings, Inc v Deutsche Bank AG [2014] EWCA Civ 1100","[""2014] EWCA Civ 1100""]; []",,"html"
"7e72208e-c071-43db-9c8c-05ced0e9c527","CLP Holding Company Ltd v Singh & Anor","[""2014] 3 EGLR 101"", ""[2014] EWCA Civ 1103"", ""[2014] BVC 40"", ""[2014] STI 3023"", ""[2015] STC 214""]; []",,"html"
"afccc4f6-c497-4e42-b5c4-227c8d431dda","Mahmud, R (On the Application Of) v Upper Tribunal (Immigration and Asylum Chamber)","[""[2021] EWCA Civ 1004""]; []",,"html"
"aa9aa1fa-4446-4760-b31e-e6adbf1d60f1","Maistry v British Broadcasting Corporation [2014] EWCA Civ 1116","[""[2014] EWCA Civ 1116""]; []",,"html"
"becdba2a-5be2-4676-87f6-374dd73810ab","An Taisce (The National Trust for Ireland), R (on the Application of) v The Secretary of State for Energy and Climate Change & Anor","[""[2014] WLR(D) 367"", ""[2015] PTSR 189"", ""[2014] EWCA Civ 1111""]; []",,"html"
"c647a047-4275-4993-8783-45abb26d3d78","KP Turkey, R (On the Application Of) v Secretary of State for the Home Department","[""[2014] WLR(D) 359"", ""[2014] EWCA Civ 1109""]; []",,"html"
"3d70069c-7c28-4cba-8f35-93ad0d0b0c51","Re R (Children) [2014] EWCA Civ 1110 - Appeal on Placement Orders","[""[2014] EWCA Civ 1110""]; []",,"html"
"78c6911e-eb43-451f-8e2f-9d67dda17b7b","Sunico A/S & Ors v Revenue and Customs","[""[2014] EWCA Civ 1108""]; []",,"html"
"dcdaa77b-e6ee-4af5-b39c-1dc5161c0750","Iliffe & Anor v Feltham Construction Ltd & Ors [2015] EWCA Civ 715","[""[2015] EWCA Civ 715""]; []",,"html"
"696920f2-ee2d-404f-a43f-698a44a1abb4","Gleeson Developments Ltd v Secretary of State for Communities and Government & Ors [2014] EWCA Civ 1118","[""[2014] PTSR 1226"", ""[2014] EWCA Civ 1118""]; []",,"html"
"bb93594c-f69d-4c0e-a339-98475afd036f","Winsor v Vale [2014] EWCA Civ 1125","[""[2014] EWCA Civ 1125""]; []",,"html"
"ec35a9e8-ef9f-4f01-b873-c59e2d81807e","Rawlinson And Hunter Trustees S.A. & Ors v Director of the Serious Fraud Office [2014] EWCA Civ 1129","[""2015 WLR 797"", ""2014 CP Rep 45"", ""2015 1 WLR 797"", ""2014 EWCA Civ 1129""]; []",,"html"
"305348c5-820a-4f29-8024-55b80471b515","IG Index Ltd v Cloete [2014] EWCA Civ 1128","[""2014 CP Rep 44"", ""2015 ICR 254"", ""2014 WLR(D) 360"", ""2014 EWCA Civ 1128""]; []",,"html"
"2580e2fd-b358-469f-b94a-a83b12a8ae19","Shafi v Rutherford [2014] EWCA Civ 1186: Expert Determination in Share Sale Dispute","[""[2014] EWCA Civ 1186""]; []",,"html"
"730d4ee2-9512-46cc-bbcb-e7a322dffb55","MB v Secretary of State for Work And Pensions [2014] EWCA Civ 1112","[""2014 ICR 1129"", ""2014 WLR(D) 355"", ""2014 EWCA Civ 1112""]; []",,"html"
"65eb2911-0cb6-4cff-8074-0f7b169c2e75","Seakom Ltd & Anor v Knowledgepool Group Ltd","[""[2014] EWCA Civ 1164""]; []",,"html"
"963a8ecb-f41c-4748-ae14-5720b8ae5004","Garnham v Millar & Ors [2014] EWCA Civ 1168","[""[2014] EWCA Civ 1168""]; []",,"html"
"4452cb34-8ff7-4a2e-bd6e-abd9b771b032","Sparling v Norman & Anor [2014] EWCA Civ 1152","[""[2014] EWCA Civ 1152""]; []",,"html"
"23bde5bb-fddf-4733-8e62-67c67cb687e1","Kelly v Miller & Ors [2014] EWCA Civ 1151","[""[2014] EWCA Civ 1151""]; []",,"html"
"a49ff986-986a-4b71-80ba-8e09c842b1c0","Prest v Prest [2015] EWCA Civ 714","[""[2015] EWCA Civ 714""]; []",,"html"
"c5bd062e-1e43-4aef-9dd3-8a64a92ef69b","Mackman v The Secretary of State for Communities And Local Government, Uttlesford District Council, Redrow Homes (Eastern) Ltd","[""2015] JPL 1370"", ""[2016] Env LR 6"", ""[2015] EWCA Civ 716""]; []",,"html"
"56c1c8c6-10a1-4a04-89cf-6a0c21e46cb0","Goss v BM Samuels Finance Group Plc","[""[2015] EWCA Civ 809""]; []",,"html"
"6cf773c1-5b67-4073-956f-031ee8f2d52c","Young v Anglo American South Africa Ltd & Ors","[""2014] WLR(D) 370"", ""[2014] EWCA Civ 1130""]; []",,"html"
"6432249e-27b7-417b-aafc-af99be5f4fde","Shield v Shield [2014] EWCA Civ 1136","[""[2014] EWCA Civ 1136""]; []",,"html"
"5ca100db-da4c-4fe9-b820-352e8450beed","PNM v Times Newspapers Ltd and Ors [2014] EWCA Civ 1132","[""2014"", ""CP Rep 48"", ""2014"", ""EWCA Civ 1132"", ""2014"", ""EMLR 30"", ""2015"", ""1 Cr App R 1"", ""2014"", ""WLR(D) 371""]; []",,"html"
"cedbab2b-041c-4c8e-8046-671345859014","B & Anor, Re [2014] EWCA Civ 1133","[""2014] EWCA Civ 1133""]; []",,"html"
"2a81dd18-0dc9-41b3-9862-69d08cffe3c2","Baturina v Chistyakov [2014] EWCA Civ 1134","[""[2014] EWCA Civ 1134""]; []",,"html"
"c59ce0a6-7f14-4e8e-a27c-7b481898abd1","In the Matter of JA (A Minor) and the NHS Trust & Local Authority Applications","[""[2014] EWHC 1135 (Fam)""]; []",,"html"
"d375ddad-2cf0-46ea-b230-1e083cf8af7b","Obrascon Huarte Lain SA v HM Attorney General for Gibraltar [2015] EWCA Civ 712","[""[2015] EWCA Civ 712""]; []",,"html"
"e6d88911-81f6-475f-9517-d55db94ad8a2","Drax Power Ltd, R (On the Application Of) v Secretary of State for Energy And Climate Change","[""[2014] EWCA Civ 1153""]; []",,"html"
"ea179fd6-9cc0-4327-b94e-9bdff9e46c0c","Kadir v Mistry & Ors [2014] EWCA Civ 1177","[""[2014] EWCA Civ 1177""]; []",,"html"
"56ae79e6-ad0c-4fa5-8200-d421b7885312","Re B (Children: Long Term Foster Care) [2014] EWCA Civ 1172","[""2014] EWCA Civ 1172""]; []",,"html"
"82409dfe-c7ad-414c-a9bc-977925d6f33e","Accg & Anor v MN [2014] EWCA Civ 1176","[""[2014] EWCA Civ 1176""]; []",,"html"
"46c7d199-c46f-4e3d-b02b-3fcfd78d310d","G (A Child) [2014] EWCA Civ 1173","[""2014] EWCA Civ 1173""]; []",,"html"
"ca1455fc-014a-4ff0-a964-4afba6414e2c","P (A Child) [2014] EWCA Civ 1174 - Step-Parent Adoption Appeal","[""2015] 1 FLR 1327"", ""[2015] 1 WLR 2927"", ""[2014] Fam Law 1512"", ""[2014] 3 FCR 193"", ""[2014] EWCA Civ 1174"", ""[2014] WLR(D) 381""]; []",,"html"
"00f3952f-5803-44b1-9f19-8470e91a8a8e","The BT Pension Scheme (Trustees of) v HM Revenue and Customs","[""2015] EWCA Civ 713"", ""[2015] BTC 22"", ""[2015] STI 2450"", ""[2016] STC 66""]; []",,"html"
"0100e8ab-7ece-4317-a9d8-7d844a806bf7","K & KT (Children) [2014] EWCA Civ 1211","[""[2014] EWCA Civ 1211""]; []",,"html"
"19c12170-04d0-4af5-a7c9-ceabecfb7610","K (Children) [2014] EWCA Civ 1195: Appeal Against Interim Care Orders","[""[2014] EWCA Civ 1195""]; []",,"html"
"3844cae4-3513-4c14-96a2-d7c8edd921f7","A-M (A Child : 1980 Hague Convention) [2021] EWCA Civ 998","[""[2021] EWCA Civ 998""]; []",,"html"
"90b41f43-7b08-4c7e-8643-5a1b6c5eb51c","Sugarman & Ors v CJS Investments LLP & Ors [2014] EWCA Civ 1239","[""[2014] EWCA Civ 1239""]; []",,"html"
"61dd8025-2416-42b9-91eb-a789f5f98110","Creditsights Ltd v Dhunna [2014] EWCA Civ 1238","[""2015 ICR 105"", ""2014 WLR(D) 404"", ""2014 EWCA Civ 1238"", ""2014 IRLR 953""]; []",,"html"
"6fd8a5d6-c522-4ae5-b1e3-25d4dc861e8f","Tindall Cobham 1 Ltd & Ors v Adda Hotels (An Unlimited Company) & Ors [2014] EWCA Civ 1215","[""2014] EWCA Civ 1215""]; []",,"html"
"02409749-c305-4c56-ad34-3447c9c2371b","Tigere, R (On the Application Of) v Secretary of State for Business, Innovation And Skills","[""[2014] EWCA Civ 1216""]; []",,"html"
"abb3abd3-a4b2-4d42-adc3-110706af9c6d","Inland Revenue & Anor v Test Claimants In the Franked Investment Income Group Litigation [2014] EWCA Civ 1214","[""[2014] EWCA Civ 1214""]; []",,"html"
"0b431757-5942-43c0-a4b7-dee7deedf8a3","Clydesdale Bank Plc v Duffy [2014] EWCA Civ 1260","[""[2014] EWCA Civ 1260""]; []",,"html"
"24bccfff-262b-4b52-a529-b14d74bf7514","Eyitene v Wirral Metropolitan Borough Council [2014] EWCA Civ 1243","[""[2014] EWCA Civ 1243""]; []",,"html"
"655339b4-3d16-45b5-be53-94b20674ac04","Coward v Phaestos Ltd & Ors [2014] EWCA Civ 1256","[""[2014] EWCA Civ 1256""]; []",,"html"
"265b1664-3357-412b-8dc0-ec43e4a6f2a2","Day v Tiuta International Ltd & Anor [2014] EWCA Civ 1246","[""[2014] EWCA Civ 1246""]; []",,"html"
"13861f9a-9967-483b-a2af-0ab8fd445dd2","Detention Action, R (on the Application of) v Secretary of State for the Home Department","[""[2014] WLR(D) 426"", ""[2014] EWCA Civ 1270""]; []",,"html"
"12c36c52-a68c-47c2-8499-089a2f67bf5c","Griffin v Plymouth Hospital NHS Trust [2014] EWCA Civ 1240 - Employment Appeals","[""(2015) 141 BMLR 236"", ""[2014] IRLR 962"", ""[2014] EWCA Civ 1240"", ""141 BMLR 236"", ""[2014] Pens LR 689"", ""[2015] ICR 347""]; []",,"html"
"e6a0c769-f2c2-4097-867a-9be34d7413cb","Tunnel Tech Ltd v Reeves (Valuation Officer) [2015] EWCA Civ 718","[""[2015] WLR(D) 301"", ""[2015] EWCA Civ 718"", ""[2015] PTSR 1490""]; []",,"html"
"7e7029be-e718-45b3-bce9-7436b37c89b5","Laville v CWM TAF Local Health Board [2015] EWCA Civ 812","[""[2015] EWCA Civ 812""]; []",,"html"
"284b98d6-8280-4ca9-b65c-9d1d257d9288","Onabule v Secretary of State for the Home Department","[""[2015] EWCA Civ 813""]; []",,"html"
"2db12e51-9607-4a71-bb08-7987f24921f2","Vylegzhanin v Secretary of State for the Home Department [2015] EWCA Civ 817","[""[2015] EWCA Civ 817""]; []",,"html"
"ba6f9a84-6d6f-42d8-9e6f-9c6f63e4ba51","Kingley Developments Ltd v L Brundenell & E L Elcock [2015] EWCA Civ 823","[""[2015] EWCA Civ 823""]; []",,"html"
"d60a5323-796e-4110-a6de-012ec16860c1","The Howard League for Penal Reform and Prisoners' Advice Service v The Lord Chancellor","[""[2015] EWCA Civ 819""]; []",,"html"
"90f8b18f-1e00-4177-9cfb-1304fdbc0a97","Bayliss v The Parole Board of England & Wales [2014] EWCA Civ 1268","[""[2014] EWCA Civ 1268""]; []",,"html"
"a1e59a81-698a-42be-b288-f1a971fdd882","Zarbafi v Zarbafi & Ors [2014] EWCA Civ 1267","[""[2014] 1 WLR 4122"", ""[2014] WLR(D) 411"", ""[2014] EWCA Civ 1267""]; []",,"html"
"720cde29-16c8-41e8-9899-7ac2abcb1cc1","FI v Secretary of State for the Home Department [2014] EWCA Civ 1272","[""2014] EWCA Civ 1272"", ""[2014] WLR(D) 419""]; []",,"html"
"6d61255d-47b5-4dd9-aed3-4fb7eaed4d29","United Company Rusal Plc, R (on the application of) v The London Metal Exchange","[""[2014] WLR(D) 414"", ""[2014] EWCA Civ 1271"", ""[2015] 1 WLR 1375""]; []",,"html"
"89eec5b0-6a53-4135-8ab9-17e062417bff","Cornelius v Dubai Islamic Bank PJSC","[""2014] EWCA Civ 1274""]; []",,"html"
"9b8ceaa1-8f8b-460b-8fa7-2e452fe1162b","Re K (1980 Hague Convention) (Lithuania) [2015] EWCA Civ 720","[""2015] EWCA Civ 720""]; []",,"html"
"65cd4656-b4bb-47e9-82c4-a6ba99d3f06d","Begum v Hossain & Anor [2015] EWCA Civ 717","[""[2015] EWCA Civ 717""]; []",,"html"
"3dcf6832-78fc-4a5c-892c-4f08b778e217","OPO v MLA & Anor [2014] EWCA Civ 1277","[""[2014] WLR(D) 422"", ""[2014] EWCA Civ 1277""]; []",,"html"
"87fe7360-158a-49e4-8725-7a68e18ba9ac","Coventry University v Mian [2014] EWCA Civ 1275","[""[2014] EWCA Civ 1275""]; []",,"html"
"734f2ab0-d552-4fa2-a4b6-0a889fc6c94f","Ajilore v London Borough of Hackney: Vulnerability Assessment Under Housing Act 1996","[""2014] EWCA Civ 1273""]; []",,"html"
"4a87a8ef-a252-4807-a3ed-d1578db594a1","Lumsdon & Ors, R (on the application of) v Legal Services Board & Ors","[""[2014] WLR(D) 413"", ""[2014] EWCA Civ 1276""]; []",,"html"
"792fc27c-8b1e-4c22-a85d-5f899c0ca065","Y (Children), Re [2014] EWCA Civ 1287","[""[2015] 1 FLR 1350"", ""[2014] 3 FCR 483"", ""[2014] Fam Law 1680"", ""[2014] EWCA Civ 1287""]; []",,"html"
"8831415c-02af-47f1-8a77-476d153b6877","Alpha Estates (Essex) Ltd v Singh & Anor","[""[2015] EWCA Civ 722""]; []",,"html"
"3e883860-f3b4-47b6-81f0-c3a45e9f2871","SI (Bangladesh) v Secretary of State for the Home Department [2015] EWCA Civ 737","[""[2015] EWCA Civ 737""]; []",,"html"
"2c716266-c737-4bb3-a750-260e9d56bdc4","Nampak Plastics Europe Ltd v Alpla UK Ltd [2014] EWCA Civ 1293 – Appeal in Patent Non-Infringement Case","[""2014] EWCA Civ 1293""]; []",,"html"
"7cdda619-4abd-449d-ab38-3a8b81f21f8c","YM (Uganda) v Secretary of State for the Home Department","[""2014] EWCA Civ 1292"", ""2015] INLR 405""]; []",,"html"
"fcaf7d14-e70a-4de2-9d49-1ff20699b55a","Regione Piemonte v Dexia Crediop SpA [2014] EWCA Civ 1298","[""2014] EWCA Civ 1298""]; []",,"html"
"c965524f-f82d-467c-82b6-b26ae218eba5","Re T (A Child) (Suspension of Contact) [2015] EWCA Civ 719","[""[2015] EWCA Civ 719""]; []",,"html"
"e698e88c-e204-4036-9a06-893c32ae5269",,"[]; []",,""
"c4a57bb0-d188-4582-9361-c21b15ba311f","HA (Iraq) v Secretary of State for the Home Department [2014] EWCA Civ 1304","[""[2014] EWCA Civ 1304""]; []",,"html"
"077e531b-e76d-417d-8599-7590174aefef","LC (China) v Secretary of State for the Home Department","[""[2014] EWCA Civ 1310"", ""[2015] Imm AR 227"", ""[2015] INLR 302""]; []",,"html"
"e1e70d13-b6b5-4ee5-9c9e-5577824f0318","Vocalspruce Ltd v The Commissioners for HMRC","[""2014] EWCA Civ 1302"", ""2014] STI 3235"", ""2015] STC 861"", ""2014] BTC 50""]; []",,"html"
"4c6cd5ef-4ae9-48c5-a864-218b5c3212d6","Specsavers International Healthcare Ltd & Ors v ASDA Stores Ltd & Anor [2014] EWCA Civ 1294","[""2014] WLR(D) 428"", ""[2014] EWCA Civ 1294""]; []",,"html"
"2507b8fb-a7d2-4775-aae3-b8f5d167d420","Blue Holding & Ors v United States of America","[""2015] 1 WLR 1917"", ""[2014] EWCA Civ 1291""]; []",,"html"
"1a4cbb65-140c-4c4e-8e60-4301acaa80e1","Graves v Capital Home Loans Ltd","[""[2014] EWCA Civ 1297""]; []",,"html"
"d3508b07-918c-4794-a254-141e22447eb8","Smailes & Anor v McNally & Anor [2014] EWCA Civ 1299: Compliance with an Unless Order in a Fraudulent Trading Case","[""2014] EWCA Civ 1299""]; []",,"html"
"1c770f58-c911-4e4f-af8e-b404b9d327b1","Energy Venture Partners Ltd v Malabu Oil and Gas Ltd","[""[2014] 2 CLC 569"", ""[2014] EWCA Civ 1295"", ""[2014] WLR(D) 417"", ""[2015] 1 All ER (Comm) 97"", ""[2015] WLR 2309"", ""[2015] CP Rep 3"", ""[2015] 1 WLR 2309""]; []",,"html"
"564c3c61-bd63-47b8-920d-68740ee4ed76","Commercial First Business Limited v Munday & Anor [2014] EWCA Civ 1296","[""[2014] EWCA Civ 1296""]; []",,"html"
"110b02e2-29be-40c5-a6b4-92c62c083de7","Jet Airways (India) Ltd & Ors v Barloworld Handling Ltd [2014] EWCA Civ 1311","[""[2014] EWCA Civ 1311""]; []",,"html"
"0f564d6f-98e5-402b-abc8-a39f1fa33427","Cotton & Anor v Brudenell-Bruce, Earl of Cardigan & Ors [2014] EWCA Civ 1312","[""[2014] EWCA Civ 1312""]; []",,"html"
"73a9f309-ada6-43de-9bae-d0245d12aeca","UZ (Pakistan) v Secretary of State for the Home Department [2014] EWCA Civ 1319","[""[2014] WLR(D) 429"", ""[2014] EWCA Civ 1319""]; []",,"html"
"00b6e9f9-877b-484a-bac5-0f77f0c40d13","Hearst Holdings Inc & Anor v AVELA Inc & Ors","[""[2014] EWCA Civ 1316""]; []",,"html"
"67c4a127-f5b3-4a14-a75d-d23aa5298ac2","Otkritie International Investment Management Ltd & Ors v Urumov [2014] EWCA Civ 1315","[""[2014] EWCA Civ 1315""]; []",,"html"
"b2e4bbfd-1975-49f3-b98c-12df975ba050","Nzolameso v City of Westminster","[""[2015] HLR 1"", ""[2014] WLR(D) 437"", ""[2014] EWCA Civ 1383"", ""[2015] BLGR 52"", ""[2015] PTSR 211""]; []",,"html"
"bc404037-1dd0-47a8-8f10-d0876c870fd7","Ali v Caton & Anor [2014] EWCA Civ 1313","[""[2014] EWCA Civ 1313""]; []",,"html"
"540a3fe7-4a74-4138-9b8c-edd8fadd7fa1","Tchenguiz v Director of the Serious Fraud Office & Anor [2014] EWCA Civ 1333","[""2014] WLR(D) 427"", ""[2014] EWCA Civ 1333"", ""[2015] WLR 838"", ""[2015] 1 WLR 838"", ""[2015] CP Rep 5""]; []",,"html"
"5eb004c6-b45f-4460-ba6c-0c7be90b7f15","Khatoon v The Entry Clearance Officer, Islamabad & Anor","[""[2014] EWCA Civ 1327""]; []",,"html"
"34fd0bdd-fa69-44ec-9a9e-78c54b3463ba","Exsus Travel Ltd & Ors v Turner & Anor [2014] EWCA Civ 1331","[""[2014] EWCA Civ 1331""]; []",,"html"
"84d381a2-ffd1-4376-9131-925acb13271a","Alladin v Secretary of State for the Home Department [2014] EWCA Civ 1334","[""2014""]; [""[2014] EWCA Civ 1334"", ""[2014] WLR(D) 435""]",,"html"
"9b8c7a0f-aad6-4109-a088-efd1021a1a2f","EE (Nigeria) v Secretary of State for the Home Department [2015] EWCA Civ 724","[""[2015] EWCA Civ 724""]; []",,"html"
"4b3413ea-c05c-4c9a-ba49-5de119e53959","The Woodland Trust v Loring & Ors [2014] EWCA Civ 1314","[""2014] EWCA Civ 1314"", ""[2015] WTLR 159"", ""[2015] 1 WLR 3238"", ""[2015] 2 All ER 32"", ""[2014] STI 3239"", ""[2015] STC 598""]; []",,"html"
"265b590e-2ce4-4809-b1e1-20587726852b","K v The Hospital Managers of the Kingswood Centre & Anor","[""[2014] EWCA Civ 1332"", ""[2014] WLR(D) 443"", ""[2015] PTSR 287""]; []",,"html"
"8850b6ec-26ad-4c4a-bd8c-706875f19368","MQ v Secretary of State for the Home Department [2015] EWCA Civ 726","[""[2015] EWCA Civ 726""]; []",,"html"
"aee99c15-97d1-489f-b706-5d93a9f5687e","HTC Corporation v Gemalto SA [2014] EWCA Civ 1335","[""[2015] RPC 17"", ""[2014] EWCA Civ 1335""]; []",,"html"
"735c532f-f4e8-473f-9ae0-d1973503eb2f","Aster Healthcare Ltd v The Estate of Mr Mohammed Shafi, Deceased","[""2014] PTSR 1507"", ""[2014] EWCA Civ 1350""]; []",,"html"
"02264d18-a38b-4845-96bd-9ca5e3f451d3","Southwell v Blackburn [2014] EWCA Civ 1347","[""[2014] EWCA Civ 1347""]; []",,"html"
"24cdd790-fb66-4e79-895a-0d7f73047839","Halawi v WDFG UK Ltd (t/a World Duty Free) [2014] EWCA Civ 1387","[""[2015] 1 CMLR 31"", ""[2015] IRLR 50"", ""[2014] EWCA Civ 1387""]; []",,"html"
"12364e6f-16c6-459b-944e-04d6162c2e23","IOT Engineering Projects Ltd v Dangote Fertilizer Ltd & Anor","[""2014] EWCA Civ 1348""]; []",,"html"
"426ca317-9dae-45bd-99cb-deb7de4b7766","Versloot Dredging BV & Anor v HDI Gerling Industrie Versicherung AG & Ors","[""[2015] 1 QB 608"", ""[2015] 1 Lloyd's Rep 32"", ""[2014] EWCA Civ 1349"", ""[2014] 2 CLC 590"", ""[2014] WLR(D) 433"", ""[2015] QB 608"", ""[2015] Lloyd's Rep IR 115"", ""[2015] 2 WLR 1063""]; []",,"html"
"3898cbcb-7116-4d20-8429-9f1ee53f72de","G (A Child) [2014] EWCA Civ 1365","[""[2014] EWCA Civ 1365""]; []",,"html"
"b44d9077-8fd9-47d0-8978-7ca5b108a9eb","K (A Child) (Hague Convention: Child's Objections) [2014] EWCA Civ 1364","[""[2014] EWCA Civ 1364""]; []",,"html"
"bb75dacf-5d63-45e6-ab25-d14960fe4df8","Caresse Navigation Ltd v Zurich Assurances Maroc & Ors [2014] EWCA Civ 1366","[""[2014] WLR(D) 444"", ""[2014] EWCA Civ 1366"", ""[2015] 1 QB 366"", ""[2014] 2 CLC 851"", ""[2015] QB 366"", ""[2015] 1 Lloyd's Rep 256"", ""[2015] 2 WLR 43""]; []",,"html"
"b66a6c56-2a53-4a18-ab03-7537a587b2be","Morris v Blackpool Borough Council & Anor","[""[2014] EWCA Civ 1384"", ""[2015] HLR 2""]; []",,"html"
"6c287b48-59ea-4666-952b-7407b335966a","West Yorkshire Police, R (on the application of) v Independent Police Complaints Commission & Ors","[""[2014] WLR(D) 436"", ""[2015] ICR 184"", ""[2014] EWCA Civ 1367""]; []",,"html"
"eb2e2df2-2562-45c7-83b2-8826154ed2ee","Re T (Children) - Appeal Against Placement Orders","[""[2015] Fam Law 35"", ""[2014] EWCA Civ 1369"", ""[2015] 2 FLR 221"", ""[2014] WLR(D) 445"", ""[2015] WLR 3165"", ""[2015] 1 FCR 238"", ""[2015] 1 WLR 3165""]; []",,"html"
"548709e2-c104-4970-8b4e-4a333bc3581d","Recall Support Services Ltd & Ors v Secretary of State for Culture, Media and Sport","[""2014] EWCA Civ 1370"", ""[2014] WLR(D) 462""]; []",,"html"
"c9936a53-fa3e-464f-9504-b22bdbbcc939","Sunrise Brokers LLP v Rodgers [2014] EWCA Civ 1373","[""2015 IRLR 57"", ""2014 WLR(D) 442"", ""2015 ICR 272"", ""2014 EWCA Civ 1373""]; []",,"html"
"bb4a7ac5-773e-4091-a487-6b54d3de2c4e","DM (Bangladesh) v Secretary of State for the Home Department","[""[2015] EWCA Civ 727""]; []",,"html"
"a43b233b-fa0d-49b0-8671-11525cdac684","G & J Greenall Group Ltd v G4S Service Solutions (UK) Ltd [2015] EWCA Civ 725","[""[2015] EWCA Civ 725""]; []",,"html"
"2913c743-d430-4ae7-963f-3711ae59c04e","Rees v Gateley Wareing (A Firm) & Ors","[""[2015] 2 All ER (Comm) 117"", ""[2014] 6 Costs LO 953"", ""[2015] 1 WLR 2179"", ""[2015] 3 All ER 403"", ""[2014] EWCA Civ 1351"", ""[2014] WLR(D) 453""]; []",,"html"
"2dc2a7ac-d332-4112-93f1-122e3a9d7870","Perry, R (on the application of) v London Borough of Hackney & Ors","[""[2014] EWCA Civ 1372""]; []",,"html"
"6d4c4f26-c0c2-405b-80cb-eda0b7f283e1","Foster & Anor v Action Aviation Ltd & Ors","[""[2014] EWCA Civ 1368""]; []",,"html"
"875bf0c1-4456-4115-bb4e-59220e6f27ed","Secretary of State for Communities and Local Government & Ors v Redhill Aerodrome Ltd","[""2015 PTSR 274"", ""2014 WLR(D) 448"", ""2014 EWCA Civ 1386""]; []",,"html"
"aa9763e0-9907-4557-af4e-c4de7cdbe78a","TH (Eritrea) v Secretary of State for the Home Department [2015] EWCA Civ 723","[""2015] EWCA Civ 723""]; []",,"html"
"169d01c1-4481-4da0-82bd-3a875a324b23","M-H (A Child) [2014] EWCA Civ 1396","[""[2014] EWCA Civ 1396""]; []",,"html"
"7285e1b9-0772-43fd-8017-832363590979","Standard Chartered Bank v. Dorchester LNG (Rev 1) [2014] EWCA Civ 1382","[""[2014] 2 CLC 740"", ""[2015] 2 All ER 395"", ""[2014] EWCA Civ 1382"", ""[2015] 3 WLR 261"", ""[2015] 2 All ER (Comm) 362"", ""[2014] WLR(D) 440"", ""[2015] 1 Lloyd's Rep 97""]; []",,"html"
"9a27264c-bfec-4468-9e44-c8016d416f24","Jacobs v Sesame Ltd [2014] EWCA Civ 1410: Limitation Act and Negligence Claim","[""[2014] EWCA Civ 1410""]; []",,"html"
"be09413b-8297-474d-bdd5-ab9232f3ae23","Tchenguiz v Director of the Serious Fraud Office & Anor [2014] EWCA Civ 1409","[""[2014] EWCA Civ 1409"", ""[2014] WLR(D) 461""]; []",,"html"
"2c6c9779-70da-45ba-88df-4c005469c5ba","AutoStore Technology AS v Ocado Group Plc & Ors [2021] EWCA Civ 1003","[""[2021] EWCA Civ 1003"", ""[2022] WLR 561"", ""[2021] WLR(D) 509"", ""[2022] 1 WLR 561""]; []",,"html"
"565a0f61-2fe0-4121-9eba-9b84af5f460f","Legal Costs in Children Proceedings: Appeal Case L (Costs of Children Proceedings) [2014] EWCA Civ 1437","[""[2014] EWCA Civ 1437""]; []",,"html"
"13f857a6-adde-4bce-8786-7e0e876f5c76","Oldfield v Secretary of State for the Communities and Local Government","[""[2014] EWCA Civ 1446""]; []",,"html"
"437f2a16-8ece-4e2c-bc2c-ce214a4e6a40","Laughton v Shalaby [2014] EWCA Civ 1450","[""[2014] EWCA Civ 1450""]; []",,"html"
"c74991af-9f7f-411a-9d0a-baf1df9f2422","Francis & Anor v Phillips & Anor & Ors [2014] EWCA Civ 1395","[""[2015] 1 P &CR 9"", ""[2015] 1 WLR 741"", ""[2015] HLR 3"", ""[2014] WLR(D) 463"", ""[2014] EWCA Civ 1395""]; []",,"html"
"2fb0cf69-6716-4532-8b1b-5557034c735f","Tabrizagh & Ors, R (On the Application Of) v The Secretary of State for the Home Department [2014] EWCA Civ 1398","[""[2014] EWCA Civ 1398""]; []",,"html"
"edaa06d0-05a9-41c2-b34b-1408204f7ba3","Chalfont St Peter Parish Council v Chiltern District Council","[""[2014] EWCA Civ 1393""]; []",,"html"
"47b7ca59-4dae-4e38-9b19-66a4d28a1d9e","Belhaj & Anor v Straw & Ors [2014] EWCA Civ 1394","[""[2014] WLR(D) 459"", ""[2014] EWCA Civ 1394"", ""[2016] 1 All ER 121"", ""[2015] 2 WLR 1105""]; []",,"html"
"dc0765fe-1d11-4227-840d-7b4b7babcfea","Badger Trust, R (on the application of) v Secretary of State for the Environment, Food & Rural Affairs & Anor [2014] EWCA Civ 1405","[""[2014] EWCA Civ 1405""]; []",,"html"
"cb6e384a-fccb-472a-b6b1-ef58f7fb8f09","MJ (Nigeria) v Secretary of State for the Home Department","[""2015] EWCA Civ 728""]; []",,"html"
"b99a8901-9b30-4c95-816a-546d73fc1fe8","Platt v BRB (Residuary) Ltd [2014] EWCA Civ 1401","[""[2014] EWCA Civ 1401""]; []",,"html"
"0e931888-ce6a-4e2b-9e0a-03b10d223587","ZZ (Tanzania) v The Secretary of State for the Home Department [2014] EWCA Civ 1404","[""[2014] EWCA Civ 1404""]; []",,"html"
"b8dac49f-597b-4a51-adb1-3ad8e5385d2e","M (A Child: Long-Term Foster Care) [2014] EWCA Civ 1406","[""[2014] EWCA Civ 1406""]; []",,"html"
"20b83bef-68e6-4d80-815a-521a3f07c737","Interflora Inc & Anor v Marks and Spencer Plc [2014] EWCA Civ 1403","[""[2014] WLR(D) 473"", ""[2015] BUS LR 492"", ""[2015] FSR 10"", ""[2015] ETMR 5"", ""[2014] EWCA Civ 1403"", ""[2015] Bus LR 492""]; []",,"html"
"c935cdfb-b262-4994-9b2e-1563191669cb","Altomart Limited v Salford Estates (No. 2) Ltd","[""[2014] EWCA Civ 1408"", ""[2014] 6 Costs LR 1013"", ""[2015] WLR 1825"", ""[2014] WLR(D) 451"", ""[2015] 1 WLR 1825"", ""[2015] CP Rep 8""]; []",,"html"
"32907848-8a9b-410f-9561-9b992a45caf8","Afzaal v Secretary of State for the Home Department [2015] EWCA Civ 733","[""[2015] EWCA Civ 733""]; []",,"html"
"c0e26628-6983-4f76-b51f-4d721d7a3eaa","Kaki v National Private Air Transport Company","[""[2015] EWCA Civ 731""]; []",,"html"
"e857a8a9-36ee-452c-ae6c-e940c48589ac","R v London Borough of Hillingdon [2014] EWCA Civ 1407","[""[2014] EWCA Civ 1407"", ""[2015] PTSR D3""]; []",,"html"
"77de6f74-22d2-4440-a98f-3e75819dc938","Reed Elsevier UK Ltd (t/a LexisNexis) & Anor v Bewry","[""2015] WLR 2565"", ""[2014] EWCA Civ 1411"", ""[2015] 1 WLR 2565"", ""[2014] WLR(D) 474"", ""[2015] EMLR 6""]; []",,"html"
"63e39313-99a4-4e23-b9c2-365d4d126ada","Finance and Business Training Ltd v HM Revenue and Customs [2014] EWCA Civ 1412","[""[2014] EWCA Civ 1412""]; []",,"html"
"cce7413a-8b7c-4012-a81a-37936dab1c86","EO (Nigeria) v Secretary of State for the Home Department [2014] EWCA Civ 1418","[""[2014] EWCA Civ 1418""]; []",,"html"
"70a54b3a-6d86-473d-ac2f-607d9cecd2d7","Redrow Homes Ltd, R (on the Application of) v Knowsley Metropolitan Borough Council [2014] EWCA Civ 1433","[""2015] 1 WLR 386"", ""[2014] EWCA Civ 1433"", ""[2014] WLR(D) 465"", ""[2015] WLR 386"", ""[2015] 2 All ER 228"", ""[2015] RTR 12"", ""[2015] BLGR 42""]; []",,"html"
"168de16c-935d-43d1-b3f9-4b58a7969df5","Secretary of State for Communities and Local Government v Ioannou [2014] EWCA Civ 1432","[""[2014] EWCA Civ 1432""]; []",,"html"
"53ca6ceb-c06a-4774-86f1-8cbf9fe4917e","IPC Media Ltd v Media 10 Ltd [2014] EWCA Civ 1439","[""[2014] EWCA Civ 1439""]; []",,"html"
"65645a3e-7e49-4a88-ba46-adb686908b02","Grace & Anor v Black Horse Ltd [2014] EWCA Civ 1413","[""2014] WLR(D) 460"", ""[2014] EWCA Civ 1413"", ""[2015] Bus LR 1"", ""[2015] 2 All ER (Comm) 465"", ""[2015] 3 All ER 223"", ""[2015] BUS LR 1""]; []",,"html"
"0368612b-ff89-4bce-bd72-c0362fa5ad4c","Compromise Agreements Ltd v Secretary of State for Business, Innovation and Skills","[""[2015] EWCA Civ 732""]; []",,"html"
"4239ce5c-cfcd-4656-a304-a9fd817a0bb5",,"[]; []",,""
"a0414c48-6d93-4a39-8bd5-0223fcf75523","Avonwick Holdings Ltd v Webinvest Ltd & Anor [2014] EWCA Civ 1436","[""[2014] EWCA Civ 1436""]; []",,"html"
"2f5e0e81-62cb-4143-9a75-62a35186ee2f","Jakimaviciute, R (on the Application of) v Hammersmith and Fulham London Borough Council","[""2015] HLR 5"", ""[2014] WLR(D) 478"", ""[2015] BLGR 306"", ""[2014] EWCA Civ 1438"", ""[2015] 3 All ER 490"", ""[2015] PTSR 822""]; []",,"html"
"ef442652-6171-48b8-9010-80ef6fa592d2","Interflora Inc & Ors v Marks and Spencer Plc [2014] EWCA Civ 1448","[""[2014] EWCA Civ 1448""]; []",,"html"
"d67d58e8-81bb-4445-bc6c-aacb10b89a5a","Hodges v Aegis Defence Services (BVI) Ltd","[""[2014] EWCA Civ 1449""]; []",,"html"
"5d4ddbcf-66a9-4e90-86ea-8a7879351e09","S (Children) [2014] EWCA Civ 1447","[""[2014] EWCA Civ 1447""]; []",,"html"
"2a6264ea-3009-45b1-a5c0-078fae484007","Adaptive Spectrum and Signal Alignment Inc v British Telecommunications Plc","[""[2014] EWCA Civ 1462""]; []",,"html"
"fecc131f-4d18-4f3f-b331-272f4a04bb1c","Robson v Salford City Council [2015] EWCA Civ 6","[""2015] EWCA Civ 6""]; []",,"html"
"5005551c-62fa-4d1d-a24a-9428f4179a74","Gilks & Anor v Hodgson & Anor [2015] EWCA Civ 5","[""[2015] EWCA Civ 5""]; []",,"html"
"03fd4270-018f-4b70-a5be-2e4b77587bf2","S (A Child): Habitual Residence and Child's Objections (Brazil) [2015] EWCA Civ 2","[""[2015] EWCA Civ 2""]; []",,"html"
"94967008-b030-4b76-ae2c-021bd3e235ea","Fenty & Ors v Arcadia Group Brands Ltd & Anor","[""[2015] FSR 14"", ""[2015] 1 WLR 3291"", ""[2015] 1 WLR 3291"", ""[2015] EWCA Civ 3"", ""[2015] EMLR 12""]; []",,"html"
"86b2441d-78e7-4fc6-afe1-7aaa14fe94e7","Savage v Mansfield District Council [2015] EWCA Civ 4","[""[2015] EWCA Civ 4""]; []",,"html"
"1cbf7265-8831-48d0-96a6-60281c5db2ee","Border v Lewisham And Greenwich NHS Trust [2015] EWCA Civ 8","[""[2015] EWCA Civ 8""]; []",,"html"
"a28ede61-5aa8-4574-8f0a-f501580f3262","Welch v Waterworth [2015] EWCA Civ 11","[""[2015] EWCA Civ 11""]; []",,"html"
"bc155598-44cf-467a-a330-c3826c92f415","Richards, R (On the Application Of) v Teesside Magistrates' Court & Anor","[""[2015] Crim LR 461"", ""[2015] WLR 1695"", ""179 JP 119"", ""[2015] 1 WLR 1695"", ""[2015] WLR(D) 13"", ""[2015] EWCA Civ 7"", ""(2015) 179 JP 119"", ""[2015] 1 Cr App R (S) 60""]; []",,"html"
"de1fbbf5-969d-4b68-8d61-3f7d72334886","Timmins & Anor, R (On the Application Of) v Gelding Borough Council","[""2015] WLR(D) 26"", ""[2015] PTSR 837"", ""[2016] 1 All ER 895"", ""[2015] EWCA Civ 10""]; []",,"html"
"e95538c2-02e0-4334-9b4f-628e251bfe38","Edwards v Kumarasamy [2015] EWCA Civ 20","[""[2015] HLR 18"", ""[2015] Ch 484"", ""[2015] EWCA Civ 20"", ""[2015] PIQR P11"", ""[2015] 1 CH 484"", ""[2015] 2 WLR 1408"", ""[2015] WLR(D) 40"", ""[2015] 1 Ch 484""]; []",,"html"
"c066ef44-4f35-4783-b873-cc31294394b1","Webster v Lord Chancellor [2015] EWCA Civ 742","[""2015] WLR(D) 316"", ""[2016] QB 676"", ""[2015] EWCA Civ 742"", ""[2015] 3 WLR 1909""]; []",,"html"
"22f5a58b-4272-4bb0-8476-e2d0333f5032","BB, PP, W, U & Ors v Secretary of State for the Home Department","[""[2015] EWCA Civ 9""]; []",,"html"
"fbf85e80-1d04-4bb3-bfc9-de0cf10cb317","SM (Pakistan) v the Secretary of State for the Home Department [2015] EWCA Civ 738","[""[2015] EWCA Civ 738""]; []",,"html"
"ba863422-eec2-4812-b609-3fd0404bfb72","Gard Marine & Energy Ltd v China National Chartering Co Ltd","[""2015] EWCA Civ 16"", ""[2015] CN 121""]; []",,"html"
"c7164bbb-33e6-4e11-8c80-97ec4bd67474","Kaur v. The Secretary of State for the Home Department [2015] EWCA Civ 13","[""[2015] EWCA Civ 13""]; []",,"html"
"975515d3-53a1-4853-9692-6448bd37f43b","Hussain v The London Borough of Waltham Forest [2015] EWCA Civ 14","[""[2015] WLR 2912"", ""[2015] EWCA Civ 14"", ""[2015] BLGR 65"", ""[2015] HLR 16"", ""[2015] 4 All ER 558""]; []",,"html"
"726d8e35-7cb0-4e35-9fdb-15b717ceff47","McCarthy v The Visitors to the Inns of Court & Anor [2015] EWCA Civ 12","[""[2015] EWCA Civ 12""]; []",,"html"
"e49dc831-4142-4181-82ed-1ebfb1029b4a","Thorney Park Golf Ltd (t/a Laleham Golf Club) v Myers Catering Ltd [2015] EWCA Civ 19","[""[2015] EWCA Civ 19""]; []",,"html"
"cc9aa024-a782-4618-a180-27e9c5c79090","Powys Teaching Local Health Board v Dusza & Anor [2015] EWCA Civ 15","[""[2015] EWCA Civ 15""]; []",,"html"
"2d2cfe26-dd91-4e37-92ab-591d155fb5ab","Walford v Worcestershire County Council [2015] EWCA Civ 22","[""[2015] BLGR 133"", ""[2015] WLR(D) 28"", ""[2016] 1 All ER 801"", ""[2015] PTSR 880"", ""[2015] EWCA Civ 22""]; []",,"html"
"55ffb22a-aba6-4027-bb4f-d8fdd0a569c1","Re S-W (Children) [2015] EWCA Civ 27","[""[2015] 1 WLR 4099"", ""[2015] WLR 4099"", ""[2015] 2 FCR 173"", ""[2015] Fam Law 258"", ""[2015] EWCA Civ 27"", ""[2015] 2 FLR 136"", ""[2015] WLR(D) 38""]; []",,"html"
"945cd74c-6126-4ef5-ae71-7c0099a28f2b","Bishop v Chhokar [2015] EWCA Civ 24","[""[2015] EWCA Civ 24""]; []",,"html"
"4c211bdc-d1de-4d7c-afa7-a194a718db4f","Stack v Ajar-Tec Ltd [2015] EWCA Civ 46","[""2015] EWCA Civ 46"", ""[2015] IRLR 474""]; []",,"html"
"4069dcc9-48e8-416f-8e76-772df1730e96","Safin (Fursecroft) Ltd v The Estate of Dr Said Ahmed Said Badrig (Deceased) [2015] EWCA Civ 739","[""[2015] EWCA Civ 739""]; []",,"html"
"10a71119-9043-432f-a505-443da2de460d","Deer v University of Oxford: Employment Appeal on Victimisation Claims","[""2015 EWCA Civ 52"", ""2015 ICR 1213"", ""2015 IRLR 481""]; []",,"html"
"5ea42c85-c22f-45d9-a507-8cab3b770c32","Best, R (On the Application Of) v The Secretary of State for Justice (Rev 1)","[""2015 EWCA Civ 17"", ""2015 4 All ER 495"", ""2015 CP Rep 18"", ""2015 3 WLR 1505"", ""2015 HLR 17"", ""2016 QB 23""]; []",,"html"
"613c8a08-0ef2-46ac-ad1a-778f429af96c","Blankley v Central Manchester And Manchester Children's University Hospitals NHS Trust [2015] EWCA Civ 18","[""[2015] WLR(D) 31"", ""[2015] WLR 4307"", ""[2015] EWCA Civ 18"", ""[2015] 1 WLR 4307"", ""[2015] 1 Costs LR 119""]; []",,"html"
"befaa905-39a8-4037-a95d-a382cb066675","Guerroudj v Rymarczyk [2015] EWCA Civ 743","[""[2015] Fam Law 1194"", ""[2015] EWCA Civ 743"", ""[2015] HLR 37""]; []",,"html"
"093c1223-0ae8-4284-9849-0aa54158efc1","Hough v Greathall Ltd [2015] EWCA Civ 23","[""2015] WLR(D) 39"", ""[2015] EWCA Civ 23"", ""[2015] 3 WLR 587"", ""[2016] Ch 37""]; []",,"html"
"325dbc3e-8fe4-4ee9-aa44-ca8f9fdf8ffa","M (Republic of Ireland) (Child's Objections) (Joinder of Children As Parties To Appeal)","[""[2015] EWCA Civ 26"", ""[2015] WLR(D) 44"", ""[2015] 2 FLR 1074"", ""[2015] Fam Law 252"", ""[2015] 3 WLR 803""]; []",,"html"
"09a2c16d-47ac-4756-9ad3-d559a4af06bc","Speciality European Pharma Ltd v Doncaster Pharmaceuticals Group Ltd & Anor [2015] EWCA Civ 54","[""[2015] RPC 20"", ""[2015] Bus LR 749"", ""[2015] 3 All ER 504"", ""[2015] WLR(D) 55"", ""(2015) 143 BMLR 132"", ""[2015] ETMR 19"", ""[2015] EWCA Civ 54""]; []",,"html"
"b9629042-26f0-4e89-a8d3-228eb502e502","U-B (A Child) [2015] EWCA Civ 60","[""[2015] EWCA Civ 60""]; []",,"html"
"72950282-7c5c-41fd-b3ed-cb1ac9ac13fa","Amoena (UK) Ltd v HM Revenue and Customs [2015] EWCA Civ 25","[""[2015] EWCA Civ 25""]; []",,"html"
"b1de0903-6737-4f59-aebe-206da2307120","Minshall v HM Revenue and Customs & Ors [2015] EWCA Civ 741","[""[2015] EWCA Civ 741""]; []",,"html"
"cf92c26b-4638-4b9d-a282-19d139ef78f3","Impact Funding Solutions Ltd v Barrington Support Services Ltd & Anor [2015] EWCA Civ 31","[""[2015] 4 All ER 319"", ""[2015] EWCA Civ 31"", ""[2016] Bus LR 91""]; []",,"html"
"87b2a51a-72d4-4a9f-8b13-f77e369a7c22","Coope & Ors v Ward & Anor [2015] EWCA Civ 30","[""2015] EWCA Civ 30"", ""[2015] WLR 4081"", ""[2015] WLR(D) 34"", ""[2015] 1 WLR 4081""]; []",,"html"
"48a6c9aa-6aaf-46f0-a0a1-db486992f637","Benkharbouche & Anor v Embassy of the Republic of Sudan","[""[2015] WLR(D) 83"", ""[2015] IRLR 301"", ""[2015] 3 WLR 301"", ""[2015] HRLR 3"", ""[2015] EWCA Civ 33"", ""[2015] ICR 793"", ""[2016] 1 All ER 816"", ""[2015] 2 CMLR 20"", ""[2016] QB 347""]; []",,"html"
"c4b826b3-070e-444c-8aa3-9cdf077c424e","HM Revenue and Customs v Changtel Solutions UK Ltd (2015) EWCA Civ 29","[""[2015] STC 931"", ""[2015] 2 BCLC 586"", ""[2015] BPIR 327"", ""[2015] 1 WLR 3911"", ""[2015] BVC 8"", ""[2015] EWCA Civ 29"", ""[2015] WLR 3911"", ""[2015] STI 248"", ""[2015] BCC 317"", ""[2015] WLR(D) 33""]; []",,"html"
"f1db17d9-c809-4f44-a350-a7c506f9683c","Reyes & Anor v Al-Malki & Anor","[""[2016] 2 All ER 136"", ""[2015] EWCA Civ 32"", ""[2015] ICR 931"", ""[2017] ICR 42"", ""[2015] WLR(D) 75"", ""[2015] IRLR 289"", ""[2016] 1 WLR 1785""]; []",,"html"
"152de31f-78c5-4deb-ade8-0c09d78a8541","AA & Ors v BB & Anor [2021] EWCA Civ 1017","[""2021] WLR(D) 376"", ""[2021] Lloyd's Rep FC 387"", ""[2022] 1 All ER (Comm) 1352"", ""[2021] EWCA Civ 1017"", ""[2021] WLR 5378"", ""[2021] 1 WLR 5378""]; []",,"html"
"3d9bd759-2b7f-49a2-adf5-869ebae94a70","Fenty & Ors v Arcadia Group Brands Ltd & Anor","[""[2015] EWCA Civ 38""]; []",,"html"
"76e293c9-0c08-4024-88d8-e80389d1c0f3","X & Anor v Z (Children) & Anor [2015] EWCA Civ 34: Use of DNA Profiles in Family Proceedings","[""2015] 1 Cr App R 28"", ""[2015] 1 WLR 2501"", ""[2015] EWCA Civ 34"", ""[2015] 4 All ER 205"", ""[2015] 1 FLR 1100"", ""[2015] WLR(D) 76"", ""[2015] Fam Law 369""]; []",,"html"
"abd4390d-2312-460d-a761-44301e1f5437","Fonecomp Ltd v HM Revenue and Customs [2015] EWCA Civ 39","[""2015] STI 355"", ""[2015] Lloyd's Rep FC 149"", ""[2015] STC 2254"", ""[2015] EWCA Civ 39"", ""[2015] BVC 9""]; []",,"html"
"be5b4e91-38ef-4caa-ae4f-eb81c3f7b722","Thevarajah v Riordan & Ors [2015] EWCA Civ 41","[""[2015] EWCA Civ 41""]; []",,"html"
"84a6b101-c9e8-4172-97fc-b09182cc505f","GS (India), & Ors v The Secretary of State for the Home Department","[""[2015] EWCA Civ 40"", ""[2015] WLR(D) 56"", ""[2015] 1 WLR 3312"", ""[2015] Imm AR 608"", ""(2015) 143 BMLR 79"", ""[2015] INLR 446""]; []",,"html"
"ab8e7504-1c97-4e4f-8bfe-802ffa3d4217","Graham v Commercial Bodyworks Ltd","[""2015] WLR(D) 50"", ""[2015] EWCA Civ 47"", ""[2015] ICR 665"", ""[2015] PIQR P15""]; []",,"html"
"f4b12d20-d272-48d9-8b29-3050ba72ad0d","Allard & Ors v Devon & Cornwall Constabulary [2015] EWCA Civ 42","[""[2015] ICR 875"", ""[2015] EWCA Civ 42"", ""[2015] WLR(D) 45""]; []",,"html"
"8d393a69-718c-446a-8c51-be0f324b1add","Geller & Anor v The Secretary of State for the Home Department [2015] EWCA Civ 45","[""[2015] EWCA Civ 45""]; []",,"html"
"b94246d4-b431-4a85-b876-5b99e291eef5","Secretary of State for the Home Department v MA (Somalia) [2015] EWCA Civ 48","[""[2015] CN 226"", ""[2015] EWCA Civ 48""]; []",,"html"
"220f5941-b918-42be-ba08-5254bcf34586","Hospira (UK) Ltd v Genentech, Inc.","[""[2015] EWCA Civ 57""]; []",,"html"
"8d541b69-9333-4177-8a5a-52e2330e4daf","FCC Environment (UK) Ltd, R (on the application of) v The Secretary of State for Energy and Climate Change & Anor","[""[2015] EWCA Civ 55""]; []",,"html"
"37201d9d-01a1-46bc-a082-44bb68b87e2e","Nicholas v Secretary of State for Defence [2015] EWCA Civ 53","[""[2015] EWCA Civ 53"", ""[2015] WLR 2116"", ""[2015] 1 WLR 2116"", ""[2015] HLR 25""]; []",,"html"
"9d85fbf0-bef7-4606-b1a3-041cf479e3eb","Sanneh & Ors v Secretary of State for Work and Pensions","[""[2015] Imm AR 669"", ""[2015] WLR(D) 61"", ""[2016] QB 455"", ""(2015) 18 CCL Rep 5"", ""[2015] 2 CMLR 27"", ""[2015] EWCA Civ 49"", ""[2015] 3 WLR 1867"", ""[2015] HLR 27""]; []",,"html"
"bf6b8a2a-1d03-4e31-aa46-ac1a682f0664","Lindner v Rawlins [2015] EWCA Civ 61","[""2015] EWCA Civ 61""]; []",,"html"
"7abfcb11-ebb8-4da2-97b1-2f440f771a49","JSC BTA Bank v Ablyazov & Anor [2015] EWCA Civ 70","[""[2015] EWCA Civ 70"", ""[2015] CP Rep 21""]; []",,"html"
"157d02a6-680c-4b7b-8b6b-071b8b7c0c29","Singh v The Secretary of State for the Home Department","[""[2015] WLR(D) 66"", ""[2015] EWCA Civ 74""]; []",,"html"
"c52a9a9e-f3b4-4265-a89a-d2effe52c9f0","Bellis & Ors v Challinor & Ors [2015] EWCA Civ 59","[""[2015] EWCA Civ 59"", ""[2015] WLR(D) 57""]; []",,"html"
"efac7fbc-592d-47a2-b244-e4f4b06cbabe","R (Lucinda Vowles) v Secretary of State for Justice & Anor [2015] EWCA Civ 56","[""[2015] EWCA Civ 56""]; []",,"html"
"47c9c661-fe50-444e-8eb2-faf3fa2b12ba","James v HM Prison Birmingham: Judicial Review on Committal for Civil Contempt","[""2015 EWCA Civ 58"", ""2015 WLR(D) 59"", ""2015 1 WLR 4210"", ""2015 CP Rep 20""]; []",,"html"
"86f6a64f-a064-43dd-8a02-eee49714ba59","Veolia ES Landfill Ltd & Ors v HM Revenue and Customs","[""[2015] EWCA Civ 747""]; []",,"html"
"1862ccd4-9236-4089-9048-9d1286b31ab6","AP (India) v The Secretary of State for the Home Department [2015] EWCA Civ 89","[""[2015] WLR(D) 72"", ""[2015] EWCA Civ 89"", ""[2015] INLR 431""]; []",,"html"
"a56819ed-f16e-40bd-a442-c050756b26f9","Ryanair Holdings Plc v The Competition And Markets Authority & Anor [2015] EWCA Civ 83","[""[2015] EWCA Civ 83""]; []",,"html"
"2629e4bc-57ee-47ac-adb3-f0fff73a26ce","Graham-York v York & Ors [2015] EWCA Civ 72","[""[2015] HLR 26"", ""[2015] Fam Law 528"", ""[2015] EWCA Civ 72""]; []",,"html"
"71405705-dd02-4c98-a439-2307085e1ff1","D & K Drost Consult GmbH & Anor v Foremost Leisure (Holdings) Ltd","[""[2015] EWCA Civ 73""]; [""159 Con LR 1""]",,"html"
"f149b82d-3287-46f6-9d0f-24b28dd52d4b","A-S (Children) [2015] EWCA Civ 748","[""[2015] EWCA Civ 748""]; []",,"html"
"c214aaf4-81ff-4a49-aa6f-74984fed8cdf","Rynda (UK) Ltd v Rhijnsburger","[""2015""]; [""[2015] IRLR 394"", ""[2015] ICR 1300"", ""[2015] EWCA Civ 75""]",,"html"
"7e8929e7-4b3c-4492-b8b5-e01b9ccfcf2c","Zenati v Police of the Metropolis & Anor [2015] EWCA Civ 80","[""[2015] 4 All ER 735"", ""[2015] EWCA Civ 80"", ""[2015] QB 758"", ""[2015] WLR(D) 74"", ""[2015] 2 WLR 1563""]; []",,"html"
"07c6f524-ad09-44a3-abad-e4485e8758c5","Bostridge v Oxleas NHS Foundation Trust [2015] EWCA Civ 79","[""[2015] EWCA Civ 79""]; []",,"html"
"149eed79-46cd-41e3-abcf-7e97c8f0f670","Newbigin (Valuation Officer) v S J & J Monk (a firm) [2015] EWCA Civ 78","[""[2015] RA 93"", ""[2015] WLR(D) 70"", ""[2015] EWCA Civ 78"", ""[2015] 4 All ER 1014"", ""[2015] 1 WLR 4817""]; []",,"html"
"0f98ab6b-b6cc-4bf2-977c-80ea02105f27","Secretary of State for Business, Innovation And Skills v PLT Anti-Marketing Ltd [2015] EWCA Civ 76","[""2015 CTLC 8"", ""2015 BUS LR 959"", ""2015 ECC 12"", ""2015 WLR(D) 63"", ""2015 EWCA Civ 76"", ""2015 Bus LR 959""]; []",,"html"
"9a3c763e-b455-414d-b2b1-1140496a3cc4","Kent County Council v The Secretary of State for Health","[""[2015] WLR 1221"", ""(2015) 18 CCL Rep 153"", ""[2015] 1 WLR 1221"", ""[2015] BLGR 822"", ""[2015] EWCA Civ 81"", ""[2015] 4 All ER 452"", ""[2015] WLR(D) 68""]; []",,"html"
"761488cd-51b2-46fe-91b1-3b634232bfe1","No Adastral New Town Ltd v Suffolk Coastal District Council & Ors","[""2015] EWCA Civ 88""]; []",,"html"
"78ed1462-c02f-419a-89d5-cd82bf7ab619","Investment Trust Companies v Revenue And Customs","[""2015] BVC 10"", ""[2015] STI 519"", ""[2015] WLR(D) 73"", ""[2015] STC 1280"", ""[2015] EWCA Civ 82""]; []",,"html"
"97101102-bb65-4250-a099-8b78612a0e06","Trafigura Beheer BV v Navigazione Montanari SPA [2015] EWCA Civ 91","[""[2015] EWCA Civ 91""]; []",,"html"
"14434596-76db-4abb-8e78-f5f1640f8b82","Eclipse Film Partners No 35 LLP v HM Revenue and Customs","[""[2015] WLR(D) 71"", ""[2015] STC 1429"", ""[2015] STI 522"", ""[2015] BTC 10"", ""[2015] EWCA Civ 95""]; []",,"html"
"b6038737-31bb-4cfe-ba4c-5199070a3616","Shrestha v Genesis Housing Association Ltd [2015] EWCA Civ 94","[""[2015] IRLR 399"", ""[2015] EWCA Civ 94""]; []",,"html"
"bfe7a194-032c-454a-8149-d0eef2b0b770","Stevens v Equity Syndicate Management Ltd [2015] EWCA Civ 93","[""[2015] EWCA Civ 93""]; []",,"html"
"daa16fe6-03e3-422f-8c02-f39886b1c443","Salt v Stratstone Specialist Ltd [2015] EWCA Civ 745","[""[2015] EWCA Civ 745""]; []",,"html"
"e831f040-f659-42a4-890a-b248996b9603","Treatt Plc v Barratt & Ors [2015] EWCA Civ 116","[""2015] EWCA Civ 116""]; []",,"html"
"e26396a1-83c8-41e2-973e-993f4ba0f50a","Rawding v Seaga UK Ltd [2015] EWCA Civ 113","[""[2015] EWCA Civ 113""]; []",,"html"
"fd28fb5f-80c9-4f99-8c68-5e1927d67673","JX MX v Dartford & Gravesham NHS Trust & Ors [2015] EWCA Civ 96","[""[2015] CP Rep 22"", ""[2015] Med LR 103"", ""[2015] 1 WLR 3647"", ""[2015] WLR(D) 77"", ""(2015) 143 BMLR 166"", ""[2015] PIQR P14"", ""[2015] EWCA Civ 96"", ""[2015] EMLR 14"", ""[2015] WLR 3647""]; []",,"html"
"f21e05aa-68e5-4aaa-b0d4-9175701912ac","Saleem v Serwan & Anor [2015] EWCA Civ 123","[""2015] EWCA Civ 123""]; []",,"html"
"d2ec70e3-3f92-4a6f-9056-4c3097b15352","Conlon v Royal Sun Alliance Insurance Plc [2015] EWCA Civ 92","[""2015] EWCA Civ 92"", ""[2015] 2 Costs LO 319"", ""[2015] CP Rep 23""]; []",,"html"
"236faf81-dbba-4ada-a90a-3d26ce8c7b0a","H (Children) [2015] EWCA Civ 115 – Appeal on Care Orders","[""2015] EWCA Civ 115""]; []",,"html"
"02a1b49d-59d7-4063-aaf1-8b418c06abdf","Davies v Merseyside Police & Anor [2015] EWCA Civ 114","[""[2015] EWCA Civ 114""]; []",,"html"
"c4b78e7a-84ea-48ee-8153-38286d8f9094","Blue Gentian LLC & Anor v Tristar Products (UK) Ltd & Anor [2015] EWCA Civ 746","[""[2015] EWCA Civ 746""]; []",,"html"
"ef54c014-342b-49f3-a2a5-d539f35d52c6","Secretary of State for the Home Department v NA (Pakistan) [2015] EWCA Civ 140","[""[2015] EWCA Civ 140""]; []",,"html"
"cc13e534-56b1-4729-aaf8-e6c702ed05f0","R (A Child), Re [2021] EWCA Civ 1019","[""[2021] EWCA Civ 1019""]; []",,"html"
"c027b0a0-d4f3-4963-a4ab-08c32b2d5b9c","SK (Bangladesh) v Secretary of State for the Home Department [2015] EWCA Civ 756","[""[2015] EWCA Civ 756""]; []",,"html"
"2d391422-4f63-431d-996a-c5284e8643e2","PG (USA) v The Secretary of State for the Home Department [2015] EWCA Civ 118","[""[2015] EWCA Civ 118""]; []",,"html"
"3775199d-4037-4d79-b3be-f020cbea16df","Lawson Builders Ltd & Ors v Secretary of State for Communities and Local Government & Anor","[""[2015] PTSR 1324"", ""[2015] EWCA Civ 122""]; []",,"html"
"5f489422-9a77-4e0f-bc3b-925d14c5876f","Elliott v Rufus [2015] EWCA Civ 121","[""[2015] EWCA Civ 121""]; []",,"html"
"493339c7-0dd7-4076-9668-2eee246dee89","G (A Child) [2015] EWCA Civ 119","[""[2015] EWCA Civ 119""]; []",,"html"
"8a05accf-a6fe-454d-92e5-29c7c5876950","A (Children), Re [2015] EWCA Civ 133","[""[2015] EWCA Civ 133""]; []",,"html"
"dd8b2291-a10f-466b-b797-da364dee1638","Mehmood & Anor, R (on the application of) v Secretary of State for the Home Department [2015] EWCA Civ 744","[""2015 EWCA Civ 744"", ""2015 INLR 827"", ""2016 Imm AR 25"", ""2016 3 All ER 398"", ""2016 WLR 461"", ""2016 1 WLR 461"", ""2015 WLR(D) 303""]; []",,"html"
"47ec8a96-29ed-4f75-af86-9c894d3c9200","Molloy v BPHA Limited","[""[2021] EWCA Civ 1035""]; []",,"html"
"ef5a39fe-b98f-4a10-b71b-98c3d2fd7baf","Blakesley v Secretary of State for Work And Pensions [2015] EWCA Civ 141","[""2015] WLR(D) 96"", ""[2015] EWCA Civ 141"", ""[2015] WLR 3150"", ""[2015] 4 All ER 529"", ""[2015] 1 WLR 3150""]; []",,"html"
"cca799a2-4754-4359-b06d-601ee3439fcf","Taylor v Burton & Anor [2015] EWCA Civ 142","[""[2015] EWCA Civ 142""]; []",,"html"
"db4c7abf-5821-4cd6-ad70-3e6bb738140c","JSC Mezhdunarodniy Promyshlenniy Bank & Anor v Pugachev","[""[2015] WLR(D) 94"", ""[2015] 1 CLC 238"", ""[2016] WLR 160"", ""[2015] 2 All ER (Comm) 816"", ""[2015] EWCA Civ 139""]; []",,"html"
"a780c5db-03f5-44b6-863f-7546261a9e91","Pennistone Holdings Ltd v Rock Ferry Waterfront Trust","[""[2021] EWCA Civ 1029""]; []",,"html"
"0a1b1b72-4705-4570-9d09-27f0eab24acb","A (A Child), Re [2015] EWCA Civ 162","[""[2015] EWCA Civ 162""]; []",,"html"
"7b2b3326-1bbf-4619-95c1-0303fe2a20e0","Integral Petroleum SA v Scu-Finanz AG [2015] EWCA Civ 144","[""2015 EWCA Civ 144"", ""2015 Bus LR 640"", ""2015 WLR(D) 97"", ""2015 1 Lloyd's Rep 545""]; []",,"html"
"b0a06b60-a1f2-466f-b40b-2e41434f3b06","Secretary of State for the Home Department v Dumliauskas & Ors [2015] EWCA Civ 145","[""[2015] INLR 537"", ""[2015] EWCA Civ 145"", ""[2015] Imm AR 773""]; []",,"html"
"47a80977-a575-403d-9a8f-1f84b591c879","R (Children), Re; Appeal Regarding Permission for Child to Give Evidence","[""[2015] EWCA Civ 167""]; []",,"html"
"18593cc3-8538-4d20-8553-859b00799525","Marzillier, Dr Meier & Dr Guntner Rechtsanwaltsgesellschaft mbH v AMT Futures Ltd","[""[2015] WLR(D) 95"", ""[2015] ILPr 20"", ""[2015] EWCA Civ 143"", ""[2015] 3 WLR 282"", ""[2015] QB 699"", ""[2015] 1 QB 699""]; []",,"html"
"d0fa48b0-a745-466e-81f3-7e289e98b410","Fixsler & Anor v Manchester University NHS Foundation Trust & Anor","[""[2021] EWCA Civ 1018"", ""[2021] 4 WLR 123"", ""[2021] WLR(D) 380""]; []",,"html"
"4296a1c4-97a5-4cdf-a4bc-79814dd73b44","Aspen Insurance UK Ltd v Adana Construction Ltd [2015] EWCA Civ 177","[""[2015] EWCA Civ 177""]; []",,"html"
"a9e89064-bb95-4b28-96a3-dff95c40e57b","Ingenious Media Holdings Plc & Anor v HM Revenue & Customs","[""2015] BTC 12"", ""[2015] STI 612"", ""[2015] EWCA Civ 173"", ""[2015] STC 1357"", ""[2015] WLR 3183"", ""[2015] 1 WLR 3183""]; []",,"html"
"394294db-f0b6-4f0f-a9df-ced441c7f6f1","Aspen Insurance UK Ltd v Adana Construction Ltd [2015] EWCA Civ 176","[""[2015] EWCA Civ 176""]; []",,"html"
"7c86e754-3a92-4ef7-acde-0d7174f7210e","Wood v Secretary of State for Communities and Local Government [2015] EWCA Civ 195","[""[2015] EWCA Civ 195""]; []",,"html"
"430310e6-703e-4f46-9fc1-ca15811aa686","Iqbal & Dependants v Secretary of State for the Home Department","[""[2015] EWCA Civ 169""]; []",,"html"
"b32e2e16-7287-4951-9540-4563768c08ca","ZA (Iraq), R (on the Application of) v Secretary of State for the Home Department","[""[2015] EWCA Civ 168""]; []",,"html"
"5d9597a8-3333-4a7f-9773-8ce968be798a","Cruddas v Calvert & Ors [2015] EWCA Civ 171","[""[2015] EWCA Civ 171""]; []",,"html"
"7710eba3-4434-4a8c-b34b-eebad42f7e0a","P (A Child) [2015] EWCA Civ 170","[""[2015] EWCA Civ 170""]; []",,"html"
"145b7782-dd13-493d-916d-c0533e38be08","Delaney v Secretary of State for Transport","[""2015 EWCA Civ 172"", ""[2015] CP Rep 25"", ""[2015] WLR(D) 112"", ""[2015] Lloyd's Rep IR 441"", ""[2015] 3 All ER 329"", ""[2015] PIQR P17"", ""[2015] 1 WLR 5177""]; []",,"html"
"460f25ed-4397-480d-bfc8-f066773577aa","Smyth v The Secretary of State for Communities and Local Government & Ors [2015] EWCA Civ 174","[""2015] EWCA Civ 174"", ""[2015] PTSR 1417"", ""[2016] Env LR 7""]; []",,"html"
"10931fe5-58fc-490f-97f7-566321217052","Re D (Children) [2015] EWCA Civ 749","[""[2015] EWCA Civ 749""]; []",,"html"
"4f2f6efe-28e3-49d9-9b7d-76e813e30eeb","GPS Estates Ltd v Secretary of State for Communities and Local Government","[""[2015] EWCA Civ 175""]; []",,"html"
"ab7f6563-ffbc-46f8-a354-e1a0f0fdf80b","Calland v Financial Conduct Authority [2015] EWCA Civ 192","[""[2015] EWCA Civ 192""]; []",,"html"
"5aca8ee5-265a-406e-a602-c36788fd5320","D v D [2015] EWCA Civ 181: Appeal Against Striking Out of Financial Remedy Proceedings","[""2015] EWCA Civ 181""]; []",,"html"
"a07a571c-28d7-4846-857e-029740f2b4ac","CG (Jamaica) v The Secretary of State for the Home Department","[""[2015] EWCA Civ 194""]; []",,"html"
"3360d81e-93fe-44ee-8820-f3e5519ad7fd","McWilliam & Anor v Norton Finance (UK) Ltd","[""[2015] EWCA Civ 186""]; []",,"html"
"a5877c73-7050-4a2c-872c-8a8160a908aa","West Sussex County Council v Fuller [2015] EWCA Civ 189","[""[2015] EWCA Civ 189""]; []",,"html"
"e2a2d275-5039-453a-8699-cdaf24960b42","Barton v Wright Hassall Solicitors LLP [2015] EWCA Civ 757","[""[2015] EWCA Civ 757""]; []",,"html"
"b5ffd0ed-897d-401f-9a7a-84ec7a257c4d","Razzaq v Ageas Insurance Ltd","[""[2015] EWCA Civ 752""]; []",,"html"
"56d8134a-2d5b-4486-9939-e5639c676c98","Levi & Anor v Bates & Ors","[""[2015] EMLR 22"", ""[2015] WLR(D) 119"", ""[2015] EWCA Civ 206"", ""[2015] 3 WLR 769"", ""[2016] QB 91"", ""[2015] 2 Cr App R 19"", ""[2016] 1 All ER 625""]; []",,"html"
"4ec2e26c-1b99-4692-adfe-db9a32aa4015","HS2 Action Alliance, R (on the application of) v London Borough of Hillingdon & Anor [2015] EWCA Civ 203","[""[2015] WLR(D) 113"", ""[2015] 2 Costs LR 411"", ""[2015] EWCA Civ 203"", ""[2015] PTSR 1025""]; []",,"html"
"0ecfc6c2-efde-41e8-88f6-752980ffe78d","W v W [2015] EWCA Civ 201: Variation of Spousal Maintenance","[""[2015] EWCA Civ 201""]; []",,"html"
"05b0c3bb-9a8c-4883-a530-d7a1b852b1e6","ITV Broadcasting Ltd & Ors v TVCatchup Ltd & Ors [2015] EWCA Civ 204","[""[2015] EWCA Civ 204""]; []",,"html"
"a1c0d37c-8adf-4202-b001-04b73d1a53fd","NRAM Plc v McAdam & Anor","[""2015] EWCA Civ 751"", ""[2015] WLR(D) 334"", ""[2016] Bus LR 232""]; []",,"html"
"e4f77176-87a4-4c94-a861-62e0c23ba1e8","Newark And Sherwood Homes v Gorman","[""[2015] HLR 42"", ""[2015] EWCA Civ 764"", ""[2015] PTSR D34""]; []",,"html"
"109eb0b0-7a34-4d8c-bd5e-2ddf882231bb","Fraser v University of Leicester & Ors [2015] EWCA Civ 212","[""[2015] EWCA Civ 212""]; []",,"html"
"ce06e537-113e-4b62-b4c3-1f970c5b18a8","JG (Jamaica) v Secretary of State for the Home Department [2015] EWCA Civ 215","[""[2015] EWCA Civ 215""]; []",,"html"
"eda1427a-ac28-4c17-8ff9-e04199f4e39a","Hossain & Ors v Secretary of State for the Home Department [2015] EWCA Civ 207","[""[2015] EWCA Civ 207""]; []",,"html"
"3f9ea643-73f4-4f17-b89a-f4861c2d62c0","Smith v Carillion (JM) Ltd & Anor [2015] EWCA Civ 209","[""[2015] IRLR 467"", ""[2015] EWCA Civ 209""]; []",,"html"
"2861fb0d-fcc7-440d-86e2-45b40fd61ddc","Maier & Anor v Asos Plc & Anor [2015] EWCA Civ 220","[""[2015] ETMR 26"", ""[2015] EWCA Civ 220"", ""[2016] Bus LR 1063"", ""[2015] FSR 20""]; []",,"html"
"e0906f25-0cd7-4de7-a8ee-0446391f9d74","Re C (A Child) [2015] EWCA Civ 221: Appeal on Care Orders","[""2015] EWCA Civ 221""]; []",,"html"
"1b3f1357-0731-4894-9c17-a958eecd366a","Magnic Ltd v Ul-Hassan & Anor [2015] EWCA Civ 224","[""[2015] EWCA Civ 224""]; []",,"html"
"c5e12eb5-f30a-4f06-85dc-0ce7d3032714","SM & Ors (Somalia) v Entry Clearance Officer (Addis Ababa) [2015] EWCA Civ 223","[""[2015] EWCA Civ 223""]; []",,"html"
"054b5145-4f52-4a99-86c0-551bdc3d74d6","The Nursing and Midwifery Council v Daniels [2015] EWCA Civ 225","[""[2015] EWCA Civ 225""]; []",,"html"
"cacb5d9a-9e0d-482f-b905-78dbba64c288","J (A Child) [2015] EWCA Civ 222 – Appeal Against Care Order","[""2015] EWCA Civ 222""]; []",,"html"
"acd4bc07-e44a-4f18-8e9d-84600dc957d3","EA (Nigeria) v Secretary of State for the Home Department","[""[2015] EWCA Civ 759""]; []",,"html"
"a4c8ba58-4e75-4679-a768-4d65cd8e9155","Smith v Eversheds [2015] EWCA Civ 761","[""2015] EWCA Civ 761""]; []",,"html"
"9ec88c2a-5e3d-4d84-bc1e-cd8a55ad50cb","PJ (India) v Secretary of State for the Home Department [2015] EWCA Civ 765","[""[2015] EWCA Civ 765""]; []",,"html"
"49903331-b7b9-4644-88a0-aecf454bbe1c","Edginton v Sekhon & Anor [2015] EWCA Civ 816","[""2015] EWCA Civ 816"", ""[2015] 1 WLR 4435"", ""[2015] BPIR 1397""]; []",,"html"
"1e46b55d-0197-4ecb-bac9-9447778c0c76","SM & Ors (Somalia) v Secretary of State for the Home Department [2015] EWCA Civ 763","[""[2015] EWCA Civ 763""]; []",,"html"
"8be07d36-26e8-47af-aed3-0eb018c2c157","Smith v Secretary of State for Work and Pensions [2015] EWCA Civ 229","[""[2015] EWCA Civ 229""]; []",,"html"
"3e0760dd-4ca5-40ad-b2c3-a2a2e9ad50b7","Deutsche Bank AG London Branch v Petromena ASA [2015] EWCA Civ 226","[""[2015] 1 WLR 4225"", ""[2015] EWCA Civ 226"", ""[2015] 2 Lloyd's Rep 15"", ""[2015] CP Rep 27"", ""[2015] WLR(D) 133""]; []",,"html"
"4c259862-658f-49ff-b5f6-a487ed943f47","ITV Plc & Ors v The Pensions Regulator & Anor [2015] EWCA Civ 228","[""2015 EWCA Civ 228"", ""2015 Pens LR 389"", ""2015 WLR(D) 139"", ""2015 4 All ER 919"", ""2016 ICR 206""]; []",,"html"
"bfdd234f-62f5-43ff-afee-559e34362309","The Law Society & Ors v The Lord Chancellor: Judicial Review of Legal Aid Reforms [2015] EWCA Civ 230","[""[2015] EWCA Civ 230""]; []",,"html"
"c77a4abc-6f17-4643-b6c6-67d4dee0a1d4","Lakin v Lawrence & Anor [2015] EWCA Civ 272","[""[2015] EWCA Civ 272""]; []",,"html"
"3c9f3dd9-e96f-40ba-a9ea-655e1e94f485","V (A Child), Re [2015] EWCA Civ 274","[""[2015] EWCA Civ 274""]; []",,"html"
"ef9d54f4-75cc-4196-a10d-99b801d520d6","The Royal Society for the Protection of Birds v The Secretary of State for Environment Food And Rural Affairs & Ors","[""[2015] EWCA Civ 227""]; []",,"html"
"a2d4c14d-c36a-4601-8897-ecbcbf26ee59","Swampillai v Joseph [2015] EWCA Civ 261","[""[2015] EWCA Civ 261""]; []",,"html"
"41a74ddd-772a-48fc-a9a6-bd9e8f880e3d","KI (Nigeria) v Secretary of State for the Home Department [2015] EWCA Civ 255","[""[2015] EWCA Civ 255""]; []",,"html"
"189fec19-92aa-4caf-a922-f706c0c20356","PF (Nigeria) v The Secretary of State for the Home Department [2015] EWCA Civ 251","[""[2015] WLR 5235"", ""[2015] 1 WLR 5235"", ""[2015] INLR 762"", ""[2015] Imm AR 925"", ""[2015] EWCA Civ 251"", ""[2015] WLR(D) 149""]; []",,"html"
"1878f956-5221-4394-ab9f-c1746933d5d2","Secretary of State for the Home Department v AQ (Nigeria) & Ors [2015] EWCA Civ 250","[""[2015] EWCA Civ 250""]; []",,"html"
"f24206db-252f-4315-9329-1a0e99b5e099","Ellis v The Cabinet Office [2015] EWCA Civ 252","[""[2015] EWCA Civ 252""]; []",,"html"
"1d58611b-b062-4aa4-81ee-fd9ff8ad13e0","Foster v The Secretary of State for Justice [2015] EWCA Civ 281","[""[2015] EWCA Civ 281""]; []",,"html"
"e5d256f1-4fbd-419b-891e-3a39417be5d5","Unite the Union v Liverpool Victoria Banking Services Ltd & Ors [2015] EWCA Civ 285","[""[2015] EWCA Civ 285""]; []",,"html"
"697d305c-dff9-4e1f-88dc-180a1082593c","Fox Land and Property Ltd v Secretary of State for Communities and Local Government","[""2015""]; []",,"html"
"9f39f066-7cec-47f8-864b-0c6a821912a2","Gilbert v Secretary of State for Communities and Local Government & Ors","[""2015""]; []",,"html"
"644ed609-0437-4a2d-8cad-997c3b4deba0","Murphy v The Law Society","[""[2015] EWCA Civ 290"", ""[2015] FSR 19"", ""[2015] ETMR 27"", ""[2016] 1 All ER 226""]; []",,"html"
"44b99976-71ae-435b-aa10-247bcc8ef28b","Islam v The Secretary of State for the Home Department [2015] EWCA Civ 312","[""2015] EWCA Civ 312""]; []",,"html"
"c445b911-c7cc-4a6d-97f8-1be0949d9c0c","Triplerose Ltd v Ninety Broomfield Road RTM Co Ltd","[""[2015] HLR 29"", ""[2016] 1 WLR 275"", ""[2015] EWCA Civ 282"", ""[2015] L & TR 34"", ""[2015] WLR(D) 147""]; []",,"html"
"074ce087-492f-4b41-aa15-d0ba6226ecc9","Coope & Ors v Ward & Anor [2015] EWCA Civ 283","[""[2015] EWCA Civ 283""]; []",,"html"
"fe66700b-7dec-4067-b0eb-a0fca84066d7","KA, R (on the application of) v The Secretary of State for the Home Department & Anor","[""2021] WLR(D) 381"", ""[2021] Imm AR 1656"", ""[2021] EWCA Civ 1040"", ""[2021] 1 WLR 6018""]; []",,"html"
"b94ea4b6-6905-4f37-afea-a2e8a4e50fa8","Weymont & Anor v Place [2015] EWCA Civ 289","[""[2015] EWCA Civ 289""]; []",,"html"
"e3367bf1-963c-47c9-aea9-8dc4a1dc25bc","The Financial Conduct Authority v Capital Alternatives Ltd & Ors","[""[2015] WLR(D) 140"", ""[2016] 1 All ER (Comm) 384"", ""[2015] EWCA Civ 284"", ""[2016] 1 All ER 321"", ""[2015] 2 BCLC 502"", ""[2015] Bus LR 767""]; []",,"html"
"8be234db-f6e6-4349-847b-e47ecc71b82e","Ellam v Ellam [2015] EWCA Civ 287","[""[2015] EWCA Civ 287""]; []",,"html"
"b383caac-fd7d-4c01-94ca-c0561c940109","Re B (Child) (Relocation: Sweden) [2015] EWCA Civ 286","[""2015] EWCA Civ 286""]; []",,"html"
"a206a973-506b-4cfb-a0fa-79b98d0ca831","Google Inc v Vidal-Hall & Ors [2015] EWCA Civ 311","[""2015] EWCA Civ 311"", ""[2015] CP Rep 28"", ""[2015] 3 WLR 409"", ""[2016] QB 1003"", ""[2015] EMLR 15"", ""[2015] 3 CMLR 2"", ""[2015] FSR 25"", ""[2015] WLR(D) 156""]; []",,"html"
"9e116464-b368-451a-a242-346b71053ec3","Najim v London Borough of Enfield","[""[2015] HLR 19"", ""[2015] EWCA Civ 319""]; []",,"html"
"5d1d7e7f-f139-4170-9d7e-54641a5da1ba","Edenred (UK Group) Ltd v Her Majesty's Treasury & Ors [2015] EWCA Civ 326","[""[2015] EWCA Civ 326""]; []",,"html"
"d43e9179-fec2-4fc9-a5b0-3113b6e57fb4","Coll v Secretary of State for Justice [2015] EWCA Civ 328","[""[2015] 1 WLR 3781"", ""[2015] EWCA Civ 328"", ""[2015] WLR(D) 157""]; []",,"html"
"491450f4-6345-4345-b1bb-5472ec0b9f3a","Hayward v Zurich Insurance Company Plc [2015] EWCA Civ 327","[""[2015] EWCA Civ 327""]; []",,"html"
"bf0a4526-0c99-446e-91bc-c215e8a3f245","Re S (A Child) [2015] EWCA Civ 325 – Assessment of Long-Term Care Options","[""[2015] Fam Law 632"", ""[2016] 1 FLR 109"", ""[2015] EWCA Civ 325""]; []",,"html"
"549c27e9-1bbc-4d7e-bd3c-5d3d6d371d92","Jemai v Otkritie International Investment Management Ltd & Ors","[""[2015] EWCA Civ 766""]; []",,"html"
"00825743-5c73-4a9c-9ed2-645fb1f8943f","Patel v National Westminster Bank Plc","[""[2015] EWCA Civ 332""]; []",,"html"
"31401734-1668-4b5e-89af-d9e6b3791def","Swift 1st Ltd v The Chief Land Registrar","[""[2015] CH 602"", ""[2015] WLR(D) 167"", ""[2015] 1 CH 602"", ""[2015] EWCA Civ 330"", ""[2015] 1 Ch 602"", ""[2015] 3 WLR 239""]; []",,"html"
"46d332fc-7167-4dba-b33a-909c06ad712b","Swiss International Air Lines AG v The Secretary of State for Energy and Climate Change & Ors [2015] EWCA Civ 331","[""2015] EWCA Civ 331""]; []",,"html"
"d895d078-cb5f-4cc3-9c49-17fdde623b52","The London Steamship Owners' Mutual Insurance Association Ltd v The Kingdom of Spain & Anor","[""[2015] EWCA Civ 333""]; []",,"html"
"8bcf97fa-e23e-4385-aad9-742a41ca8cab","RE J (A Child) (1996 Hague Convention) (Morocco) [2015] EWCA Civ 329","[""2015] WLR(D) 201"", ""[2016] AC 1291"", ""[2015] Fam Law 628"", ""[2015] EWCA Civ 329"", ""[2015] 2 FLR 513"", ""[2015] 3 WLR 747""]; []",,"html"
"bb7658f2-fe9e-4eab-ac9c-123af30ad0d7","Long, R (On the Application Of) v Secretary of State for Defence","[""[2015] EWCA Civ 770"", ""[2015] 1 WLR 5006"", ""[2015] WLR(D) 320"", ""[2015] HRLR 17""]; []",,"html"
"8850c06b-bfef-4a8f-b2a3-67794e0b52c6","Begum v Birmingham City Council [2015] EWCA Civ 386","[""2015] EWCA Civ 386"", ""[2015] HLR 33"", ""[2015] CP Rep 32"", ""[2015] 3 Costs LO 387""]; []",,"html"
"cfdb261b-f20b-47f0-bfed-b11e313cbfd7","Thornhill v Cambridge City Council & Anor [2015] EWCA Civ 340","[""[2015] EWCA Civ 340""]; []",,"html"
"0316bd26-10bd-4b07-ab7d-e55d1540f719","Mashate v Kaguta [2015] EWCA Civ 342","[""[2015] EWCA Civ 342""]; []",,"html"
"4518c127-742b-4c3e-9bf0-9ffc698fe253","Uddin & Anor v London Borough of Islington","[""2015] EWCA Civ 369"", ""[2015] HLR 28""]; []",,"html"
"ec984d71-bdf1-4074-92f8-0ba6fc523ee7","K (A Child), Re [2015] EWCA Civ 352 - Custody Dispute and Jurisdiction Challenge","[""[2015] EWCA Civ 352""]; []",,"html"
"3c461599-681b-42b0-9877-a6d9ee8c314c","U (Children) [2015] EWCA Civ 334","[""[2015] EWCA Civ 334""]; []",,"html"
"57940112-dd2e-488c-8536-e1da5d16de7d","Société Coopérative De Production Seafrance S.A. v Competition and Markets Authority [2015] EWCA Civ 768","[""[2015] EWCA Civ 768""]; []",,"html"
"1a43cb39-9e56-4522-8bea-0ef0e51e2745","A (A Child) & Anor, R (On the Application Of) v Secretary of State for Health [2015] EWCA Civ 771","[""[2016] 1 WLR 331"", ""[2015] WLR(D) 335"", ""[2015] EWCA Civ 771"", ""[2015] Fam Law 1175"", ""[2016] 2 FLR 502"", ""146 BMLR 107"", ""(2015) 146 BMLR 107""]; []",,"html"
"fd1ee879-efef-4fc1-b6e0-617683d3c841","Maier & Anor v Asos Plc & Anor [2015] EWCA Civ 377","[""[2015] EWCA Civ 377""]; []",,"html"
"f55ad4c2-2be5-4151-b578-c66a5b927046","Way v Spectrum Property Care Ltd [2015] EWCA Civ 381","[""2015 EWCA Civ 381""]; []",,"html"
"edc2fc6e-68a1-4ebc-88a2-3ccdc59d63ed","McCracken v Smith & Ors [2015] EWCA Civ 380","[""[2015] EWCA Civ 380""]; []",,"html"
"18e56856-295c-48b1-ba4f-89ef8ee53d9c","Erste Group Bank AG v JSC 'VMZ Red October' & Ors","[""2015] EWCA Civ 379"", ""[2015] 1 CLC 706"", ""[2015] CN 654""]; []",,"html"
"1c452712-13f1-4283-9a85-4eea725151cb","The Independent Parliamentary Standards Authority v The Information Commissioner & Anor [2015] EWCA Civ 388","[""[2015] WLR(D) 194"", ""[2015] 1 WLR 2879"", ""[2015] WLR 2"", ""[2016] 1 All ER 911"", ""[2015] EWCA Civ 388""]; []",,"html"
"2ec88329-a340-43b5-8eaf-1e364bc2fc99","Schodlok v The General Medical Council [2015] EWCA Civ 769","[""[2015] EWCA Civ 769""]; []",,"html"
"6242e6ce-339a-4769-add2-ee51313abb4f","Re H-B (Contact) [2015] EWCA Civ 389","[""2015] Fam Law 634"", ""[2015] 2 FCR 581"", ""[2015] EWCA Civ 389""]; []",,"html"
"2bd10c54-07db-4985-85eb-0568607ef9f3","Procter v Raleys Solicitors [2015] EWCA Civ 400","[""[2015] EWCA Civ 400""]; []",,"html"
"a60ae3fa-ff82-413f-a294-e9d6c06c8677","Sharpe v The Bishop of Worcester [2015] EWCA Civ 399","[""[2015] IRLR 663"", ""[2015] WLR(D) 196"", ""[2015] EWCA Civ 399"", ""[2015] ICR 1241""]; []",,"html"
"bf494505-85a8-4740-a911-9f48446a79e1","The Secretary of State for the Home Department v SS (Congo) & Ors","[""2015 INLR 683"", ""2015 EWCA Civ 387"", ""2015 WLR(D) 199"", ""2015 Imm AR 1036"", ""2016 1 All ER 706""]; []",,"html"
"092f282e-d251-4c95-bc26-9bbe1b4ed3e8","Hin-Pro International Logistics Ltd v Compania Sud Americana De Vapores SA","[""[2015] EWCA Civ 401"", ""[2015] 2 Lloyd’s Rep 1""]; []",,"html"
"c6b9cb2a-95ce-4ed2-9140-c0aa2f9e0be5","AK & Ors, R (on the application of) v The Entry Clearance Office (Islamabad) & Anor [2021] EWCA Civ 1038","[""[2021] EWCA Civ 1038""]; []",,"html"
"5ee50d23-45cf-482e-b898-5a1247ee544b","Billett v Ministry of Defence (MOD) [2015] EWCA Civ 773","[""2015] EWCA Civ 773""]; []",,"html"
"73666d01-0dae-4b4c-bc2e-18aa02424497","Re E-R (A Child) [2015] EWCA Civ 405","[""2015] EWCA Civ 405""]; []",,"html"
"34556d1f-b826-4e5d-9145-f3bd62ff1165","Curran v Collins [2015] EWCA Civ 404","[""[2015] EWCA Civ 404""]; []",,"html"
"c92ffe78-045a-4e60-b071-6fd268c428d2","W (Children), Re [2015] EWCA Civ 403","[""2015] EWCA Civ 403""]; []",,"html"
"a369cbb7-ffae-4a83-8084-88778e2e2668","Parkingeye Ltd v Beavis [2015] EWCA Civ 402","[""[2015] WLR(D) 190"", ""[2015] EWCA Civ 402""]; []",,"html"
"d7101388-dfdf-4864-aa10-f18f2a5c515c","JG (Jamaica) v Secretary of State for the Home Department","[""[2015] EWCA Civ 410""]; []",,"html"
"880198af-2af1-43cd-b49e-c432a481f782","The Department for Energy and Climate Change v Breyer Group Plc & Ors","[""[2015] EWCA Civ 408"", ""[2015] 1 WLR 4559"", ""[2015] WLR(D) 192"", ""[2016] 2 All ER 220""]; []",,"html"
"26c4008c-2df3-4944-8a80-2a7e8e4368a4","Kevin Lillington v Ministry of Defence","[""[2015] EWCA Civ 775""]; []",,"html"
"d4f95cc2-f7cb-4ac4-a944-7003f8003e21","MT Højgaard A/S v E.On Climate And Renewables UK Robin Rigg East Ltd & Anor [2015] EWCA Civ 407","[""[2015] EWCA Civ 407""]; []",,"html"
"62e163a1-d628-45ae-8fa9-b75b12d8d0d3","Re: D (Children)","[""[2015] EWCA Civ 409""]; []",,"html"
"4b86085f-29d2-46f9-a843-bd7d18f23ee3","H (A Child) (Analysis of Realistic Options and SGOs) [2015] EWCA Civ 406","[""[2015] EWCA Civ 406""]; []",,"html"
"787c83c3-90f1-4743-a63b-0a55b833e7c7","Patel v Mussa [2015] EWCA Civ 434","[""2015] 1 WLR 4788"", ""[2015] CP Rep 33"", ""[2015] EWCA Civ 434"", ""[2015] WLR(D) 195""]; []",,"html"
"38bc3d86-0553-4c90-ad3a-a10639f51476","Ms Susan Louise Cox v Woodlands Manor Care Home","[""2015] CTLC 53"", ""[2015] 3 Costs LO 327"", ""[2015] EWCA Civ 415""]; []",,"html"
"9a69f28c-02c6-4fe8-99be-e42f072bd7b6","Ashley & Ors v Tesco Stores & Ors [2015] EWCA Civ 414","[""2015] EWCA Civ 414"", ""[2015] WLR(D) 11"", ""[2015] 1 WLR 5153""]; []",,"html"
"d7f627af-144a-43f8-8b3f-9af6c7c8f2ba","Michael Wilson & Partners Ltd v Sinclair & Ors","[""[2015] CP Rep 45"", ""[2015] EWCA Civ 774"", ""[2015] 4 Costs LR 707""]; []",,"html"
"6b469cae-92fb-40bb-b757-51824d87bfc1","Whapples, R (on the application of) v Birmingham Crosscity Clinical Commissioning Group & Anor","[""[2015] WLR(D) 198"", ""[2015] EWCA Civ 435""]; []",,"html"
"2b043349-1b46-4663-87ee-560f2b6eb866","MN (Adult) [2015] EWCA Civ 411","[""[2015] EWCA Civ 411"", ""[2015] COPLR 505"", ""[2015] 3 WLR 1585"", ""[2015] Med LR 287"", ""(2015) 18 CCL Rep 521"", ""[2015] WLR(D) 208"", ""[2016] Fam 87""]; []",,"html"
"70b0ef03-be9c-4887-ab44-1d2612419d39","A, R (on the application of) v The Secretary of State for Work and Pensions (Rev 1) [2015] EWCA Civ 772","[""[2015] EWCA Civ 772""]; []",,"html"
"c38616bc-e24b-4e74-b545-082324d6d9f4","Agyarko & Ors, R (on the application of) v The Secretary of State for the Home Department","[""2015] EWCA Civ 440"", ""[2016] INLR 198"", ""[2015] Imm AR 1201"", ""[2015] WLR(D) 205"", ""[2016] 1 WLR 390"", ""[2016] WLR 390""]; []",,"html"
"48712729-9a1b-4432-8f48-f5d5ad2ab7af","Chinnock v Wasbrough & Anor [2015] EWCA Civ 441","[""[2015] EWCA Civ 441""]; []",,"html"
"d0274784-a003-4439-8e79-06947376b0e7","CLFIS (UK) Ltd v Reynolds","[""2015 ICR 1010"", ""2015 IRLR 562"", ""2015 EWCA Civ 439"", ""2015 WLR(D) 197""]; []",,"html"
"adbfae0c-b473-4f94-9e74-30a2382d20ba","Trust Risk Group SPA v AmTrust Europe Ltd [2015] EWCA Civ 437","[""[2016] 1 All ER (Comm) 325"", ""[2015] EWCA Civ 437"", ""[2017] 1 CLC 456"", ""[2015] 2 Lloyd's Rep 154""]; []",,"html"
"c2fac702-56be-4c64-a368-3bfbfeb8ec34","Critchell v Critchell [2015] EWCA Civ 436","[""[2015] EWCA Civ 436""]; []",,"html"
"0b9c65d4-5a4b-404e-8e21-51600d9a5672","BK-S (Children) (Expert Evidence and Probability) [2015] EWCA Civ 442","[""2015] EWCA Civ 442""]; []",,"html"
"990af436-baa5-4482-8eac-7d89eeb9d206","G (An Adult), Re [2015] EWCA Civ 446","[""[2015] EWCA Civ 446""]; []",,"html"
"5b14093d-7ccf-4e1d-b7d1-4d177b1f07f6","African Minerals Ltd v Renaissance Capital Ltd [2015] EWCA Civ 448","[""[2015] EWCA Civ 448""]; []",,"html"
"402fc999-3102-45ef-94e8-c88fb02cdbee","P v P [2015] EWCA Civ 447","[""[2015] EWCA Civ 447""]; []",,"html"
"ccfac3ff-bd45-4efb-8ae7-496813227718","B v The Secretary of State for the Home Department","[""2016] QB 789"", ""[2015] 3 WLR 1031"", ""[2015] WLR(D) 210"", ""[2015] EWCA Civ 445""]; []",,"html"
"b78eb05e-67d0-4cda-b13f-3f97a12f82af","Kiani v The Secretary of State for the Home Department","[""[2015] ICR 1179"", ""[2016] 1 CMLR 15"", ""[2015] EWCA Civ 776"", ""[2015] IRLR 837"", ""[2015] WLR(D) 325"", ""[2016] 2 WLR 788"", ""[2015] HRLR 18"", ""[2016] QB 595"", ""[2016] 4 All ER 317"", ""[2015] CP Rep 43""]; []",,"html"
"c43026a8-63c6-464c-ac00-b5807b262b43","Elliottt v Stobart Group Ltd & Ors [2015] EWCA Civ 449","[""2015] EWCA Civ 449""]; []",,"html"
"71827a03-10ab-4368-893e-5d9beb3f62f9","Willis Ltd & Anor v Jardine Lloyd Thompson Group Plc & Ors [2015] EWCA Civ 450","[""[2015] EWCA Civ 450""]; []",,"html"
"05933f0b-5273-4041-92f9-f21c4fcfbdad","Wood v Capital Bridging Finance Ltd [2015] EWCA Civ 451","[""2015] EWCA Civ 451""]; []",,"html"
"d3a19b02-ffcf-47cd-b82f-b9a6fbcd8ac1","Dransfield & Anor v The Information Commissioner & Anor","[""[2016] Env LR 9"", ""[2015] WLR 5316"", ""[2015] EWCA Civ 454"", ""[2015] 1 WLR 5316"", ""[2015] WLR(D) 215""]; []",,"html"
"ed92a364-ef70-44f8-9e3b-6218ac80d824","Re T (Children), [2015] EWCA Civ 453 - Appeal on Interim Care Order","[""[2015] EWCA Civ 453""]; []",,"html"
"5655aba1-1ebb-43ee-bf33-d0ec9141c233","Target Group Ltd v Her Majesty's Revenue And Customs [2021] EWCA Civ 1043","[""[2021] STC 1662"", ""[2021] STI 1890"", ""[2021] BVC 15"", ""[2021] EWCA Civ 1043""]; []",,"html"
"ddb41c46-79af-4f91-b36d-e2fc1279f012","Raymond & Anor v Young & Anor [2015] EWCA Civ 456","[""[2015] HLR 41"", ""[2015] EWCA Civ 456""]; []",,"html"
"32505147-ef1f-49f1-b9fd-76386053e687","Petter v EMC Europe Ltd & Anor [2015] EWCA Civ 480","[""[2015] EWCA Civ 480""]; []",,"html"
"02f77877-7eea-4a50-9021-934a43653fca","Re P (Children) [2015] EWCA Civ 466 - Child Arrangements Order Appeal","[""[2015] EWCA Civ 466""]; []",,"html"
"e39e4442-80ce-4060-84fd-444693310fc1","Hartley & Ors v King Edward VI College [2015] EWCA Civ 455","[""2015 EWCA Civ 455"", ""2015 IRLR 650"", ""2015 WLR(D) 216"", ""2015 ICR 1143"", ""2015 ELR 513""]; []",,"html"
"a95c38a6-976a-4d35-a1bc-ccbc2a65b561","Watson Farley and Williams (a firm) v Ostrovizky [2015] EWCA Civ 457","[""[2015] EWCA Civ 457""]; []",,"html"
"d7fb9989-ebcc-4156-bcbd-bb8c1bfc7492","S (A Child) [2015] EWCA Civ 489","[""[2015] EWCA Civ 489""]; []",,"html"
"ea2650c6-4c6a-40f2-a9e5-3917399e7ec0","A (A Child) [2015] EWCA Civ 486","[""[2015] EWCA Civ 486""]; []",,"html"
"a81a43f1-cca1-4f45-abee-5a037c785e75","Re P (A Child) [2015] EWCA Civ 777 - Adoption Application Appeal Analysis","[""[2015] EWCA Civ 777""]; []",,"html"
"6aef13e8-fdba-4c7e-8a70-15e6c6b5a25b","School Facility Management Ltd & Ors v Governing Body of Christ The King College","[""[2021] EWCA Civ 1053"", ""[2021] 1 WLR 6129"", ""[2021] PTSR 1977"", ""[2021] WLR(D) 383""]; []",,"html"
"05e080ae-e1a9-4cc0-83db-2b5de7f9580e","Brown v London Borough of Haringey [2015] EWCA Civ 483","[""[2015] EWCA Civ 483"", ""[2017] WLR 542"", ""[2015] HLR 30"", ""[2017] 1 WLR 542"", ""[2016] 4 All ER 754""]; []",,"html"
"b3aa6343-7e44-4513-a1b4-8af1edf64432","Westminster City Council v Secretary of State for Communities and Local Government & Anor","[""[2015] EWCA Civ 482""]; []",,"html"
"ce2c5450-10ef-48fe-8096-640e3906f0b5","AstraZeneca AB & Anor v KRKA dd Novo Mesto & Anor [2015] EWCA Civ 484","[""[2015] EWCA Civ 484""]; []",,"html"
"2e3ae560-96e4-440a-b8a7-1a6c15a1dd05","The Joint Administrators of LB Holdings Intermediate 2 Ltd v Lehman Brothers Holdings Inc.","[""[2015] EWCA Civ 485"", ""[2015] 2 BCLC 433"", ""[2015] WLR(D) 218"", ""[2015] BPIR 1035"", ""[2015] BCC 431"", ""[2016] Ch 50"", ""[2015] 3 WLR 1205""]; []",,"html"
"3b9b5d3a-a466-4fcf-ab20-74caa5bb4ec1","The Financial Conduct Authority v. Macris [2015] EWCA Civ 490","[""2015""]; [""[2015] WLR(D) 219"", ""[2015] Bus LR 1141"", ""[2015] EWCA Civ 490""]",,"html"
"d2d218fb-5cb2-4d42-9835-3e293c334cd3","HRH Prince Abdul Aziz Bin Fahd Bin Abdul Aziz v Harb","[""2016] 3 All ER 902"", ""[2016] Ch 308"", ""[2015] EWCA Civ 481"", ""[2015] WLR(D) 213"", ""[2016] 2 WLR 533""]; []",,"html"
"d866f629-88dd-4a6b-903a-a6a38b50859a","Teva UK Ltd v Leo Pharma A/S [2015] EWCA Civ 779","[""[2015] EWCA Civ 779""]; []",,"html"
"f15e7a11-2936-4122-9b8c-7bbea078f37d","BM (Iran) v Secretary of State for the Home Department [2015] EWCA Civ 491","[""[2015] EWCA Civ 491""]; []",,"html"
"613b055c-dbd6-477a-bb6d-88681350da48","Oboh & Ors, R v Secretary of State for the Home Department","[""[2015] EWCA Civ 514"", ""[2015] INLR 633"", ""[2015] Imm AR 1216""]; []",,"html"
"62b41e7b-0019-4165-986a-7f98b68516ba","C (A Child), Re [2015] EWCA Civ 500","[""[2015] EWCA Civ 500""]; []",,"html"
"9312fb4b-88a2-4816-9854-0b08bf3bf234","HCA International Ltd v The Competition And Markets Authority [2015] EWCA Civ 492","[""[2015] EWCA Civ 492"", ""[2015] 1 WLR 4341"", ""[2015] WLR(D) 221""]; []",,"html"
"6f8e16bb-dd48-43a8-9488-a6b4c017df40","Re C (A Child) - Procedural Requirements and Expert Evidence","[""[2015] EWCA Civ 539""]; []",,"html"
"9be1a3a9-79c3-4f0b-9969-cad5cb726964","Associated Newspapers Ltd v Murray [2015] EWCA Civ 488","[""[2015] EWCA Civ 488""]; []",,"html"
"a97c7a6e-06b4-4f29-ae30-17592c6acf48","Société Coopérative De Production SeaFrance S.A. v Competition and Markets Authority & Anor [2015] EWCA Civ 487","[""[2015] EWCA Civ 487""]; []",,"html"
"e729b74c-3cad-4eb6-9e2a-cb5f0e51b503","Rovi Guides, Inc v Virgin Media Ltd & Ors [2015] EWCA Civ 781","[""[2015] EWCA Civ 781""]; []",,"html"
"12f4ec57-129a-43ac-b92e-f8b23d496057","Johnston v City of Westminster [2015] EWCA Civ 554","[""[2015] PTSR 1557"", ""[2015] EWCA Civ 554"", ""[2015] HLR 35"", ""[2015] WLR(D) 238""]; []",,"html"
"b56c33e0-c0d6-49f4-9c87-c81183a7bda3","FZ (China) v Secretary of State for the Home Department [2015] EWCA Civ 550","[""2015] EWCA Civ 550""]; []",,"html"
"a12be215-1d6e-4a9d-8335-44a1b8b13d60","Sarfraz v Disclosure and Barring Service [2015] EWCA Civ 544","[""[2015] EWCA Civ 544"", ""[2015] WLR(D) 236"", ""[2015] 1 WLR 4441""]; []",,"html"
"a18d4ebd-350f-4ee3-80d9-23d37b4163e1","Actavis UK Ltd & Ors v Eli Lilly & Company [2015] EWCA Civ 555","[""2015] EWCA Civ 555"", ""[2015] Bus LR 1068"", ""[2015] WLR(D) 274""]; []",,"html"
"88bb4a5f-a731-48de-9e0d-c8537ea915a0","Littlewoods Ltd & Ors v HM Revenue and Customs [2015] EWCA Civ 515","[""2016 Ch 373"", ""2015 WLR(D) 228"", ""2015 3 WLR 1748"", ""2015 BVC 26"", ""2015 STI 1791"", ""2015 STC 2014"", ""2015 EWCA Civ 515""]; []",,"html"
"01d73959-4b54-4b29-8624-940f8e46afdd","Goknur Gida Maddeleri Enerji Imalet Ithalat Ihracat Ticaret Ve Sanayi AS v Aytacli","[""2021 Costs LR 461"", ""[2021] EWCA Civ 1037"", ""[2021] 4 WLR 101"", ""[2021] 2 BCLC 702"", ""[2022] 3 All ER 1105"", ""[2021] WLR(D) 386"", ""[2022] 2 All ER (Comm) 205"", ""[2021] BCC 921""]; []",,"html"
"6447f3b0-75f5-477f-8bc5-26613187abbc","Gadhavi v Gadhavi [2015] EWCA Civ 520","[""[2015] EWCA Civ 520""]; []",,"html"
"0a33bca8-4f5d-497f-b492-4be838d483c2","Ikuga, R (on the application of) v Secretary of State for the Home Department","[""[2015] EWCA Civ 527""]; []",,"html"
"e9fdc950-afbf-4a58-b7e1-3650999ea96b","Stretchline Intellectual Properties Ltd v H&M Hennes & Mauritz UK Ltd [2015] EWCA Civ 516","[""2015] EWCA Civ 516""]; []",,"html"
"9f23ddf2-fa12-45c8-99f7-74539a06ee46","Luton Borough Council, R (on the application of) v Central Bedfordshire Council & Ors [2015] EWCA Civ 537","[""2015 EWCA Civ 537"", ""2015 WLR(D) 226""]; []",,"html"
"4d61560d-ecf9-4ce9-a7f2-63d5c1787b6e","Warner-Lambert Company, LLC v Actavis Group Ptc EHF & Ors","[""[2015] RPC 25"", ""457 BMLR 216"", ""[2015] EWCA Civ 556"", ""(2015) 457 BMLR 216""]; [""[2015] EWHC 223 (Pat)""]",,"html"
"ead82177-2c28-446e-98bd-e2a263f77d1d","Arbuthnott v Bonnyman & Ors [2015] EWCA Civ 536","[""[2015] EWCA Civ 536""]; []",,"html"
"cb147fdc-11ca-49d1-b853-892baa49a3f6","Arbili v Arbili [2015] EWCA Civ 542","[""[2015] EWCA Civ 542""]; []",,"html"
"016fd886-d85b-4e1c-a5f7-204c312dda9e","J S Bloor (Wilmslow) Ltd v Homes and Communities Agency","[""[2015] CN 878"", ""[2015] EWCA Civ 540""]; []",,"html"
"e9331369-fb78-4a8a-8011-b7e917fc0096","Wood & Anor v Waddington [2015] EWCA Civ 538","[""[2015] EWCA Civ 538""]; []",,"html"
"8fdfe6a7-e114-47fa-b005-b94cfd0a5ae4","RM (Sierra Leone) v The Secretary of State for the Home Department [2015] EWCA Civ 541","[""[2015] EWCA Civ 541""]; []",,"html"
"bd5ca662-5014-4b47-99e5-2577c81b10cf","Portland Gas Storage Ltd v HM Revenue & Customs [2015] EWCA Civ 559","[""[2015] EWCA Civ 559""]; []",,"html"
"6bfeca58-0e88-4ad8-9b93-77aca7ad6c68","Re K and H (Children) [2015] EWCA Civ 543","[""[2015] Fam Law 778"", ""[2015] WLR(D) 237"", ""[2015] 3 FCR 77"", ""[2015] 5 Costs LO 607"", ""[2015] 1 WLR 3801"", ""[2015] WLR 3801"", ""[2015] EWCA Civ 543"", ""[2016] 1 All ER 102""]; []",,"html"
"16b39d10-e94f-4e4d-8a1f-31df39e2ed4c","Mohamoud v Royal Borough of Kensington and Chelsea","[""[2015] HLR 38"", ""[2015] EWCA Civ 780"", ""[2015] WLR(D) 323"", ""[2015] BLGR 695"", ""[2016] PTSR 289""]; []",,"html"
"1196ec32-9e92-419f-aab5-739b209eedfd","Hoyl Group Ltd v Cromer Town Council [2015] EWCA Civ 782","[""[2015] EWCA Civ 782"", ""[2015] HLR 43""]; []",,"html"
"7db87d40-07e9-4c44-97bb-906d6ab342ca","Giri v Secretary of State for the Home Department","[""2016] 1 WLR 4418"", ""2016 WLR 4418"", ""2015 EWCA Civ 784"", ""2015 WLR(D) 341"", ""2016 Imm AR 46"", ""2016 INLR 94""]; []",,"html"
"de30e21f-a724-4582-a00e-330f5860c93d","Crick v Crick & Ors [2015] EWCA Civ 826","[""[2015] EWCA Civ 826""]; []",,"html"
"914bc64c-4303-414d-a88c-13e98555fbfb","AS (Iran) v Secretary of State for the Home Department","[""[2015] EWCA Civ 824""]; []",,"html"
"2dc9c63b-f386-4985-9fbf-4c238b0ca453","Bottrill v Harling [2015] EWCA Civ 564","[""2015] EWCA Civ 564""]; []",,"html"
"347c70f0-fdb2-4d98-b0bb-be80ffc7461f","McDonnell v The Commissioner of Police for the Metropolis & Anor [2015] EWCA Civ 565","[""2015] EWCA Civ 565""]; []",,"html"
"b9ec9b6d-684d-430b-a532-9891f93ad579","Wall & Ors v Winchester City Council & Anor [2015] EWCA Civ 563","[""[2015] EWCA Civ 563""]; []",,"html"
"6e35844c-05e2-4652-bcd8-3f18adba3893","Theodossiades v Smith & Ors [2015] EWCA Civ 566","[""[2015] EWCA Civ 566""]; []",,"html"
"b2eae199-0fcf-429b-aa06-3ba27b2f0639","DP (Mauritius) v Secretary of State for the Home Department","[""[2015] EWCA Civ 578""]; []",,"html"
"abc88167-90f9-4d9a-b6a0-8d4adaaf3242","Vann & Ors v Ocidental - Companhia De Seguros SA [2015] EWCA Civ 572","[""[2015] EWCA Civ 572""]; []",,"html"
"096b6b56-b6b3-44cd-91a9-b8a5e6837e49","Hossain v Secretary of State for the Home Department [2015] EWCA Civ 579","[""[2015] EWCA Civ 579""]; []",,"html"
"8ff2bec9-9f36-4dba-ab10-117bd71957a3","McDonnell v The Commissioner of Police for the Metropolis & Anor","[""[2015] EWCA Civ 573""]; []",,"html"
"28c54caf-70dd-4276-ac42-e98900e18240","Levett v Health And Care Professions Council","[""[2015] EWCA Civ 580""]; []",,"html"
"7cbf6153-b255-4eff-9620-cbd823642ebe","H (Children), Re [2015] EWCA Civ 583","[""2015""]; []",,"html"
"dd5eabef-d08c-46c0-8b63-f85fa0c36671","Turner v The Secretary of State for Communities and Local Government & Ors","[""[2015] EWCA Civ 582""]; []",,"html"
"cca4a98f-d299-4808-bd3a-dfb1a7b0905c","M'P-P (Children), Re [2015] EWCA Civ 584","[""[2015] EWCA Civ 584""]; []",,"html"
"4233e7fd-a23f-4f46-aeaf-81c15078e3f1","King v The Chiltern Dog Rescue & Anor [2015] EWCA Civ 581","[""[2016] 1 P & CR DG4"", ""[2015] EWCA Civ 581"", ""[2016] 2 WLR 1"", ""[2015] WTLR 1225"", ""[2016] Ch 221"", ""[2015] WLR(D) 245""]; []",,"html"
"4e410876-707a-4a56-99c5-68a2084c37a4","W-J (Children), Re [2015] EWCA Civ 788","[""[2015] EWCA Civ 788""]; []",,"html"
"dc1a5063-3c29-4956-8bc1-371d28c03116","QM (Pakistan) v Secretary of State for the Home Department","[""[2015] EWCA Civ 786""]; []",,"html"
"414ed6fc-8dde-4c09-b9ea-1599972296b3","French v Carter Lemon Camerons LLP","[""[2015] EWCA Civ 785""]; []",,"html"
"a4466503-fa6e-40e0-8b29-fed7465f0af9","Shanks v Unilever Plc & Ors [2015] EWCA Civ 787","[""[2015] EWCA Civ 787""]; []",,"html"
"fd387248-9592-4847-a802-9357170e4de2","OE (Jamaica) v Secretary of State for the Home Department","[""[2015] EWCA Civ 827""]; []",,"html"
"d7e26b55-29e0-43a1-a668-857eea7d5b9f","Mungu, R (On the Application Of) v The Secretary of State for the Home Department","[""[2021] 4 WLR 105"", ""[2021] INLR 613"", ""[2021] EWCA Civ 1076"", ""[2021] WLR(D) 393""]; []",,"html"
"e0bcc389-6559-4cea-a9e3-fbea5884f8ab","Kandore Ltd & Ors v Commissioners for Her Majesty's Revenue and Customs","[""[2021] EWCA Civ 1082"", ""[2021] STC 1524"", ""[2021] WLR(D) 394"", ""[2021] WLR 6168"", ""[2021] 1 WLR 6168"", ""[2021] STI 1887"", ""[2021] BTC 21""]; []",,"html"
"0f9e339e-5c9f-4470-83c0-6e03443b1200","Davison v Davison & Ors [2015] EWCA Civ 587","[""[2015] EWCA Civ 587""]; []",,"html"
"ba9f67c7-1fc1-41c7-899b-4c40b3516f46","Lowdon v Jumpzone Leisure UK Ltd [2015] EWCA Civ 586","[""[2015] EWCA Civ 586""]; []",,"html"
"7ffda681-b86a-4d7d-864c-7dd3a414f80e","Danso v Secretary of State for the Home Department [2015] EWCA Civ 596","[""[2015] EWCA Civ 596""]; []",,"html"
"653f5240-7160-47e4-9009-db4466a660e2","Liverpool Women's Hospital NHS Foundation Trust v Ronayne [2015] EWCA Civ 588","[""[2015] EWCA Civ 588"", ""[2015] WLR(D) 263""]; []",,"html"
"72dfe89b-31fc-4c66-81e7-88f110e2081b","Graves v Brouwer [2015] EWCA Civ 595","[""[2015] EWCA Civ 595""]; []",,"html"
"99f63403-1cb2-44fb-abe8-b0f4257b698a","Kingsley v Office of the Immigration Services Commissioner","[""[2015] EWCA Civ 602""]; []",,"html"
"33d054b2-7fbd-46fa-945e-c7e748f223cb","Chai v Peng [2015] EWCA Civ 790","[""[2015] EWCA Civ 790""]; []",,"html"
"1ffc626c-55e5-4137-be1b-bea6ab452e62","Khan v Secretary of State for the Home Department [2015] EWCA Civ 603","[""[2015] EWCA Civ 603""]; []",,"html"
"faa12868-8822-41b7-8fa2-d0ab2868aaa9","Mapfre Mutualidad Compania De Seguros Y Reaseguros SA & Anor v Keefe (2015) EWCA Civ 598","[""2015] 2 CLC 15"", ""[2015] EWCA Civ 598"", ""[2015] CP Rep 39"", ""[2016] Lloyd's Rep IR 94"", ""[2016] WLR 905"", ""[2016] 1 WLR 905"", ""[2015] WLR(D) 265""]; []",,"html"
"8647323c-e687-47ea-a40c-835aee2085a9","Re X (Court of Protection Practice) [2015] EWCA Civ 599","[""[2015] EWCA Civ 599"", ""[2016] 1 FCR 65"", ""[2015] COPLR 582"", ""[2016] 1 All ER 533"", ""[2015] WLR(D) 257"", ""[2016] 1 WLR 227""]; []",,"html"
"fc5c5a5a-9c2c-448e-a9fe-8d3b81c09a1b","Larkfleet Homes Ltd (R) v Rutland County Council & Ors","[""[2015] EWCA Civ 597"", ""[2015] WLR(D) 258""]; []",,"html"
"e54ce8ea-8313-45a3-9901-43818c64770a","Vale S.A. & Ors v Steinmetz & Ors","[""[2021] WLR(D) 391"", ""[2021] EWCA Civ 1087""]; []",,"html"
"8cccfa6a-5a42-48fc-a859-4e6a397b9b0e","SA (India) v Secretary of State for the Home Department [2015] EWCA Civ 791","[""[2015] EWCA Civ 791""]; []",,"html"
"e0efa499-286a-4696-a869-98cba1c411f7","Fox v Hall [2015] EWCA Civ 794","[""[2015] EWCA Civ 794""]; []",,"html"
"c3ba635e-0e6b-44d8-884e-f7bfefa66969","R: T (Children) [2015] EWCA Civ 606","[""[2016] 1 WLR 14"", ""[2015] Fam Law 1054"", ""[2016] WLR 14"", ""[2015] WLR(D) 264"", ""[2015] EWCA Civ 606""]; []",,"html"
"95b42ee3-e579-437c-9e8d-f7857b8e3495","SA (Sri Lanka) v Secretary of State for the Home Department","[""[2015] EWCA Civ 605""]; []",,"html"
"c2b61a28-e6dc-4787-b815-40e5d460ec41","Kenbata v Unison [2015] EWCA Civ 604","[""2015] EWCA Civ 604""]; []",,"html"
"9142c256-428f-4a73-aa37-5a94f01b68f2","Smith & Nephew Plc v Convatec Technologies Inc","[""[2015] RPC 32"", ""[2015] EWCA Civ 607""]; []",,"html"
"9ae4bb2e-75ef-4733-a35d-66d61620f6e5","Home Office (UK Border Agency) v Essop & Ors","[""2015 EWCA Civ 609"", ""2015 WLR(D) 269"", ""2015 IRLR 724"", ""2015 ICR 1063""]; []",,"html"
"efecb22b-96fe-48bc-a2ff-e85851ddb751","May (On the Application Of) v Rother District Council & Ors","[""2015] EWCA Civ 610"", ""[2015] PTSR D36""]; []",,"html"
"a120c813-e964-4acb-a482-11dd674f628b","Frontier Agriculture Ltd v Bratt Brothers (a firm) [2015] EWCA Civ 611","[""2015] WLR(D) 275"", ""[2015] EWCA Civ 611""]; []",,"html"
"ffe19f43-7ddb-4e23-9e1b-e61233d034ae","Koussa v Secretary of State for the Home Department","[""[2015] EWCA Civ 618""]; []",,"html"
"7ab9c057-769a-4296-8322-59aa9d45ca47","Akter, R (On the Application Of) v The Secretary of State for the Home Department","[""[2015] EWCA Civ 626""]; []",,"html"
"b8bee572-24a8-42b4-a131-4b449ca14f7b","OS (Nigeria) v Secretary of State for the Home Department [2015] EWCA Civ 625","[""[2015] EWCA Civ 625""]; []",,"html"
"f77c60de-2518-47d5-9ebf-08814c75d146","Naylor v Essex County Council: Permission to Appeal Dismissed in Village Green Registration Case","[""2015] EWCA Civ 627""]; []",,"html"
"3bd9611e-8a1b-4bda-8bd6-747b0479db82","Stocker v Stocker [2013] EWCA Civ 628","[""[2013] EWCA Civ 628""]; []",,"html"
"4c08ed14-9c24-47f7-965b-813db4327c88","Swynson Ltd v Lowick Rose LLP","[""[2015] EWCA Civ 629"", ""[2016] 1 WLR 1045"", ""[2015] 2 CLC 102"", ""[2015] PNLR 28"", ""[2015] WLR(D) 278""]; []",,"html"
"0163e3f3-97cd-4829-b9a7-e697a71ad123","Zaman v Saleem [2015] EWCA Civ 640","[""[2015] EWCA Civ 640""]; []",,"html"
"40a2a5db-26ba-41ea-b03a-5cc162e0d336","Ijomanta v Solicitors Regulation Authority [2015] EWCA Civ 793","[""[2015] EWCA Civ 793""]; []",,"html"
"11e19665-6bc8-45ce-85f2-40a433dc32d1","Reeve v Reeve [2015] EWCA Civ 616","[""[2015] EWCA Civ 616""]; []",,"html"
"277c985f-57cd-45fb-ba0e-1126bdc20a22","Southern Housing Group Ltd v Kontou [2015] EWCA Civ 617","[""[2015] EWCA Civ 617""]; []",,"html"
"0a950bca-fe1e-4a09-9646-9a3a1a7a0504","Honeyghan v Campbell [2015] EWCA Civ 633","[""[2015] EWCA Civ 633""]; []",,"html"
"d21e0825-d138-4cfa-bced-b774bd2913c0","Karia v Karia & Ors [2015] EWCA Civ 634","[""2015] EWCA Civ 634""]; []",,"html"
"39df6304-6d5c-4744-8f1a-adcd4015ef46","Nizami v Dezyanian [2015] EWCA Civ 632","[""2015] EWCA Civ 632""]; []",,"html"
"fc3a7d73-0542-421b-9be1-12f07edcfd92","Group Seven Ltd & Anor v Allied Investment Corporation Ltd & Ors [2015] EWCA Civ 631","[""[2015] EWCA Civ 631""]; []",,"html"
"94c490be-f617-4e7f-8b87-096fe35ee578","Singh & Anor v The Secretary of State for the Home Department [2015] EWCA Civ 630","[""[2016] Imm AR 1"", ""[2015] EWCA Civ 630""]; []",,"html"
"e5bae26b-066c-48eb-bc75-96bc4f536a80","Parmar & Others v Upton [2015] EWCA Civ 795","[""[2015] EWCA Civ 795""]; []",,"html"
"8305fadb-81eb-4d0c-a8f7-0c57b067c506","BP (Pakistan) v Secretary of State for the Home Department","[""2015] EWCA Civ 638""]; []",,"html"
"8e95ee7c-f3e7-459a-8de1-c8415f53f850","BP (Sri Lanka) v Secretary of State for the Home Department [2015] EWCA Civ 635","[""[2015] EWCA Civ 635""]; []",,"html"
"808323c1-98b5-41c6-895e-c9716c2af332","FM (Afghanistan) & Ors v SSHD [2015] EWCA Civ 637","[""[2015] EWCA Civ 637""]; []",,"html"
"f6086e73-a8b3-44cb-98b1-62ed418b801b","BS (Congo) & Ors v Secretary of State for the Home Department [2015] EWCA Civ 639","[""[2015] EWCA Civ 639""]; []",,"html"
"c12f4a46-7eed-4eaa-a742-c9fe07915d57","Patel v Secretary of State for the Home Department [2015] EWCA Civ 645","[""[2015] EWCA Civ 645""]; []",,"html"
"4df5055b-652b-4653-8ff7-917796fcd20c","Secretary of State for Work and Pensions & Anor v Hughes & Ors","[""2021] EWCA Civ 1093"", ""[2021] WLR(D) 414"", ""[2022] ICR 215"", ""[2021] Pens LR 17""]; []",,"html"
"8d10f639-afdd-4cee-893d-c3b4fbaefe7b","Tesco Stores Ltd v Forest of Dean District Council [2015] EWCA Civ 800","[""[2015] EWCA Civ 800""]; []",,"html"
"81d01868-5d9b-4213-a17c-ce1084ca043a","Dixon Coles & Gill (A Former Firm) v Baines, Bishop of Leeds & Anor [2021] EWCA Civ 1097","[""[2021] WLR(D) 412"", ""[2022] 1 All ER (Comm) 1155"", ""[2022] Ch 195"", ""[2022] 2 All ER 1019"", ""[2021] EWCA Civ 1097"", ""[2021] WTLR 1247"", ""[2022] 2 WLR 16"", ""[2022] PNLR 4""]; []",,"html"
"aac27f32-3476-4a21-bbfc-084c5a3f95ce","MK (Afghanistan) v Secretary of State for the Home Department","[""[2015] EWCA Civ 643""]; []",,"html"
"75ad43ed-2225-44c3-9d79-b646de448af4","MG (Pakistan) v Secretary of State for the Home Department","[""[2015] EWCA Civ 641""]; []",,"html"
"7026a9da-7399-439b-a532-b7ef45661a07","MS (Sri Lanka) v Secretary of State for the Home Department [2015] EWCA Civ 644","[""[2015] EWCA Civ 644""]; []",,"html"
"e301644c-f153-4d39-93bd-7da66904c1b3","The Commissioner of Police of the Metropolis v DSD and NBV & Ors [2015] EWCA Civ 646","[""[2015] 3 WLR 966"", ""[2016] QB 161"", ""[2016] 1 Cr App R 2"", ""[2015] EWCA Civ 646"", ""[2015] WLR(D) 282""]; []",,"html"
"393c3939-5c84-47e7-80eb-af154a93839b","Powell, R (on the application of) v The Brighton Marina Company Ltd & Ors","[""[2015] EWCA Civ 650""]; []",,"html"
"d9167d92-3e2d-462b-b1dd-0c42056c65b9","Chaplair Ltd v Kumari [2015] EWCA Civ 798","[""2015] CP Rep 46"", ""[2015] EWCA Civ 798"", ""[2015] HLR 39""]; []",,"html"
"0591e293-f3c5-4db6-9abe-20f16e06ea87","S (A Child), Re [2015] EWCA Civ 649","[""[2015] EWCA Civ 649""]; []",,"html"
"ba88c240-b4fb-473e-a047-da1a1ad3d735","SS, R (on the application of) v Secretary of State for the Home Department & Anor","[""[2015] EWCA Civ 652""]; []",,"html"
"4f10d793-a218-460c-89ce-d36b506dbe6b","APVCO 19 Ltd & Ors, R (on the application of) v HM Treasury & Anor","[""[2015] STI 2021"", ""[2015] EWCA Civ 648"", ""[2015] WLR(D) 279"", ""[2015] BTC 26"", ""[2015] STC 2272""]; []",,"html"
"c517af8b-ba1c-40e9-8164-a10271388f1f","The Northampton Regional Livestock Centre Company Ltd v Cowling & Anor [2015] EWCA Civ 651","[""[2015] EWCA Civ 651"", ""[2016] PNLR 5"", ""[2015] 4 Costs LO 477""]; []",,"html"
"d7b4351d-8340-4a01-ba73-f80e92cf0449","Amin v Director General of the Security Service & Ors [2015] EWCA Civ 653","[""[2015] EWCA Civ 653""]; []",,"html"
"d9e49f87-eae5-424f-856b-7e483531a28c","Bagum v Hafiz & Anor [2015] EWCA Civ 801","[""2015] Fam Law 1192"", ""[2015] EWCA Civ 801"", ""[2015] CP Rep 44"", ""[2015] 3 WLR 1495"", ""[2016] Ch 241"", ""[2015] WTLR 1303"", ""[2015] WLR(D) 329""]; []",,"html"
"44b51f4b-41be-44cf-bd2b-71a71752cf49","Holton v Bupa Care Homes (CFH Care) Ltd [2015] EWCA Civ 825","[""2015] EWCA Civ 825""]; []",,"html"
"c7763be7-d3d8-4e78-acc8-2eae10851872","Bhardwaj v FDA & Ors [2015] EWCA Civ 658","[""2015] EWCA Civ 658""]; []",,"html"
"0f10aeb5-97b0-441b-a4b3-9ccc7a758b9f","Amin v Director General of the Security Service & Ors","[""[2015] EWCA Civ 654""]; []",,"html"
"cd9810c9-9f44-4279-b870-e1d0ce5ff63f","Ecotricity (Next Generation) Ltd v Secretary of State for Communities & Local Government","[""2015] EWCA Civ 657""]; []",,"html"
"04fcfc54-1338-428c-a536-6120f563fc0f","Wishart v Credit & Mercantile Plc [2015] EWCA Civ 655","[""[2016] BPIR 209"", ""[2015] 2 P & CR 15"", ""[2015] EWCA Civ 655""]; []",,"html"
"7df33e97-698d-4a21-adda-79f22cbde414","LT (Kosovo) v Secretary of State for the Home Department (Rev 1) [2015] EWCA Civ 662","[""[2015] EWCA Civ 662""]; []",,"html"
"699810e4-2b71-409c-9b7a-99c1d7cee191","Ilott v Mitson: Maintenance under the Inheritance Act","[""[2015] EWCA Civ 797"", ""[2015] 2 FCR 547"", ""[2015] WTLR 1399"", ""[2015] 2 FLR 1409"", ""[2016] 1 All ER 932"", ""[2015] Fam Law 1196""]; []",,"html"
"a4ec64ea-8708-47c9-adea-6bc16e59b8af","R v R [2015] EWCA Civ 796 - Interim Maintenance and Sanctions Legislation","[""[2016] 1 All ER 50"", ""[2015] WLR(D) 337"", ""[2015] EWCA Civ 796"", ""[2016] Fam 153"", ""[2015] 3 FCR 1"", ""[2016] 2 WLR 127"", ""[2015] Fam Law 1330""]; []",,"html"
"3d68e965-6b20-45cb-893e-99d9f3f05232","AO (Ghana) v Secretary of State for the Home Department [2015] EWCA Civ 661","[""[2015] EWCA Civ 661""]; []",,"html"
"4288d755-6b29-4b60-b9b5-f0087eeaf3aa","Mahmood v Secretary of State for the Home Department","[""[2015] EWCA Civ 660""]; []",,"html"
"a98c3c27-7fd1-486e-aa2d-aeb499762e15","Islam & Ors v the Secretary of State for the Home Department [2015] EWCA Civ 659","[""[2015] EWCA Civ 659""]; []",,"html"
"711dfe71-6aa0-4dd2-b55e-f56129b83584","Raj and Knoll Ltd v Secretary of State for the Home Department","[""[2015] EWCA Civ 663""]; []",,"html"
"c2ed3287-3177-4309-a473-e1e57dca764f","Carbon Smart Ltd v Prevista Ltd [2015] EWCA Civ 668","[""[2015] EWCA Civ 668""]; []",,"html"
"50f3324e-7e20-444c-b5c6-18d53dfb80ed","MTR Bailey Trading Ltd v Barclays Bank Plc [2015] EWCA Civ 667","[""[2015] EWCA Civ 667""]; []",,"html"
"0d8befb1-5805-4af4-bd72-aee8af719258","Reed Employment Plc & Ors v HM Revenue and Customs","[""[2015] EWCA Civ 805"", ""[2015] STC 2518"", ""[2015] BTC 24"", ""[2015] STI 2531""]; []",,"html"
"1a7625cd-60c9-4487-a9b3-c1090d738669","Actavis UK Ltd & Ors v Eli Lilly & Company","[""[2015] EWCA Civ 666""]; []",,"html"
"2af012ee-f986-4994-98cf-058ffb2ae39c","Andrews v Secretary of State for Environment Food and Rural Affairs","[""[2015] EWCA Civ 669"", ""[2016] PTSR 112"", ""[2015] WLR(D) 293""]; []",,"html"
"cf730fc2-bf37-499b-8428-74697668b3af","Brownlie v Four Seasons Holdings Incorporated [2015] EWCA Civ 665","[""[2015] CP Rep 40"", ""[2015] WLR(D) 292"", ""[2015] 2 CLC 151"", ""[2016] 1 WLR 1814"", ""[2015] EWCA Civ 665"", ""[2016] PIQR P2""]; []",,"html"
"876679bc-ea67-473e-8613-3c0c88c0292f","Gilbert v The Secretary of State for Justice [2015] EWCA Civ 802","[""[2015] EWCA Civ 802""]; []",,"html"
"29106524-22a0-4410-a8a6-c9fc60308a2a","Smith & Nephew Plc v Convatec Technologies Inc & Ors [2015] EWCA Civ 803","[""[2015] EWCA Civ 803""]; []",,"html"
"074bb39f-6bb9-48a1-9c11-81ec978eb6ab","Arcadia Group Brands Ltd & Ors v Visa Inc & Ors [2015] EWCA Civ 883","[""[2015] WLR(D) 359"", ""[2015] EWCA Civ 883""]; []",,"html"
"c7d7b0b4-3f5d-4a44-92d8-171d7090fc18","Petter v EMC Europe Ltd & Anor [2015] EWCA Civ 828","[""[2015] EWCA Civ 828""]; []",,"html"
"1aff3ddd-0938-450d-9908-1f81e9b3407b","Re L-K [2015] EWCA Civ 830","[""[2015] EWCA Civ 830""]; []",,"html"
"fefc90a2-23cd-4d0a-9e87-0367294dd7f5","Sood v Secretary of State for the Home Department","[""[2015] EWCA Civ 831"", ""[2016] Imm AR 61""]; []",,"html"
"11d55bbc-5f61-44c1-956b-ee923813bee8","Re D (A Child) [2015] EWCA Civ 829: Child Arrangements Order Appeal","[""[2015] EWCA Civ 829""]; []",,"html"
"e61cabb4-ab09-4abb-81fb-83596fb9943d","Northrop Grumman Missions Systems Europe Ltd v BAE Systems (AL Diriyah C4I) Ltd","[""[2015] EWCA Civ 844""]; []",,"html"
"81bfb6d8-8055-43f9-90a8-690809e7888d","Re T (A Child) [2015] EWCA Civ 842 - Appeal on Factual Finding of Sexual Abuse","[""[2015] EWCA Civ 842""]; []",,"html"
"93f96b6c-e159-4d0f-9a4a-426b59236c55","J v A South Wales Local Authority [2021] EWCA Civ 1102","[""[2021] EWCA Civ 1102""]; []",,"html"
"e68ffe9b-3c78-4e66-ad6f-d6865f9c5118","Birch v Birch [2015] EWCA Civ 833","[""2015] EWCA Civ 833"", ""[2015] CN 1500"", ""[2016] 2 FLR 467""]; []",,"html"
"b9498527-3250-49cd-9d8e-ed7c0dda200e","Volkswagen Financial Services (UK) Ltd v HM Revenue & Customs","[""[2015] EWCA Civ 832"", ""[2015] STI 2533"", ""[2015] BVC 32"", ""[2016] STC 417""]; []",,"html"
"e38f7f1f-118b-414c-821c-8241a46548f5",,"[""[2016] 1 Lloyd's Rep 42"", ""[2016] 2 All ER Comm 1037"", ""[2015] EWCA Civ 835"", ""[2015] CN 1331"", ""[2015] CP Rep 48""]; []",,"html"
"286b2c34-281e-4227-9651-ccbd2c91b1d5","CLG & Ors v Chief Constable of Merseyside Police [2015] EWCA Civ 836","[""[2015] EWCA Civ 836""]; []",,"html"
"fcbf3975-3755-45fa-9124-191d1a392003","Wood v Sureterm Direct Ltd & Capita Insurance Services Ltd [2015] EWCA Civ 839","[""[2015] EWCA Civ 839""]; []",,"html"
"82f5c106-cf97-452e-9f2a-a70e0a1abe1d","G (Child), Re [2015] EWCA Civ 834","[""[2015] EWCA Civ 834""]; []",,"html"
"90df9a2a-8f73-496d-a66c-7e0cca6490d0","Raja v McMillan [2021] EWCA Civ 1103","[""[2021] EWCA Civ 1103""]; []",,"html"
"2f914f2a-4e9e-4235-83ee-b6fbc5671820","Iqbal & Ors, R (on the application of) v The Secretary of State for the Home Department","[""[2015] EWCA Civ 838"", ""[2016] WLR 582"", ""[2016] Imm AR 77"", ""[2016] 2 All ER 469"", ""[2016] 1 WLR 582"", ""[2015] WLR(D) 351"", ""[2016] INLR 367""]; []",,"html"
"87816e6a-cd90-4f61-998f-293481ecae05","The Lord Chancellor v Detention Action [2015] EWCA Civ 840","[""[2015] Imm AR 1349"", ""[2015] EWCA Civ 840"", ""[2015] WLR(D) 352"", ""[2016] 3 All ER 626"", ""[2016] INLR 79"", ""[2015] 1 WLR 5341"", ""[2015] WLR 5341""]; []",,"html"
"d26aa936-bf3b-4b38-88fa-07b3016f44bf","Allied Fort Insurance Services Ltd & Ors v Creation Consumer Finance Ltd (t/a 'Premium First')","[""[2015] EWCA Civ 841""]; []",,"html"
"f13484bc-85d6-4815-8aaf-269f7b86bc6f","HK (Iraq) v Secretary of State for the Home Department","[""2015] EWCA Civ 851""]; []",,"html"
"ddf6e3b2-8747-4412-8949-df0771d48d10","TN (Iraq) & Ors v Secretary of State for the Home Department","[""[2015] EWCA Civ 852""]; []",,"html"
"89c56cc6-742d-4425-a12d-f2c3e23eb43e","London Borough of Wandsworth v Tompkins & Anor [2015] EWCA Civ 846","[""[2015] HLR 44"", ""[2015] EWCA Civ 846"", ""[2015] WLR(D) 357"", ""[2016] PTSR 102""]; []",,"html"
"35ea4140-8675-4709-97cb-1cb2373c4ea4","Mohammed & Ors v Secretary of State for Defence [2015] EWCA Civ 843","[""[2015] EWCA Civ 843"", ""[2016] 2 WLR 247""]; []",,"html"
"73747391-2c79-417a-9586-5c141f28b46a","MR (India) v Secretary of State for the Home Department","[""[2015] EWCA Civ 862""]; []",,"html"
"56628732-6af0-4769-90c1-83214dec216d","Ali & Others v Secretary of State for the Home Department [2015] EWCA Civ 860","[""[2015] EWCA Civ 860""]; []",,"html"
"ed502a56-5e3c-484c-8704-ffd0a38c137a","Coghlan v Bailey & Anor [2015] EWCA Civ 863","[""[2015] EWCA Civ 863""]; []",,"html"
"bb5a6dca-45f5-41a1-8a6f-f9852505f85c","O'Cathail v Transport for London [2015] EWCA Civ 864","[""2015] EWCA Civ 864""]; []",,"html"
"312c8f0a-60ad-42fb-9c3b-1fbeda28968d","Bhuiyan v Sainsbury's Plc","[""[2015] EWCA Civ 859""]; []",,"html"
"87f59b8e-17e2-4466-88dc-f8cbb9e4b22a","FA (Bangladesh) v Secretary of State for the Home Department","[""[2015] EWCA Civ 874""]; []",,"html"
"5b7011e5-3772-49e1-b544-acee27bd96c4","Velasquez Taylor v Secretary of State for the Home Department","[""[2015] EWCA Civ 845""]; []",,"html"
"72ae3a8b-04b1-4146-b2fc-cc57e1da7a25","Howard & Anor v Wigan Council & Anor [2015] EWCA Civ 854","[""2015] EWCA Civ 854""]; []",,"html"
"a14b5499-40f8-4f7a-ba64-48af979c96de","Kahiga v London Borough of Barnet [2015] EWCA Civ 857","[""2015] EWCA Civ 857""]; []",,"html"
"604335ba-4ce6-42a5-a6bb-61ecc3b46c1c","Vatish v Crown Prosecution Service [2015] EWCA Civ 853","[""2015] EWCA Civ 853""]; []",,"html"
"9b0fc4fa-445a-4d1d-8a3f-60ba2845c769","RF (Jamaica) & Anor v Secretary of State for the Home Department","[""[2015] EWCA Civ 855""]; [""[2015] EWCA Civ 855""]",,"html"
"fdf14071-836d-467e-9a6e-8a1694188bfd","Larkfleet Ltd, R (on the application of) v South Kesteven District Council & Anor","[""2015] EWCA Civ 887"", ""[2016] Env LR 4"", ""[2015] PTSR D50""]; []",,"html"
"f2e6ea92-6d6a-445a-9c8c-ce90c21b0dd6","McMullon v Secure the Bridge Ltd [2015] EWCA Civ 884","[""[2015] EWCA Civ 884""]; []",,"html"
"4b00f2f2-f830-47f2-83ba-bab6f303d861","Thomas v Secretary of State for the Home Department","[""[2015] EWCA Civ 856""]; []",,"html"
"6d67446c-88e3-4c35-9b74-49fed3ca4999","SN (Botswana) v Secretary of State for the Home Department","[""[2015] EWCA Civ 870""]; []",,"html"
"f5b32886-8b05-4dd1-8591-1eebef6c00c4","ET (Albania) v Secretary of State for the Home Department [2015] EWCA Civ 871","[""[2015] EWCA Civ 871""]; []",,"html"
"ea182694-544d-4368-91f2-42d18c1a4ddd","Ifejika v Ifejika [2015] EWCA Civ 873","[""[2015] EWCA Civ 873""]; []",,"html"
"144b89b8-e198-4578-bb59-f23644e6c7e1","ZG (Afghanistan) v Secretary of State for the Home Department [2015] EWCA Civ 866","[""[2015] EWCA Civ 866""]; []",,"html"
"7dc17ac1-9784-4bba-acf1-d5dd2feaf557","Grizzy Business Ltd v Stena Drilling [2015] EWCA Civ 867","[""[2015] EWCA Civ 867""]; []",,"html"
"bbd953ad-fc34-492c-8034-215fa9b7414d","B (A Child) (Habitual Residence) (Inherent Jurisdiction) [2015] EWCA Civ 886","[""[2015] WLR(D) 364"", ""[2015] EWCA Civ 886"", ""[2016] 2 WLR 487"", ""[2015] Fam Law 1339""]; []",,"html"
"95bcc2fc-4905-4c81-8780-4fff6bee3f78","Bourne v Lloyds Tsb Bank Plc & Anor [2015] EWCA Civ 881","[""[2015] EWCA Civ 881""]; []",,"html"
"50ad0fef-c59e-464c-8d87-04a50c7ac07d","Ramirez v Maheswari [2015] EWCA Civ 879","[""[2015] EWCA Civ 879""]; []",,"html"
"b89e7355-a3c5-4910-8e28-e3245f87366e","Barnsley & Ors v Noble [2015] EWCA Civ 875","[""[2015] EWCA Civ 875""]; []",,"html"
"35b0fee6-530f-4f3d-bedc-e08c931d52f6","Thames Blue Green Economy Ltd v The Secretary of State for Environment, Food And Rural Affairs","[""[2015] EWCA Civ 876""]; []",,"html"
"8bb97653-97e3-4519-9d6a-8d6cf5787f20","Royale Parks Ltd v Secretary of State for Housing, Communities and Local Government & Anor","[""[2022] PTSR 184"", ""[2021] WLR(D) 406"", ""[2021] EWCA Civ 1101""]; []",,"html"
"7f67ea05-f66e-4ab8-ade1-0c8877ae1d92","Wyeth LLC v Merck Sharp & Dohme (UK) Ltd [2021] EWCA Civ 1099","[""[2021] EWCA Civ 1099""]; []",,"html"
"95bb5a6f-99eb-4cc4-974b-95e335262f84","Garland & Anor v Secretary of State for Environment, Food And Rural Affairs","[""[2021] EWCA Civ 1098""]; []",,"html"
"82300a0d-98c4-4cb7-90dd-a3b8acc12cdf","F (A Child) (International Relocation Cases) [2015] EWCA Civ 882","[""2015] EWCA Civ 882"", ""[2016] 2 FCR 368"", ""[2016] Fam Law 565"", ""[2017] 1 FLR 979""]; []",,"html"
"320702b4-23ba-48d3-ae1b-552fe7f1320b","Firrozmand v London Borough of Lambeth","[""2015] EWCA Civ 890""]; []",,"html"
"a1525372-4bdc-4949-8f7c-25d48e0565d3","Smieja v London Borough of Bexley","[""[2015] EWCA Civ 895""]; []",,"html"
"e55b2bcd-c806-49f1-8b91-647450f700cf","O'Sullivan v Financial Services Authority [2015] EWCA Civ 896","[""[2015] EWCA Civ 896""]; []",,"html"
"8fb98ca3-51f6-443f-9867-ba07ded7e9b1","CB (A Child) [2015] EWCA Civ 888 - Adoption Proceedings and Jurisdiction Issues","[""2015] Fam Law 1344"", ""[2015] WLR(D) 365"", ""[2016] 2 WLR 410"", ""[2016] 1 FLR 1286"", ""[2015] EWCA Civ 888"", ""[2016] Fam 123""]; []",,"html"
"21ae9139-1951-42b1-b286-e8381251e8b4","Stone v Humberside Police & Anor [2015] EWCA Civ 903","[""[2015] EWCA Civ 903""]; []",,"html"
"096a665d-f74c-435d-8065-2861e20bdf92","Morris & Anor, R (on the application of) v Rhondda Cynon TAF County Borough Council","[""2015] EWCA Civ 905""]; []",,"html"
"b5913f39-0611-4550-b7a3-d97e1fc4f9c9","Kalu v Brighton and Sussex University Hospitals NHS Trust & Ors [2015] EWCA Civ 897","[""2015] EWCA Civ 897""]; []",,"html"
"65bf49ff-8617-4d7d-b15a-dae3d77116b7","JSC Mezhdunarodniy Promyshlenniy Bank & Anor v Pugachev & Ors [2015] EWCA Civ 906","[""[2015] EWCA Civ 906""]; []",,"html"
"9804f537-6871-4c0f-87c4-30140f538ae1","Ghadami v Bloomfield & Ors [2015] EWCA Civ 914","[""[2015] EWCA Civ 914""]; []",,"html"
"1a38cde6-97e1-4d4a-b574-2b9dc6c6f745","Eurasian Natural Resources Corporation Ltd v Dechert LLP [2015] EWCA Civ 915","[""[2015] EWCA Civ 915""]; []",,"html"
"1490c7ac-e459-4253-ac47-856382b1a478","SS Tanzania v Secretary of State for the Home Department","[""[2015] EWCA Civ 917""]; []",,"html"
"0e5bbfc9-3497-4079-b3c4-3570851600e6","Jamai v Otkkritie International Investment Management [2015] EWCA Civ 916","[""[2015] EWCA Civ 916""]; []",,"html"
"0151e29e-c137-45f9-9f69-dc0ccb964d29","Bawden v WM Morrison Supermarkets Plc","[""[2015] EWCA Civ 957""]; []",,"html"
"e71178fb-dc7e-4f20-ae6f-c7416fce6852","FT (Ivory Coast) v The Secretary of State for the Home Department","[""[2015] EWCA Civ 900""]; []",,"html"
"cddd3b9f-aa6e-4fc0-a8f1-45fecb553fa5","Paszkiewicz v Jeyes Ltd [2015] EWCA Civ 904","[""[2015] EWCA Civ 904""]; []",,"html"
"696da091-7a9a-44ed-abd5-1ef93f7d1dc6","L (A Child), Re [2015] EWCA Civ 901","[""[2015] EWCA Civ 901""]; []",,"html"
"e352d481-b0d4-4544-ab08-8b098720517a","Secretary of State for the Home Department v KD (Jamaica) [2015] EWCA Civ 911","[""[2015] EWCA Civ 911""]; []",,"html"
"c1a375d6-d040-4234-84e3-513b690b1f02","Lancashire Constabulary v Wilson & Anor [2015] EWCA Civ 907","[""[2015] EWCA Civ 907""]; []",,"html"
"bcc5f43b-1811-49c6-82c7-104db70dfb65","Halpern & Ors v Greater London Authority [2015] EWCA Civ 909","[""[2015] EWCA Civ 909""]; []",,"html"
"39dbe281-653d-4e77-9594-c319d178e11b","A (A Child), Re [2015] EWCA Civ 910","[""2015] EWCA Civ 910""]; []",,"html"
"914ec116-ee88-4a51-b135-f47c917f2a0e","Goldtrail Travel Ltd v Aydin & Ors [2015] EWCA Civ 926","[""[2015] EWCA Civ 926""]; []",,"html"
"ddaa6308-a69f-476f-b152-1299083956f9","Firoozmand v London Borough of Lambeth [2015] EWCA Civ 952","[""[2015] WLR(D) 374"", ""[2015] EWCA Civ 952"", ""[2016] PTSR 65"", ""[2015] HLR 45""]; []",,"html"
"9c914de1-0366-4840-86b8-527a00fc2a88","FAS v Secretary of State for the Home Department & Anor [2015] EWCA Civ 951","[""2016 2 FLR 1035"", ""2016 2 All ER 251"", ""2016 1 WLR 407"", ""2015 Fam Law 1449"", ""2016 1 FCR 191"", ""2015 WLR(D) 396"", ""2016 WLR 407"", ""2015 EWCA Civ 951""]; []",,"html"
"271926b0-47b9-40e0-9dec-40272ffe5732","Fardous v Secretary of State for the Home Department [2015] EWCA Civ 931","[""2015] EWCA Civ 931""]; []",,"html"
"01024db6-688d-42da-bdbf-02dd0fa80e82","Unison, R (On the Application Of) v The Lord Chancellor [2015] EWCA Civ 935","[""[2016] 4 All ER 25"", ""[2015] IRLR 911"", ""[2015] EWCA Civ 935"", ""[2016] ICR 1"", ""[2015] WLR(D) 370"", ""[2016] 1 CMLR 25""]; []",,"html"
"9f703fd0-f018-492b-87f6-c27a8fa7c28b","Tchameni v Jones [2015] EWCA Civ 954","[""[2015] EWCA Civ 954""]; []",,"html"
"b982ae38-8b1a-4db6-86ce-2242f86bb996","Gopee & Ors v London Mercantile Court","[""[2015] EWCA Civ 944""]; []",,"html"
"1b2b3cd2-1292-4842-b359-a8a1704dc68c","Capehorn v Harris [2015] EWCA Civ 955","[""[2015] EWCA Civ 955""]; []",,"html"
"a435973d-c9b8-41e4-ade2-cd34f1f148ff","TH (Pakistan) v Secretary of State for the Home Department [2015] EWCA Civ 956","[""[2015] EWCA Civ 956""]; []",,"html"
"9d079fa6-2224-4a04-9aee-ae042b7ff739","Ahern v Southern Housing Group Ltd [2015] EWCA Civ 962","[""[2015] EWCA Civ 962""]; []",,"html"
"270a7a8f-7f38-4fe7-ac53-617dcb955baf","EM (Zimbabwe) v Secretary of State for the Home Department","[""[2015] EWCA Civ 961""]; []",,"html"
"2bc89040-44d9-4ccb-a24b-fa7b1bd5690d","JA (Sri Lanka) v Secretary of State for the Home Department [2015] EWCA Civ 964","[""[2015] EWCA Civ 964""]; []",,"html"
"41ddc1a5-bc41-4bef-8212-a5c148029a55","Kerr, R (on the application of) v Secretary of State for the Home Department","[""[2015] EWCA Civ 965""]; []",,"html"
"f52deedd-ffa5-472c-be23-b959a15db5f6","BG (Jamaica) v Secretary of State for the Home Department [2015] EWCA Civ 960","[""[2015] EWCA Civ 960""]; []",,"html"
"3cb4f547-83af-4a6d-852e-18cabf05feea","Razoq, R (On the Application Of) v General Medical Council [2015] EWCA Civ 972","[""[2015] EWCA Civ 972""]; []",,"html"
"709d819b-b974-47ac-8e0e-46b9114bb366","NC (Zambia) v Secretary of State for the Home Department [2015] EWCA Civ 969","[""[2015] EWCA Civ 969""]; []",,"html"
"be737125-5301-4495-9e5f-80080f4caaf6","NP (Sri Lanka) v The Secretary Of State For The Home Department [2015] EWCA Civ 975","[""[2015] EWCA Civ 975""]; []",,"html"
"e094dd97-690a-4f1f-8101-60a1b91ff49a","HS (India) v Secretary for the Home Department","[""[2015] EWCA Civ 970""]; []",,"html"
"c597a048-f028-4964-86ec-b69087e8687f","Lemtelsi, R (On the Application Of) v Secretary of State for the Home Department","[""[2015] EWCA Civ 967""]; []",,"html"
"32d99e86-0b98-4404-9be5-f27b2bb8a938","Manchester City Football Club Ltd v The Football Association Premier League Ltd & Ors","[""[2021] WLR(D) 410"", ""[2021] 1 WLR 5513"", ""[2022] 1 All ER (Comm) 995"", ""[2021] EWCA Civ 1110""]; []",,"html"
"2c6b1248-4e2c-460b-9cc8-b1eda02b1c9b","Personal Management Solutions Ltd & Anor v Brakes Bros Ltd & Ors [2015] EWCA Civ 985","[""[2015] EWCA Civ 985""]; []",,"html"
"ea213c94-5273-4df9-bdb1-c7e7c66dfed5","HK (Bangladesh) v Secretary of State for the Home Department","[""[2015] EWCA Civ 963""]; []",,"html"
"9c134ffc-3c0d-436d-b685-3afd924f80b8","Dutton & Ors v Minards & Ors [2015] EWCA Civ 984","[""[2015] EWCA Civ 984""]; []",,"html"
"a1fcbe31-60cf-480d-aa88-19492f68df24","Crestsign Ltd v National Westminster Bank Plc & Anor [2015] EWCA Civ 986","[""[2015] EWCA Civ 986""]; []",,"html"
"1f82689e-4964-4681-9f30-5bf71b6d8288","Rehman v T Class Security Ltd","[""2015] EWCA Civ 981""]; []",,"html"
"a61f5378-eba4-4c6f-bfd2-2353b6ffef64","T (A Child : Early Permanence Placement) [2015] EWCA Civ 983","[""[2015] Fam Law 4571"", ""[2016] 1 FCR 521"", ""[2015] EWCA Civ 983"", ""[2017] 1 FLR 330""]; []",,"html"
"40bd0370-824f-4da5-bc3b-f579332eeec8","Re Q (A Child) [2015] EWCA Civ 991","[""2015] EWCA Civ 991""]; []",,"html"
"723edc11-7e16-4747-a59a-d34f92c45b9e","Ralph v Ralph [2021] EWCA Civ 1106: Rectification of Trust Declaration","[""2021] WLR(D) 408"", ""2021] 4 WLR 128"", ""2021] EWCA Civ 1106""]; []",,"html"
"d608a78a-c7a8-4c63-be11-04b351b39f62","M (Children), Re [2015] EWCA Civ 994","[""[2015] EWCA Civ 994""]; []",,"html"
"9014042d-bfa2-4c47-af7d-06f30723b4db","K-L (Children), Re [2015] EWCA Civ 992","[""2016] 4 WLR 123"", ""2015] Fam Law 4570"", ""2015] EWCA Civ 992"", ""2016] 2 FLR 863""]; []",,"html"
"67717e1c-b5c1-4c88-85ff-ee62178e437b","Blakemores LDP v Scott & Anor [2015] EWCA Civ 999","[""[2015] EWCA Civ 999""]; []",,"html"
"9844702c-c2b0-4354-ac06-36da76a7fc64","O'Brien v Ministry of Justice [2015] EWCA Civ 1000","[""[2016] 1 CMLR 28"", ""[2015] EWCA Civ 1000"", ""[2015] Pens LR 543"", ""[2016] ICR 1073"", ""[2016] ICR 182"", ""[2015] WLR(D) 406"", ""[2015] IRLR 1005""]; []",,"html"
"f48af02a-b8d2-4c72-81d4-5e495883d9cb","IG (Child Abduction Habitual Residence Article 13b) [2021] EWCA Civ 1123","[""2021] EWCA Civ 1123""]; []",,"html"
"eabb0edc-643c-4b47-9695-3589ceb3a8f4","SPL Private Finance (PF2) IC Ltd & 5 Ors v Farrell","[""[2015] EWCA Civ 1004""]; []",,"html"
"5f8ee07f-810a-4a3c-8bc4-63f880f8a275","Berntsen & Anor v Tait & Anor [2015] EWCA Civ 1001","[""[2015] EWCA Civ 1001""]; []",,"html"
"0ca9753f-7a74-48ce-a4f3-6f559b63e6cf","AH (Algeria) v Secretary of State for the Home Department & Anor","[""[2015] EWCA Civ 1003"", ""[2016] Imm AR 160"", ""[2016] 1 WLR 2071"", ""[2015] WLR(D) 413"", ""[2016] 3 All ER 453"", ""[2016] WLR 2071"", ""[2016] INLR 545""]; []",,"html"
"ea772c81-3002-463d-9196-4b349d17d64e","Barons Finance Ltd v Barons Bridging Finance & Anor [2015] EWCA Civ 1016","[""[2015] EWCA Civ 1016""]; []",,"html"
"a6ba2568-c81f-4703-8a5c-bff13cf0bef8","Smech Properties v Runnymede Borough Council [2015] EWCA Civ 1017","[""[2015] EWCA Civ 1017""]; []",,"html"
"76c9de50-47cd-46ab-8ca1-246a653ef805","Mishcon De Reya (a firm) & Anor v Caliendo & Anor [2015] EWCA Civ 1029","[""2015 EWCA Civ 1029"", ""2015 5 Costs LR 849""]; []",,"html"
"0dd77b72-25b9-498c-a445-0b01293050a8","Sky Ltd & Ors v Skykick, UK Ltd & Anor","[""2021] RPC 17"", ""[2021] EWCA Civ 1121""]; []",,"html"
"c1d32629-9e44-4510-9630-eb10dabe93b2","No. 1 West India Quay (Residential) Ltd v East Tower Apartments Ltd","[""[2021] WLR(D) 403"", ""[2021] EWCA Civ 1119""]; []",,"html"
"558d3609-1aae-4983-8158-4506630e6c7a","Davies v Davies [2015] EWCA Civ 1008","[""[2015] EWCA Civ 1008""]; []",,"html"
"5ac33708-68f7-450c-a622-c023257aa2c9","Optaglio Ltd v Tethal & Anor [2015] EWCA Civ 1002","[""[2015] EWCA Civ 1002""]; []",,"html"
"127d64c7-23cb-4675-a476-609f2c7c2e52","Pearson v Anwar [2015] EWCA Civ 1011","[""[2015] EWCA Civ 1011""]; []",,"html"
"cafdc4e4-3e1e-4994-afdf-f2cd0952b6db","The Governor & Company of the Bank of Ireland v Shah & Anor [2015] EWCA Civ 1018","[""[2015] EWCA Civ 1018""]; []",,"html"
"76527f6d-f4e3-4008-97d4-6932994987a1","J v. C [2015] EWCA Civ 1019 - Appeal on Committal for Breach of Parental Return Orders Under Hague Convention","[""[2015] EWCA Civ 1019""]; []",,"html"
"81cb9515-fc10-499e-a958-4a276d184ea3","A (Children : Adoption : long Term Foster Care), Re [2015] EWCA Civ 1021","[""[2015] EWCA Civ 1021""]; []",,"html"
"8e5233b8-f53f-493d-b74d-5262db993621","Colin George Watts v Revenue And Customs","[""[2021] EWCA Civ 1124""]; []",,"html"
"9ee00635-86fc-48d1-9834-37ca1ae9aff5","Kiarie, R (On the Application Of) v The Secretary of State for the Home Department [2015] EWCA Civ 1020","[""2016] 3 All ER 741"", ""[2016] 1 WLR 1961"", ""[2015] WLR(D) 410"", ""[2015] EWCA Civ 1020"", ""[2016] INLR 212"", ""[2016] Imm AR 209""]; []",,"html"
"b9769b3a-f9d0-400d-89be-4b2f5eba5cf4","Air Canada & Ors v Emerald Supplies Limited & Ors [2015] EWCA Civ 1024","[""[2016] Bus LR 145"", ""[2015] WLR(D) 411"", ""[2015] EWCA Civ 1024""]; []",,"html"
"82d8ca93-47f5-468a-805f-22afbaf56924","Dixon & Anor v Blindley Heath Investments Ltd & Anor [2015] EWCA Civ 1023","[""2016] 4 All ER 490"", ""2017] 1 All ER (Comm) 319"", ""2017] Ch 389"", ""2015] EWCA Civ 1023"", ""2017] 3 WLR 166"", ""2015] CN 1587""]; []",,"html"
"f07e4542-88b0-4ee6-999e-60088a4f4fd6","F (Child's Objections) (was Re N on appeal) [2015] EWCA Civ 1022","[""2015] EWCA Civ 1022""]; []",,"html"
"73fe0f18-0a06-444e-9eb7-31d5b9017da5","R (A Child) [2015] EWCA Civ 1026 – Appeal on Custody and Return Order","[""2015] EWCA Civ 1026""]; []",,"html"
"b1e165a1-f8ff-432e-8e88-e0367e794fdf","P-G (Children) v [2015] EWCA Civ 1025 - Appeal Against Findings of Fact in Family Law","[""[2015] EWCA Civ 1025""]; []",,"html"
"e9e9eced-e2d9-4a88-98f9-7d708cff8e3e","M-B (Children) [2015] EWCA Civ 1027: Appeal concerning findings of child injury","[""[2015] EWCA Civ 1027""]; []",,"html"
"3e752bef-c2d8-4493-9693-376487c51dfe","Michael Wilson & Partners, Ltd v Emmott [2015] EWCA Civ 1028","[""[2015] EWCA Civ 1028""]; []",,"html"
"abfc3629-fd06-4f96-ab73-b2a798ed0bb7","Sumpter, R (on the application of) v Secretary of State for Works and Pensions [2015] EWCA Civ 1033","[""[2015] EWCA Civ 1033""]; []",,"html"
"5a0c68e4-1bf9-4380-825f-6c86695b71e9","Wilson and Sharp Investments Ltd v Harbour View Developments Ltd [2015] EWCA Civ 1030","[""[2015] TCLR 10"", ""[2015] EWCA Civ 1030""]; []",,"html+PDF"
"f89d1ff4-6b09-41b4-8765-edb755cbcc8d","Actial Farmaceutica LDA v De Simone [2015] EWCA Civ 1032","[""[2015] EWCA Civ 1032""]; []",,"html"
"d5a4833e-7f68-462e-9c82-2f7ce854c335","B (A Child) - Appeal Against Change of Residence Order","[""[2015] EWCA Civ 1041""]; []",,"html"
"91ebe769-0493-491c-a23d-c09e24ea6103","JA (Ghana) v The Secretary of State for the Home Department [2015] EWCA Civ 1031","[""[2015] EWCA Civ 1031""]; []",,"html"
"b1960fec-2516-4877-a836-ab1becd231a4","W, X, Y And Z, R (on the application of) v The Secretary of State for Health & Ors","[""[2015] WLR(D) 420"", ""[2016] WLR 698"", ""[2016] 1 WLR 698"", ""[2015] EWCA Civ 1034""]; []",,"html"
"420adfdc-70bc-4293-b1a5-9a8876de4d6d","Oyesanya v Mid-Yorkshire Hospital NHS Trust","[""[2015] 5 Costs LR 911"", ""[2015] EWCA Civ 1049""]; []",,"html"
"c0d2d0ef-05ce-450e-91a0-dbe94aca3b6c","Taylor Goodchild Ltd v Scott Taylor & Anor","[""[2021] EWCA Civ 1135"", ""[2022] BCC 1155"", ""[2022] 2 BCLC 27""]; []",,"html"
"8676b221-986a-44b2-9727-9ad8467ba2d4","Shanghai Shipyard Co. Ltd. v Reignwood International Investment (Group) Company Ltd","[""[2021] WLR(D) 417"", ""[2021] WLR 5408"", ""[2021] 1 WLR 5408"", ""[2021] EWCA Civ 1147""]; []",,"html"
"23c9ffc8-7808-4e53-b4ad-e95a6e6ba145","Dargamo Holdings Ltd & Anor v Avonwick Holdings Ltd & Ors","[""[2021] 2 CLC 583"", ""[2022] 1 All ER (Comm) 1244"", ""[2021] EWCA Civ 1149""]; []",,"html"
"9a045160-a264-4598-b1bb-6f8d9cada5bd","AL (Nigeria) v Secretary of State for the Home Department","[""[2015] EWCA Civ 1039""]; []",,"html"
"95fb6c9b-0808-46e5-8fd3-e472367ef022","O (A Child) [2015] EWCA Civ 1040","[""[2015] EWCA Civ 1040""]; []",,"html"
"a44d2394-6c51-459e-96d7-b5bf64ea6567","Stolt Kestrel BV v Sener Petrol Denizcilik Ticaret AS [2015] EWCA Civ 1035","[""[2016] 1 Lloyd's Rep 125"", ""[2015] EWCA Civ 1035""]; []",,"html"
"b0407053-05d4-4dce-b9ae-507de4b199b4","DMWSHNZ Ltd v HM Revenue and Customs [2015] EWCA Civ 1036","[""2015 EWCA Civ 1036"", ""2015 BTC 32"", ""2017 STC 1076"", ""2015 STI 3036""]; []",,"html"
"41fa955d-c81a-4e72-a5d9-78e4db3e847b","Barons Finance Ltd v Odedra [2013] EWCA Civ 1045","[""[2013] EWCA Civ 1045""]; []",,"html"
"2a258a6a-297d-497d-b114-9acc23b100b6","Secretary of State for the Home Department v GA & Ors","[""[2021] WLR(D) 416"", ""[2021] EWCA Civ 1131""]; []",,"html"
"d9f847ad-9dcb-47d7-ae7a-5de44abdb09b","Municipio De Mariana & Ors v BHP Group Plc & Anor [2021] EWCA Civ 1156","[""[2022] WLR 919"", ""[2021] WLR(D) 430"", ""[2021] EWCA Civ 1156"", ""[2022] 1 WLR 919""]; []",,"html"
"85fcd54c-9f7c-4a34-b190-9369b12a5c48","Calder v Secretary of State for Justice [2015] EWCA Civ 1050","[""[2015] WLR(D) 418"", ""[2015] EWCA Civ 1050""]; []",,"html"
"9f7144c3-0480-4650-8810-9ef33647231a","Tetteh, R (on the application of) v Secretary of State for the Home Department [2015] EWCA Civ 1046","[""2015] EWCA Civ 1046""]; []",,"html"
"241ec0c6-5950-4d66-91ba-81a36821bc4d","Khurma v Secretary of State for the Home Department","[""[2015] EWCA Civ 1042""]; []",,"html"
"690a531f-b00a-4df1-ada3-16dc4aaf4447","Samuels v Birmingham City Council [2015] EWCA Civ 1051","[""2016] PTSR 558"", ""[2015] HLR 47"", ""[2015] WLR(D) 435"", ""[2016] 4 All ER 589"", ""[2015] EWCA Civ 1051""]; []",,"html"
"e182fab2-c427-495f-acba-7921ceac1430","Barnes v Phillips [2015] EWCA Civ 1056","[""[2015] EWCA Civ 1056""]; []",,"html"
"d581dfa8-b119-49d8-bee9-90f379eae095","KW & Ors v Rochdale Metropolitan Borough Council [2015] EWCA Civ 1054","[""(2015) 18 CCL Rep 744"", ""[2015] WLR(D) 425"", ""[2016] WLR 198"", ""[2015] EWCA Civ 1054"", ""[2016] 1 WLR 198"", ""[2016] CP Rep 6"", ""[2016] COPLR 77"", ""[2016] 2 All ER 181"", ""[2016] 1 FCR 604""]; []",,"html"
"9a308fff-9dbd-49af-a8ce-8219a3874ac4","Bank Mellat v Her Majesty's Treasury [2015] EWCA Civ 1052","[""2015] EWCA Civ 1052"", ""2016] 1 WLR 1187"", ""2015] WLR(D) 427"", ""2016] CP Rep 7"", ""2016] WLR 1187""]; []",,"html"
"f76542cb-1642-47ad-a805-2b08b71ea1c0","B (A Child), Re [2015] EWCA Civ 1053","[""[2015] EWCA Civ 1053""]; []",,"html"
"98d318f5-5306-4fe8-9287-19206ae0a0ac","Royal Wolverhampton Hospitals NHS Trust v. June Evans [2015] EWCA Civ 1059","[""[2015] EWCA Civ 1059""]; []",,"html"
"79528dea-b3f3-4e1f-beaf-20cee2657cd6","Page v Convoy Investments Ltd [2015] EWCA Civ 1061","[""[2015] EWCA Civ 1061""]; []",,"html"
"dc3bfee9-7d79-4eb8-98c6-991f4418b291","Jong v HSBC Private Bank (Monaco) SA [2015] EWCA Civ 1057","[""[2015] EWCA Civ 1057""]; []",,"html"
"c8a20d9d-11b1-4fed-9d68-1f7fa5e94a97","The Football Association Premier League Ltd v Luxton & Anor [2015] EWCA Civ 1069","[""[2015] EWCA Civ 1069""]; []",,"html"
"3769179f-79d7-460a-a9df-1453b45b73e5","Gunduz v Secretary of State for the Home Department [2015] EWCA Civ 1072","[""[2015] EWCA Civ 1072""]; []",,"html"
"8f093e9c-3749-46d3-8d06-d77e93f16dc9","Robert Hitchins Ltd, R (on the application of) v Worcestershire County Council & Anor [2015] EWCA Civ 1060","[""[2015] EWCA Civ 1060""]; []",,"html"
"43a869b0-cb33-4cec-96ac-72fc11b7bdd5","PST Energy 7 Shipping LLC Product Shipping & Trading S.A. v O.W. Bunker Malta Ltd & Ors","[""[2015] EWCA Civ 1058"", ""[2016] 2 WLR 1072"", ""[2015] WLR(D) 426"", ""[2016] 1 Lloyd's Rep 228"", ""[2016] 1 All ER (Comm) 503""]; []",,"html"
"4d54cec0-8f8d-4739-a85f-b45c53a906aa","AH (Bangladesh) & Ors v Secretary of State for the Home Department","[""2015] EWCA Civ 1071""]; []",,"html"
"e4fcddfc-c62a-453c-be50-406b47e5fd0d","Bonhams 1973 Ltd v Lawson & Ors [2015] EWCA Civ 1062","[""[2015] EWCA Civ 1062""]; []",,"html"
"75c3584c-539b-49d8-bbc0-8dbe5fb06479","Wiltshire Council v Secretary of State for Communities and Local Government & Ors [2015] EWCA Civ 1068","[""[2015] EWCA Civ 1068""]; []",,"html"
"e740795c-9249-45f8-aba9-1ab82a3274ca","Gala Tent Ltd v Chambers & Anor [2015] EWCA Civ 1063","[""[2015] EWCA Civ 1063""]; []",,"html"
"7f47ccf5-7e93-4417-b9c1-80309d5ade80","Gilruth v Harding [2015] EWCA Civ 1085","[""2015] EWCA Civ 1085""]; []",,"html"
"b1a27e0b-c608-4396-b360-ad72f0f521a6","Kaur, R (on the application of) v Secretary of State for the Home Department","[""[2015] EWCA Civ 1080""]; []",,"html"
"d22af720-7b4a-4ac3-9593-71f56a8b309a","One Money Mail Ltd v RIA Financial Services & Anor [2015] EWCA Civ 1084","[""[2015] EWCA Civ 1084""]; []",,"html"
"9a46d7a8-e9ec-444f-ba3e-1148cc2f2675","Titan Europe 2006-3 Plc v Colliers International UK Plc","[""[2015] EWCA Civ 1083"", ""[2016] PNLR 7""]; []",,"html"
"ced2eb40-e718-49f4-bf1b-8a43ba79ae87","Watson & Anor v Jones & Anor [2015] EWCA Civ 1093","[""[2015] EWCA Civ 1093""]; []",,"html"
"415ceac2-d04c-4273-aae0-e691e4e87307","VW (Nigeria) v Secretary of State for the Home Department [2015] EWCA Civ 1089","[""[2015] EWCA Civ 1089""]; []",,"html"
"50ce7545-c37e-4409-a823-c4992bccde9b","US (Pakistan) v Secretary of State for the Home Department [2015] EWCA Civ 1086","[""[2015] EWCA Civ 1086""]; []",,"html"
"f1236248-695b-49b2-bdcc-af9cbb280572","Fernando v Bilton [2015] EWCA Civ 1098","[""[2015] EWCA Civ 1098""]; []",,"html"
"37bd4da4-d1ca-415b-8db9-dbb3eeeb5f9c","Greaves v Boston Borough Council [2015] EWCA Civ 1095","[""2015] EWCA Civ 1095""]; []",,"html"
"d926a593-7d6a-45ec-8e80-77c9e4ca6041","Jewelcraft Ltd v Pressland & Anor [2015] EWCA Civ 1111","[""2015] HLR 48"", ""[2015] EWCA Civ 1111""]; []",,"html"
"7bfdc5a2-597d-41fa-b50f-5b7ea5ce2dfe","SM (Algeria) v Entry Clearance Officer, UK Visa Section - Appeal Decision on EEA Family Permit","[""[2015] EWCA Civ 1109"", ""[2016] Imm AR 239""]; []",,"html"
"34b7f2e3-a312-49f8-a330-38f5d5e4d2e2","N (Children: Adoption: Jurisdiction) [2015] EWCA Civ 1112","[""[2015] EWCA Civ 1112"", ""[2016] 1 All ER 1086"", ""[2015] Fam Law 1444"", ""[2015] WLR(D) 436"", ""[2016] 1 FCR 217"", ""[2016] 2 WLR 713"", ""[2016] 1 FLR 621""]; []",,"html"
"5b6ea0c4-a855-401a-88f6-2ed77787a7dd","WA (Pakistan) & Ors v Secretary of State for the Home Department","[""[2015] EWCA Civ 1113""]; []",,"html"
"443f5827-231d-435a-bc4e-66847d85f8cc","GP and MP v Secretary of State for the Home Department","[""[2015] EWCA Civ 1116""]; []",,"html"
"0e19c98e-4d68-414a-9cc1-d1a0c7b2476a","Reaney v University Hospital of North Staffordshire NHS Trust & Anor [2015] EWCA Civ 1119","[""[2015] EWCA Civ 1119""]; []",,"html"
"4c101ec5-ad69-45f5-a144-3642794ef2f3","Reid v Secretary of State for the Home Department [2021] EWCA Civ 1158","[""[2021] EWCA Civ 1158""]; []",,"html"
"fa7286a8-f052-44b8-9af5-5ba60acc7105","Kallon v First Tier Tribunal (SEC) (Criminal Injuries) [2015] EWCA Civ 1099","[""[2015] EWCA Civ 1099""]; []",,"html"
"f145d3b8-3b72-466e-935b-2b3d21620b61","Samuel Smith Old Brewery (Tadcaster) v Selby District Council [2015] EWCA Civ 1107","[""[2015] EWCA Civ 1107"", ""[2015] WLR(D) 445"", ""[2016] PTSR 146""]; []",,"html"
"6e155cd4-da3f-426c-8e8c-e39621c36168","AT (Afghanistan) v Secretary of State for the Home Department [2015] EWCA Civ 1105","[""[2015] EWCA Civ 1105""]; []",,"html"
"9a272ef6-d2cd-4a55-90eb-9840f7b328a0","Bluebridge Ltd v S Kelly (Building Contractors) Ltd [2015] EWCA Civ 1104","[""[2015] EWCA Civ 1104""]; []",,"html"
"bef84128-6e3d-44d1-96fc-87ef30f4210f","Purewal v Countrywide Residential Lettings Ltd & Anor","[""2016"", ""BPIR"", ""177"", ""2016"", ""4"", ""WLR"", ""31"", ""2016"", ""HLR"", ""4"", ""2015"", ""EWCA"", ""Civ"", ""1122"", ""2016"", ""1"", ""P"", ""&"", ""CR"", ""11""]; []",,"html"
"d6176a52-243b-4db6-866e-edc81648dbfa","Ministry of Defence v Sivaji","[""[2021] EWCA Civ 1163""]; []",,"html"
"8f56c719-4e25-428d-a90a-7a20e752151c","P (A Child) (Abduction: Inherent Jurisdiction) [2021] EWCA Civ 1171","[""[2021] EWCA Civ 1171""]; []",,"html"
"2706c73a-24c4-4e33-a491-743484d22822","Kotonou v National Westminster Bank Plc [2015] EWA Civ 1106","[""[2015] EWA Civ 1106""]; []",,"html"
"3c9d363c-8b7d-44aa-adb3-3e042b748afd","JSC Mezhdunarodny Promyshlenniy Bank & Anor v Pugachev [2015] EWCA Civ 1108","[""[2015] EWCA Civ 1108""]; []",,"html"
"8ba69dcd-dd7b-435a-8a5c-2f2ffa597214","Mortgage Express v Countrywide Surveyors Ltd [2015] EWCA Civ 1110","[""[2015] EWCA Civ 1110""]; []",,"html"
"f2cb63d2-3900-4342-9e02-9d1daa56b590","Rakusen v Jepsen & Ors [2021] EWCA Civ 1150","[""[2022] WLR 324"", ""[2022] 1 WLR 324"", ""[2021] LLR 822"", ""[2021] WLR(D) 456"", ""[2021] HLR 48"", ""[2021] EWCA Civ 1150""]; []",,"html"
"66bd0fab-bc7a-47e2-b6f0-9e4a97bad91d","Shah v Secretary of State for the Home Department","[""2015] EWCA Civ 1114""]; []",,"html"
"428052c8-f10a-4e18-bbeb-6fc947e7295f","MI (Nepal) v Secretary of State for the Home Department","[""2015] EWCA Civ 1115""]; []",,"html"
"cd40e5ad-dc14-42a2-9711-f5eb635dc1d9","Clarise Properties Ltd v Rees & Anor [2015] EWCA Civ 1118","[""[2015] EWCA Civ 1118""]; []",,"html"
"d6117ccf-8c7a-4475-b997-4b24404b80e6","RSM Bentley Jennison (A Firm) & Ors v Ayton [2015] EWCA Civ 1120","[""2015] EWCA Civ 1120"", ""[2016] WLR 1281"", ""[2016] PNLR 10"", ""[2016] 1 WLR 1281""]; []",,"html"
"a05c74f6-66b8-44dc-8653-f025fc2d33d8","Dudley Muslim Association v Dudley Metropolitan Borough Council [2015] EWCA Civ 1123","[""[2015] EWCA Civ 1123""]; []",,"html"
"6fd3f839-9dbd-4e98-ba99-08a6fdab0a37","Rayner v The Lord Chancellor [2015] EWCA Civ 1124","[""[2015] EWCA Civ 1124""]; []",,"html"
"e4a331e7-68ee-4a86-ae5e-ad8ccc230db6","Ramadani v Ramadani [2015] EWCA Civ 1138","[""2015] EWCA Civ 1138""]; []",,"html"
"dab88ca2-1074-4b23-8fcc-f77b32b1d551","Sharma v Top Brands Ltd & Ors [2015] EWCA Civ 1140","[""2015] EWCA Civ 1140"", ""[2016] Lloyd's Rep FC 1"", ""[2016] PNLR 12""]; []",,"html"
"08a80ef7-a51d-4348-a7f9-adae37cb7efd","Home Office v VS [2015] EWCA Civ 1142 – Unlawful Detention of a Minor","[""[2015] EWCA Civ 1142""]; []",,"html"
"0e927713-f760-4e9c-b4b8-8e4b34eb99a4","The Claimants in the Royal Mail Group Litigation v Royal Mail Group Ltd","[""[2021] EWCA Civ 1173""]; []",,"html"
"b34ecdb9-07a0-4090-af92-7e98396a1866","NA v Nottinghamshire County Council [2015] EWCA Civ 1139","[""[2016] 1 FCR 419"", ""[2016] 2 FLR 1050"", ""[2015] EWCA Civ 1139"", ""[2016] 2 WLR 1455"", ""[2016] PTSR 580"", ""[2016] QB 739"", ""[2015] WLR(D) 457"", ""[2016] Fam Law 171""]; []",,"html"
"55e57db0-d2ec-4da0-8b92-5216bc0d556b","ZS (Afghanistan) v Secretary of State for the Home Department","[""[2015] EWCA Civ 1137""]; []",,"html"
"3939ad83-3116-4c2b-9d35-73b063345d71","Goldsmith Williams Solicitors v E.Surv Ltd: Duty of Solicitors to Report Discrepancies in Property Valuation","[""2015] WLR(D) 459"", ""2016] PNLR 11"", ""2016] 4 WLR 44"", ""2015] EWCA Civ 1147"", ""2016] 4 All ER 229""]; []",,"html"
"6522b240-8520-425a-95f2-66fbd44c2a44","Otuo v Brierley [2015] EWCA Civ 1143","[""[2016] EMLR 6"", ""[2015] EWCA Civ 1143""]; []",,"html"
"56ebcb77-2936-4ffe-9d4e-4334c394df46","IPCO (Nigeria) Ltd v Nigerian National Petroleum Corporation [2015] EWCA Civ 1144","[""[2016] 1 Lloyd's Rep 5"", ""[2015] EWCA Civ 1144""]; []",,"html"
"5bbb3770-46d1-41af-b347-aa54ea9834ba","Wellesley Partners LLP v Withers LLP [2015] EWCA Civ 1146","[""163 Con LR 53"", ""[2016] 2 WLR 1351"", ""[2016] Ch 529"", ""[2015] EWCA Civ 1146"", ""[2016] PNLR 19""]; []",,"html"
"4cbfc5a7-c685-4174-b926-27ca769e13ac","IPCO (Nigeria) Ltd v Nigerian National Petroleum Corporation [2015] EWCA Civ 1145","[""[2015] EWCA Civ 1145""]; []",,"html"
"15e07958-df5a-414b-bbeb-83a7002076c5","Re: D (Child) [2015] EWCA Civ 1150 - Appeal on Care and Placement Orders","[""[2015] EWCA Civ 1150""]; []",,"html"
"89899d8c-b1ed-43f3-9d94-a7378dbaaddb","Gibson, R (on the application of) v Secretary of State for Justice","[""[2015] EWCA Civ 1148"", ""[2017] WLR 1115"", ""[2016] 4 All ER 244"", ""[2016] Lloyd's Rep FC 11"", ""[2017] 1 WLR 1115""]; []",,"html"
"fcc7b673-31f6-404a-9813-ec6bf8b75ae3","Tarmac Aggregates Ltd v The Secretary of State for Environment, Food and Rural Affairs","[""[2015] EWCA Civ 1149"", ""[2015] WLR(D) 473""]; []",,"html"
"e6e0e725-7038-447c-a905-f4f0ffb8294c","Minkin v Lesley Landsberg (Practising As Barnet Family Law)","[""[2015] EWCA Civ 1152"", ""[2016] 1 FCR 584"", ""[2016] 1 WLR 1489"", ""[2016] PNLR 14"", ""[2015] WLR(D) 461"", ""[2015] WLR(D) 509"", ""[2016] 2 FLR 948"", ""[2016] WLR 1489"", ""[2015] 6 Costs LR 1025"", ""[2016] Fam Law 167""]; []",,"html"
"f3ea8180-9399-4fad-b4de-f6eaca25bbcb","Murray v Lancashire Constabulary [2015] EWCA Civ 1174","[""2015] EWCA Civ 1174""]; []",,"html"
"faedae29-2c89-4484-9346-ad288bc00cd5","BSI Enterprises Ltd & Anor v Blue Mountain Music Ltd [2015] EWCA Civ 1151","[""[2015] EWCA Civ 1151""]; []",,"html"
"1719fc7b-dbc2-40f6-b2ae-115cf212c85b","Mohamed v The Local Safeguarding Children's Board for Islington","[""[2015] EWCA Civ 1162""]; []",,"html"
"ffb4df0b-159c-43e1-98ca-dce8b9b8a8cc","B v B [2015] EWCA Civ 1166 - Appeal Against Costs Order in Hague Convention Child Abduction Case","[""[2015] EWCA Civ 1166""]; []",,"html"
"7293b75b-3468-48f2-aed2-bd7f9618eb87","I (A Child) [2015] EWCA Civ 1159","[""[2015] EWCA Civ 1159""]; []",,"html"
"defe682b-32ab-4181-9413-a94a8798d705","Francotyp-Postalia Ltd v The Mailing Room Ltd & Ors [2015] EWCA Civ 1167","[""[2015] EWCA Civ 1167""]; []",,"html"
"ec4f689e-a11c-49b2-bad1-b8f5f7c7011a","Wilsons Solicitors LLP v Bentine & Anor [2015] EWCA Civ 1168","[""2016 Ch 489"", ""2016 2 WLR 1035"", ""2015 WLR(D) 464"", ""2015 EWCA Civ 1168"", ""2015 6 Costs LO 779""]; []",,"html"
"b8fb8f78-aa05-4483-9328-b88c205448c2","Boston Trust Company Ltd & Anor v Verhoef","[""[2021] WLR(D) 420"", ""[2022] 1 All ER (Comm) 1013"", ""[2021] Bus LR 1557"", ""[2021] EWCA Civ 1176"", ""[2022] BCC 1"", ""[2021] 2 BCLC 808""]; []",,"html"
"2bc8f8da-71dc-4b32-abf7-303033add9e1","Sabir & Ors, R (on the application of) v The Secretary of State for the Home Department","[""[2015] EWCA Civ 1173""]; []",,"html"
"151a8f49-415e-4da4-883e-bb87cd46f93d","RE v North Yorkshire County Council & Ors [2015] EWCA Civ 1169: An Appeal on Jurisdictional and Procedural Grounds","[""[2015] EWCA Civ 1169"", ""[2016] WLR 512"", ""[2015] WLR(D) 474"", ""[2016] 1 WLR 512""]; []",,"html"
"1dbb4242-42ac-456f-989f-5098066d87ca","Bristow v The Secretary of State for Justice & Anor [2015] EWCA Civ 1170","[""[2015] EWCA Civ 1170""]; []",,"html"
"3c90d8b6-add4-4f75-89f5-19bcbd406e9c","Hashwani & Ors v OMV Maurice Energy Ltd","[""[2015] EWCA Civ 1171"", ""163 Con LR 259""]; []",,"html"
"0434306b-e1f1-4240-a9a6-336904987857","AM (Egypt) v Secretary of State for the Home Department","[""[2015] EWCA Civ 1178""]; []",,"html"
"2b10b904-683e-435c-a43a-eb782c7ab665","Ingenious Games LLP & Ors v Revenue And Customs [2021] EWCA Civ 1180","[""[2021] STC 1791"", ""[2021] BTC 24"", ""[2021] WLR(D) 442"", ""[2021] STI 1969"", ""[2021] EWCA Civ 1180""]; []",,"html"
"7a524f94-2932-4f6f-895d-481394129f94","Athanasopoulos v The Institute for Orthodox Christian Studies","[""[2015] EWCA Civ 1181""]; []",,"html"
"9b87b588-7cc7-4880-b83c-62a1950d9743","BH (Eritrea) v Secretary of State for the Home Department","[""[2015] EWCA Civ 1177""]; []",,"html"
"fee6f962-bb84-4b58-b991-2773e4befdf9","Weller & Ors v Associated Newspapers Ltd","[""[2016] 3 All ER 357"", ""[2015] WLR(D) 491"", ""[2016] 1 WLR 1541"", ""[2016] WLR 1541"", ""[2015] EWCA Civ 1176"", ""[2016] EMLR 7""]; []",,"html"
"bbd4c7fd-28e3-4604-a8ca-845e3d7faaba","Patel & Ors v The Secretary of State for the Home Department (Rev 1) [2015] EWCA Civ 1175","[""2015] EWCA Civ 1175"", ""[2016] INLR 289"", ""[2016] Imm AR 444"", ""[2016] CP Rep 9""]; []",,"html"
"31c44dff-cdbf-4286-99ec-6dcf5a6faa41","AA (Nigeria) v Secretary of State for the Home Department [2015] EWCA Civ 1183","[""[2015] EWCA Civ 1183""]; []",,"html"
"dbe1a7e4-b620-4b45-827f-95610f8868c2","Paramount Shopfitting Company Ltd v Rix [2021] EWCA Civ 1172","[""[2021] 4 WLR 109"", ""[2021] WLR(D) 424"", ""[2021] EWCA Civ 1172""]; []",,"html"
"44f8983a-4a55-473d-8d53-80ec61551120","YW (A Child)(Adequacy of Reasons) (Rev1) [2021] EWCA Civ 1174","[""[2021] EWCA Civ 1174""]; []",,"html"
"c6cfbd93-ba5e-470f-ac2a-95cfa9e901ef","Wombwell v James [2015] EWCA Civ 1182","[""2015] EWCA Civ 1182""]; []",,"html"
"80701211-fe03-4dc0-972a-b2e5467876b9","Idira, R (On the Application Of) v The Secretary of State for the Home Department (Rev 1) [2015] EWCA Civ 1187","[""2015] WLR(D) 490"", ""2016] 1 WLR 1694"", ""2015] EWCA Civ 1187"", ""2016] WLR 1694""]; []",,"html"
"53316948-b794-4159-9b47-a6e3827a9eea","W H Smith Travel Holdings Ltd v Twentieth Century Fox Home Entertainment Ltd","[""[2015] EWCA Civ 1188""]; []",,"html"
"090017b3-4037-46f2-99e2-5e9865ca4134","Secretary of State for the Home Department v Davis MP & Ors","[""2015] EWCA Civ 1185"", ""[2016] 1 CMLR 48"", ""[2016] HRLR 1""]; []",,"html"
"4044e8df-e16b-4b87-8e8d-1435e165dbcd","Adams v Options UK Personal Pensions LLP [2021] EWCA Civ 1188: Appeal Outcomes on Section 27 Claim and Consequential Relief","[""[2021] EWCA Civ 1188""]; []",,"html"
"77a4c5e0-159c-4253-83ef-2b6e66222fbe","Secretary of State for the Home Department v Ouedrani [2021] EWCA Civ 1181","[""[2021] EWCA Civ 1181"", ""[2021] WLR(D) 422"", ""[2022] 1 WLR 229"", ""[2022] WLR 229""]; []",,"html"
"d5f5a965-40b6-4741-a63d-2ac856e24302","Howell v Secretary of State for Communities And Local Government & Ors [2015] EWCA Civ 1189","[""[2015] EWCA Civ 1189""]; []",,"html"
"59f15731-1a42-4e32-975a-08d680511d17","Samara v MBI Partners UK Ltd [2015] EWCA Civ 1191","[""[2015] EWCA Civ 1191""]; []",,"html"
"65489345-9731-4612-8d3e-49446b466ccc","The Secretary of State for the Home Department v Boyd [2015] EWCA Civ 1190","[""[2015] EWCA Civ 1190""]; []",,"html"
"44e1253f-c03f-4931-b63b-86ed56a94dca","Shortt & Anor v Secretary of State for Communities And Local Government & Anor [2015] EWCA Civ 1192","[""2015] EWCA Civ 1192""]; []",,"html"
"58aa0b7b-b6e5-4f76-b9ab-81e309e99b72","Public Law Project v The Lord Chancellor [2015] EWCA Civ 1193","[""2015] EWCA Civ 1193"", ""[2016] 2 WLR 995"", ""[2015] WLR(D) 480""]; []",,"html"
"f32b7ecf-43c2-4eac-8a1c-e4c9273fe4d0","Agho v The Secretary of State for the Home Department [2015] EWCA Civ 1198","[""2016 INLR 411"", ""2015 EWCA Civ 1198""]; []",,"html"
"fb90f1ad-6132-491d-be89-35324c43b367","HM Revenue and Customs v Brockenhurst College [2015] EWCA Civ 1196","[""2016] STI 72"", ""[2016] STC 2457"", ""[2015] BVC 52"", ""[2015] EWCA Civ 1196""]; []",,"html"
"ef6f8412-f80a-4412-83c9-6dc67e58cfda","Dickinson & Anor v UK Acorn Finance Ltd [2015] EWCA Civ 1194","[""[2015] WLR(D) 479"", ""[2015] EWCA Civ 1194""]; []",,"html"
"54834dfe-dcd9-457a-8f9c-474447a8d39b","The Secretary of State for the Home Department v ZP (India)","[""[2015] EWCA Civ 1197"", ""[2016] Imm AR 308"", ""[2015] WLR(D) 477"", ""[2016] INLR 381"", ""[2016] 4 WLR 35""]; []",,"html"
"f27d6ef2-c22a-4d6f-8b56-aac71ec22556","Hysaj & Ors, R. v Secretary of State for the Home Department","[""[2015] EWCA Civ 1195"", ""[2017] 1 All ER 380"", ""[2016] Imm AR 329"", ""[2015] WLR(D) 482"", ""[2016] 1 WLR 673"", ""[2016] WLR 673"", ""[2016] INLR 343""]; []",,"html"
"76356342-2ef0-4371-9b0c-441e62c6c270","Unique Pub Properties Ltd v Gregarious Ltd","[""[2015] EWCA Civ 1218""]; []",,"html"
"ab8413e2-6433-4af1-9829-07d37c1a7e16","Azarmi-Movafagh v Bassiri-Dezfouli [2021] EWCA Civ 1184","[""[2021] EWCA Civ 1184""]; []",,"html"
"8facda75-653c-4200-b172-498d6a3d7ae6","Lakatamia Shipping Company Ltd & Ors v Su & Ors [2021] EWCA Civ 1187","[""[2021] EWCA Civ 1187""]; []",,"html"
"d815a9c0-6f94-42df-b124-7c7156e5e307","W-M, Re, (Children) [2015] EWCA Civ 1201 - Appeal on Child Arrangements Order","[""[2015] EWCA Civ 1201""]; []",,"html"
"f0bb9afc-53da-4587-9290-9645679d10aa","Aldermore Bank Plc v Rana [2015] EWCA Civ 1210","[""2016] WLR 2209"", ""[2015] WLR(D) 488"", ""[2016] 1 WLR 2209"", ""[2015] EWCA Civ 1210""]; []",,"html"
"b93b4204-e79d-4d06-afac-0268f8662c14","FFI-Global SRL v Outeiro Ltd & Anor [2015] EWCA Civ 1212","[""[2015] EWCA Civ 1212""]; []",,"html"
"a1758ecb-b8c4-4853-951b-cc914d406aa2","Ferrera v Hardy [2015] EWCA Civ 1202","[""[2015] EWCA Civ 1202"", ""[2016] HLR 9""]; []",,"html"
"4ce131bd-2742-476d-a37a-0727c7980ebc","Revenue and Customs v Mercedes-Benz Financial Services UK Ltd","[""[2016] STC 392"", ""[2015] STI 3371"", ""[2016] 2 All ER 163"", ""[2015] BVC 49"", ""[2015] EWCA Civ 1211""]; []",,"html"
"b9c101b6-745c-4d74-9a75-789e414f3724","AR (A Child), R (On the Application Of) v London Borough of Waltham Forest","[""[2021] WLR(D) 458"", ""[2021] EWCA Civ 1185"", ""[2021] PTSR 1777""]; []",,"html"
"e8a60619-7b5a-4866-8f5c-645737c2e3f2","Otobor v Croydon College & Ors [2015] EWCA Civ 1217","[""2015] EWCA Civ 1217""]; []",,"html"
"c371a388-b72b-4ab2-be8f-c1f1e165b846","H (Children), Re [2015] EWCA Civ 1216","[""2015] EWCA Civ 1216""]; []",,"html"
"e8d6e241-24e2-421e-85af-72f67ec1fd73","Sabir v Osei-Kwabena [2015] EWCA Civ 1213","[""[2015] EWCA Civ 1213""]; []",,"html"
"b114b914-aa53-44ee-b341-c34eeea5977b","Rovi Guides Inc v Virgin Media Ltd & Ors [2015] EWCA Civ 1214","[""[2015] EWCA Civ 1214""]; []",,"html"
"3c77dec7-88e1-45bd-a4f9-e344a25e6e0d","FY (Bangladesh) v Secretary of State for the Home Department [2015] EWCA Civ 1228","[""[2015] EWCA Civ 1228""]; []",,"html"
"4303657f-c1c2-43d3-afad-3fde7d3b3b20","ZV (Lithuania) v Secretary of State for the Home Department [2021] EWCA Civ 1196","[""[2021] EWCA Civ 1196""]; []",,"html"
"20860e3a-c767-4c53-9c26-4ce59955bf5e","I-A (Revocation of Adoption Order) [2021] EWCA Civ 1222","[""[2021] WLR(D) 448"", ""[2021] EWCA Civ 1222""]; []",,"html"
"2197d580-2e6e-4828-850c-594af5ff3bec","King v Hee-Tak Kim & Anor [2015] EWCA Civ 1226","[""2015] EWCA Civ 1226""]; []",,"html"
"6e74568b-52c9-4c83-b378-d2c35f165aae","SM (Ukraine), R (on the application of) v SSHD [2015] EWCA Civ 1220","[""[2015] EWCA Civ 1220""]; []",,"html"
"ffc65e68-8a19-4547-98fd-078eed4abc79","SM (Georgia), R (on the application of) v Secretary of State for the Home Department","[""2015] EWCA Civ 1223""]; []",,"html"
"b6cd195e-3e27-493e-9ce3-bfe3a7ad39f2","TO & OO (Nigeria) v Secretary of State for the Home Department","[""2015] EWCA Civ 1219""]; []",,"html"
"c5f5d667-76c2-43ad-ac78-57208409115e","QS (Jamaica) v Secretary of State for the Home Department","[""2015] EWCA Civ 1227""]; []",,"html"
"fecac559-153d-44ca-b32a-6df353378316","H-D-H and C, Re (Children: Fact-Finding) [2021] EWCA Civ 1192","[""[2021] EWCA Civ 1192"", ""[2021] WLR(D) 426"", ""[2021] 4 WLR 106""]; []",,"html"
"45e73bc0-a09a-45a8-9058-6272a305fcb7","United Trade Action Group Ltd & Anor v Transport for London & Anor","[""[2021] EWCA Civ 1197""]; []",,"html"
"5e56bed6-add0-4462-a81e-044587c87f3c","Gavin Edmondson Solicitors Ltd v Haven Insurance Company Ltd","[""[2015] EWCA Civ 1230"", ""[2016] CP Rep 11"", ""[2015] WLR(D) 496"", ""[2016] 1 WLR 1385"", ""[2016] RTR 6"", ""[2015] RTR 125"", ""[2016] WLR 1385""]; []",,"html"
"a24388e9-c7fc-4a9a-ba73-3b3f7a1ce3da","MM (Jamaica) v Secretary of State for the Home Department [2015] EWCA Civ 1239","[""[2015] EWCA Civ 1239""]; []",,"html"
"1c041795-be1a-47dc-afd2-c8079513e78a","AA (Nigeria) v Secretary of State for the Home Department","[""2015] EWCA Civ 1249"", ""[2016] Imm AR 496""]; []",,"html"
"fc6a4bb1-b5bc-49a3-a63f-cd431f5bb4c0","Al Jaber & Ors v Mitchell & Ors [2021] EWCA Civ 1190","[""[2021] WLR(D) 464"", ""[2022] 2 WLR 497"", ""[2022] Ch 212"", ""[2021] EWCA Civ 1190"", ""[2021] BPIR 1373""]; []",,"html"
"7b3c6618-ab31-4821-a68f-3f051311999f","Akpan v Secretary of State for the Home Department [2015] EWCA Civ 1266","[""2015 EWCA Civ 1266""]; []",,"html"
"d3cc6a40-82be-40ab-9afc-e017ee0e3602","Re C-W (A Child) [2015] EWCA Civ 1272","[""[2017] 1 FLR 131"", ""[2017] 4 WLR 51"", ""[2016] Fam Law 286"", ""[2016] 1 FCR 572"", ""[2015] EWCA Civ 1272""]; []",,"html"
"74823846-e810-4169-9991-614e7d65c7c0","Griffiths v The Secretary of State for Work And Pensions [2015] EWCA Civ 1265","[""[2015] EWCA Civ 1265"", ""[2015] WLR(D) 523"", ""[2017] ICR 160"", ""[2016] IRLR 216""]; []",,"html"
"cbffe961-f5de-4a55-8c6c-e6ea85350390","Whittall v Hampshire Police [2015] EWCA Civ 1229","[""2015] EWCA Civ 1229""]; []",,"html"
"bbd6340e-9499-4d14-833a-1e84c9e41bf1","Harding (t/a M J Harding Contractors) v Paice & Anor","[""2016] 1 WLR 4068"", ""2015] EWCA Civ 1231"", ""2016] 2 All ER (Comm) 656"", ""163 Con LR 299"", ""2016] BLR 85"", ""2016] 2 All ER 819"", ""2016] CP Rep 10"", ""2016] WLR 4068"", ""2015] 2 CLC 1003""]; []",,"html"
"54e02654-560d-46a4-9e70-4e086b7431fc","Jedwell v Denbighshire County Council","[""[2016] PTSR 715"", ""[2015] WLR(D) 493"", ""[2015] EWCA Civ 1232""]; []",,"html"
"ef3aea83-3741-47d8-95ff-a2d728dfba19","JK (Sri Lanka) v Secretary of State for the Home Department","[""[2015] EWCA Civ 1238""]; []",,"html"
"86498db4-2460-474e-aec5-f1044b306ad6","TY (Sri Lanka) v The Secretary of State for the Home Department","[""[2016] INLR 401"", ""[2015] EWCA Civ 1233"", ""[2016] Imm AR 470""]; []",,"html"
"475da4c1-c7bc-465e-97de-b7e84c625ddb","Sanam v National Crime Agency [2015] EWCA Civ 1234","[""[2016] WLR 2560"", ""[2016] 1 WLR 2560"", ""[2015] EWCA Civ 1234"", ""[2015] WLR(D) 495""]; []",,"html"
"8ca428a9-26ca-49ae-9100-b4044d451c6f","Evans v Betesh Partnership & Ors [2021] EWCA Civ 1194","[""[2021] EWCA Civ 1194"", ""[2021] WLR(D) 432""]; []",,"html"
"3e43f85c-e2b5-4ab8-bd40-ba4a322b0d3b","TA (Nigeria) & Ors v Secretary of State for the Home Department [2015] EWCA Civ 1235","[""[2015] EWCA Civ 1235""]; []",,"html"
"6e6df15d-220b-4a48-a5c2-f994075dfe68","Essex County Council v Secretary of State for Education [2015] EWCA Civ 1237","[""[2015] EWCA Civ 1237""]; []",,"html"
"c4ce82c2-b19b-439a-b68b-44a523e64f77","Ministry of Defence v Iraqi Civilians [2015] EWCA Civ 1241","[""[2015] EWCA Civ 1241"", ""[2015] WLR(D) 515"", ""[2016] 2 All ER 300"", ""[2016] 1 WLR 1290""]; []",,"html"
"3153942d-b71e-4eb9-9ff4-fe9ce722cab5","Jones v Mordue & Anor [2015] EWCA Civ 1243","[""2015] EWCA Civ 1243"", ""[2016] WLR 2682"", ""[2016] 1 WLR 2682"", ""[2016] 1 P & CR 12"", ""[2016] JPL 476""]; []",,"html"
"b00ce0ac-ef53-4e1f-829f-7768faa9de97","O'Connor v The Pennine Acute Hospitals NHS Trust","[""[2015] EWCA Civ 1244""]; []",,"html"
"6fae5f67-8de6-4b94-abb4-73c534524e0b","Secretary of State for the Home Department v Straszewski","[""2016 INLR 531"", ""2015 WLR(D) 512"", ""2016 1 WLR 1173"", ""2015 EWCA Civ 1245"", ""2016 WLR 1173"", ""2016 2 CMLR 3"", ""2016 Imm AR 482""]; []",,"html"
"3e3e3bf7-ee19-4a93-a92d-d4e88a8038ec","Bonsall v Secretary of State for Communities and Local Government & Anor [2015] EWCA Civ 1246","[""2016] 2 WLR 1407"", ""[2015] EWCA Civ 1246"", ""[2016] JPL 506"", ""[2016] 1 P &CR 20"", ""[2016] QB 811"", ""[2015] WLR(D) 514""]; []",,"html"
"04565701-705d-4f8e-9418-eb16854ce34c","Sinclair Gardens Investments (Kensington) Ltd v Ray [2015] EWCA Civ 1247","[""[2015] EWCA Civ 1247""]; []",,"html"
"6d3761a2-35d4-48e7-b5d7-833643377e28","Distinctive Properties (Ascot) Ltd v Secretary of State for Communities and Local Government & Anor","[""[2016] 1 WLR 1839"", ""[2015] EWCA Civ 1250"", ""[2016] 1 P &CR 16"", ""[2015] WLR(D) 510""]; []",,"html"
"ee31d7f8-ed60-468c-8d64-06358e7a888d","R (Commissioner of Police of the Metropolis) v The Independent Police Complaints Commission & Anor","[""[2015] EWCA Civ 1248"", ""[2016] PTSR 891"", ""[2015] WLR(D) 518""]; []",,"html"
"cbb26c3a-61b7-4296-bd07-9529d3ccf25e","Quan v Bray & Anor [2015] EWCA Civ 1253","[""[2015] EWCA Civ 1253"", ""[2015] CP Rep 13""]; []",,"html"
"9cc5e0b1-1973-468f-9b99-db6f8bd9f7d6","County Leasing Asset Management Ltd & Ors v Hawkes [2015] EWCA Civ 1251","[""[2015] EWCA Civ 1251""]; []",,"html"
"6732192e-f29d-4925-994e-a4967b90448f","Moorjani v Durban Estates Ltd [2015] EWCA Civ 1252","[""[2015] EWCA Civ 1252"", ""[2016] WLR 2265"", ""[2016] L & TR 17"", ""[2016] 1 WLR 2265"", ""[2016] HLR 6""]; []",,"html"
"4f5f61dd-5635-4b66-ad74-225160194b53","A (Children) [2015] EWCA Civ 1254","[""[2015] EWCA Civ 1254"", ""[2016] Fam Law 269"", ""[2017] 1 FLR 1"", ""[2016] 2 FCR 35""]; []",,"html"
"4ba5e3ad-0e63-4151-aaf4-25f7e4ee7fdc","LBG Capital No. 1 Plc & Anor v BNY Mellon Corporate Trustee Services Ltd [2015] EWCA Civ 1257","[""[2015] EWCA Civ 1257""]; []",,"html"
"4b416677-bebd-453a-a664-e77b00146ddb","The Commissioner of Police of the Metropolis v Abdulle & Ors","[""2016] WLR 898"", ""2016] CP Rep 14"", ""2015] EWCA Civ 1260"", ""2015] WLR(D) 513"", ""2016] 1 WLR 898""]; []",,"html"
"c5a5edf0-4845-4195-a969-082c8b5afa2a","BK & Anor v The Secretary of State for Justice [2015] EWCA Civ 1259","[""[2015] WLR(D) 520"", ""[2015] EWCA Civ 1259""]; []",,"html"
"592cdbe6-d4c9-4b40-8580-a34f1749d06b","Ali v Siddique [2015] EWCA Civ 1258","[""[2015] EWCA Civ 1258""]; []",,"html"
"978a6183-f528-4857-bb46-605c08e6c13d","Energysolutions EU Ltd v Nuclear Decommissioning Authority [2015] EWCA Civ 1262","[""[2015] WLR(D) 528"", ""163 Con LR 27"", ""[2016] PTSR 689"", ""[2015] EWCA Civ 1262""]; []",,"html"
"2e352e2e-994a-4640-b36d-18aa52611c07","Cooneen Watts & Stone Ltd v HM Revenue and Customs","[""[2015] EWCA Civ 1261"", ""[2016] 4 WLR 30"", ""[2015] WLR(D) 533""]; []",,"html"
"49ebe935-f970-4edd-a4bd-9af840f3d04d","Naeem v The Secretary of State for Justice [2015] EWCA Civ 1264","[""[2016] ICR 289"", ""[2016] IRLR 118"", ""[2015] EWCA Civ 1264"", ""[2015] WLR(D) 517""]; []",,"html"
"201767e3-4019-46b8-bc7d-1641cf762288","His Highness Sheikh Mohammed Bin Rashid Al Maktoum v Her Royal Highness Princess Haya Bint Al Hussein & Ors","[""[2021] EWCA Civ 1216""]; []",,"html"
"92582ee0-b5d3-43b4-af9d-10276fa36be9","Cook & Ors v McNeil & Anor [2015] EWCA Civ 1287","[""[2016] PIQR P5"", ""[2015] WLR(D) 538"", ""[2016] 1 WLR 1672"", ""[2016] ILPr 6"", ""[2015] EWCA Civ 1287"", ""[2016] CP Rep 16"", ""[2016] WLR 1672""]; []",,"html"
"689a0488-4fae-4ec9-ae25-cd12400f1c2a","H (A Child) [2015] EWCA Civ 1284","[""[2015] EWCA Civ 1284""]; []",,"html"
"70a9bd5c-3b53-4d19-80e8-5fbe204b53d3","ZP (South Africa) v Secretary of State for the Home Department","[""[2015] EWCA Civ 1273""]; []",,"html"
"058ef028-d332-467e-a993-168f2f42f595","Kigen & Anor v Secretary of State for the Home Department","[""[2016] INLR 645"", ""[2015] WLR(D) 522"", ""[2016] Imm AR 390"", ""[2016] WLR 723"", ""[2016] 1 WLR 723"", ""[2015] EWCA Civ 1286"", ""[2016] CP Rep 15""]; []",,"html"
"a06e93bf-f1f4-4a30-b6f3-96fcc361577c","Synclair v East Lancashire Hospitals NHS Trust","[""[2015] EWCA Civ 1283""]; []",,"html"
"55da373e-0e19-420a-a311-cbe5ce3ce09b","F-S (A Child: Placement Order) [2021] EWCA Civ 1212","[""[2021] EWCA Civ 1212""]; []",,"html"
"10f1bfff-6c4a-43e2-82a8-cced609600ea","Baxter v Lincolnshire County Council [2015] EWCA Civ 1290","[""[2015] EWCA Civ 1290""]; []",,"html"
"8d1cabb8-781d-4ede-be84-b5532b881f0f","Yentob v MGN Ltd [2015] EWCA Civ 1292","[""[2015] EWCA Civ 1292""]; []",,"html"
"7ce3ca83-e031-45bf-a321-1a245681de7e","Allensway Recycling Ltd & Ors v The Environment Agency","[""2016] WLR 1903"", ""[2016] 1 WLR 1903"", ""[2015] WLR(D) 529"", ""[2015] EWCA Civ 1289"", ""[2016] Env LR 16""]; []",,"html"
"b4dc6136-9ca8-4c2b-9b82-1641b181d973","Michael Wilson & Partners Ltd v John Forster Emmott","[""2016] WLR 857"", ""[2016] 1 WLR 857"", ""[2016] 1 Lloyd's Rep 577"", ""[2015] WLR(D) 521"", ""[2016] 4 All ER 484"", ""[2015] EWCA Civ 1285""]; []",,"html"
"1f4ab223-a277-4d8a-ab79-35f9f867a4ad","Representative Claimants v MGN Ltd [2015] EWCA Civ 1291","[""[2016] FSR 13"", ""[2016] EMLR 9"", ""[2017] QB 149"", ""[2016] 3 All ER 799"", ""[2016] 2 WLR 1217"", ""[2015] WLR(D) 535"", ""[2015] EWCA Civ 1291""]; []",,"html"
"a8d6d6cb-86fd-4660-ad42-f7910920bd80","Ecobank Transnational Incorporated v Tanoh [2015] EWCA Civ 1309","[""[2015] EWCA Civ 1309"", ""[2016] 1 Lloyd's Rep 360"", ""[2016] WLR 2231"", ""[2015] WLR(D) 534"", ""[2016] 1 WLR 2231""]; []",,"html"
"1a244569-1234-46aa-8e7d-57a6a32b758e","The Financial Conduct Authority v. Avacade Ltd & Ors","[""[2021] WLR(D) 481"", ""[2021] Bus LR 1810"", ""[2021] EWCA Civ 1206""]; []",,"html"
"bd7f5f3a-f80d-4f69-a6da-ed5274662646","E v M [2015] EWCA Civ 1313 - Child Arrangement Orders Appeal","[""2015] EWCA Civ 1313""]; []",,"html"
"b3cfddcf-202e-4ad6-8a9c-9b57022b25ab","Tan Sri Dr Khoo Peng v Pauline Siew Phin Chai [2015] EWCA Civ 1312","[""[2016] Fam Law 303"", ""[2017] 1 FLR 318"", ""[2015] EWCA Civ 1312""]; []",,"html"
"2081f703-fbd5-4bdc-b8b8-0a8424eb00b1","Roche Registration Ltd, R (on the application of) v The Secretary of State for Health","[""[2015] WLR(D) 543"", ""149 BMLR 178"", ""[2015] EWCA Civ 1311"", ""(2016) 149 BMLR 178"", ""[2016] 4 WLR 46""]; []",,"html"
"a4fa5023-00bc-415b-94d7-888553893257","DM (Zimbabwe) v The Secretary of State for the Home Department","[""[2015] EWCA Civ 1288"", ""[2015] WLR(D) 516"", ""[2016] Imm AR 516"", ""[2016] INLR 566"", ""[2016] 1 WLR 2108""]; []",,"html"
"9d20eefa-76c9-40b8-9529-bfcf668f1981","Watts v Watts [2015] EWCA Civ 1297","[""[2015] EWCA Civ 1297""]; []",,"html"
"39d321a7-99f0-4c53-8c9c-f8d75e4c0be2","C (Older Children: Relocation), Re (Rev 1) [2015] EWCA Civ 1298","[""[2015] EWCA Civ 1298""]; []",,"html"
"5be7238d-b78e-4194-90ec-c036be53b377","Leeds City Council v HM Revenue and Customs [2015] EWCA Civ 1293","[""2016 STI 142"", ""2016 BVC 2"", ""2015 EWCA Civ 1293"", ""2016 STC 2256""]; []",,"html"
"9665ba9c-9d29-42a5-b2a5-fbdb6b1dbcd9","Rivertrade Ltd v EMG Finance Ltd & Ors [2015] EWCA Civ 1295","[""2015] EWCA Civ 1295""]; []",,"html"
"7079fc72-6050-4668-ac32-14c3ce1d3b5c","Tibber v Buckley & Anor [2015] EWCA Civ 1294","[""[2016] 2 WLR 963"", ""[2016] L & TR 22"", ""[2015] EWCA Civ 1294"", ""[2016] 1 P & CR 18"", ""[2016] QB 706"", ""[2015] WLR(D) 530""]; []",,"html"
"2b6a775a-e97f-4f72-b385-b3f0eab17e11","Liverpool Gin Distillery Ltd & Ors v Sazerac Brands, LLC & Ors","[""[2021] EWCA Civ 1207"", ""[2021] ETMR 57""]; [""[2020] EWHC 2424 (Ch)""]",,"html"
"ef72a4cf-2b47-4f70-b79d-1623d4e247b4","Re W and F (Children) [2015] EWCA Civ 1300 - Appeal on Findings of Sexual Abuse","[""[2015] EWCA Civ 1300""]; []",,"html"
"cd7cba15-0439-4b05-831b-13757739c7ba","Secretary of State for the Home Department v Ojo","[""2015 EWCA Civ 1301""]; []",,"html"
"b865b1b8-0fe0-4473-bbfa-790b57e318c4","Isle of Wight Council & Ors v HM Revenue and Customs","[""2016] STI 65"", ""[2015] WLR(D) 531"", ""[2016] PTSR 620"", ""[2015] EWCA Civ 1303"", ""[2016] RTR 21"", ""[2016] BVC 3"", ""[2016] STC 2152""]; []",,"html"
"cece1fbb-c3cb-4673-86fe-0905579e26c6","Fulton Shipping Inc of Panama v Globalia Business Travel S.A.U.","[""[2015] WLR(D) 547"", ""[2016] 1 Lloyd's Rep 383"", ""[2016] 2 All ER (Comm) 366"", ""[2016] WLR 2450"", ""[2016] 4 All ER 77"", ""[2016] 1 WLR 2450"", ""[2015] EWCA Civ 1299""]; []",,"html"
"9f4c40ce-6041-4321-9311-80fa5cf951bf","Re B (Children): Relocation and Enforcement of Child Custody Orders","[""[2016] 2 FLR 1131"", ""[2016] 1 WLR 2326"", ""[2015] WLR(D) 542"", ""[2016] Fam Law 309"", ""[2016] 2 FCR 151"", ""[2016] WLR 2326"", ""[2015] EWCA Civ 1302""]; []",,"html"
"d1cab045-2406-444f-a342-84c31b80fb42","Baines & Anor v Dixon Coles & Gill (A Firm) & Ors","[""[2021] EWCA Civ 1211"", ""[2022] 2 All ER 1032"", ""[2021] WLR(D) 445"", ""[2022] 1 All ER (Comm) 1167"", ""[2022] PNLR 5"", ""[2021] 2 CLC 621"", ""[2021] Lloyd's Rep IR 410""]; []",,"html"
"28d8ec74-fee2-499a-b0c5-a348db1ba836","Hughmans (a firm) v Dunhill [2015] EWCA Civ 1307","[""[2015] EWCA Civ 1307""]; []",,"html"
"ae5d4967-b39d-44bb-8b43-7ee77a09a34c","BMC Properties & Management Ltd v Jackson (Valuation Officer) [2015] EWCA Civ 1306","[""2015 EWCA Civ 1306""]; []",,"html"
"2e22698f-fc3c-47d0-870a-40e6d2decdbb","Capita (Banstead 2011) Ltd & Anor v RFIB Group Ltd","[""[2016] 2 WLR 1429"", ""[2016] 2 BCLC 32"", ""[2016] QB 835"", ""[2016] PNLR 17"", ""[2016] WLR(D) 61"", ""[2015] EWCA Civ 1310""]; []",,"html"
"133341b7-ba5a-4777-b253-6559a1e6f15c","Re C (Internal Relocation) [2015] EWCA Civ 1305","[""[2016] 2 FCR 576"", ""[2015] EWCA Civ 1305"", ""[2016] Fam 253"", ""[2015] WLR(D) 537"", ""[2017] 1 FLR 103"", ""[2016] 3 WLR 1"", ""[2016] Fam Law 284""]; []",,"html"
"7b3ca079-5146-4714-b9db-a1df862a8fe4","B (Children), Re [2021] EWCA Civ 1221","[""[2021] EWCA Civ 1221""]; []",,"html"
"afa5e7a2-695a-454d-bf52-ec07e4bcecdf","Chowdhury v Secretary of State for the Home Department","[""[2021] Imm AR 1748"", ""[2021] EWCA Civ 1220"", ""[2021] 1 WLR 5544"", ""[2021] WLR(D) 447"", ""[2022] 1 CMLR 23""]; []",,"html"
"333f1916-0a9a-47c9-803b-e5904e26f3c4","Complete Building Solutions Ltd v Brown & Anor [2015] EWCA Civ 1316","[""[2015] EWCA Civ 1316""]; []",,"html"
"abd2eb4d-62ae-4c3d-924e-f02b20b5674c","PK Airfinance SARL & Anor v Alpstream AG & Ors [2015] EWCA Civ 1318","[""[2015] EWCA Civ 1318""]; []",,"html"
"8428e350-050d-445f-bc42-4fece4e349e5","Criminal Injuries Compensation Authority v First Tier Tribunal","[""2016] AACR 25"", ""[2015] EWCA Civ 1329""]; []",,"html"
"c5a742f2-1452-4cc2-8ad5-c4e54d98f656","Ministry Of Justice v O'Brien & Ors [2015] EWCA Civ 1368","[""2015] EWCA Civ 1368"", ""[2019] WLR(D) 682""]; []",,"html"
"7b304542-91d5-4a70-9dda-989cc62434b2","SR (Algeria) v Secretary of State for the Home Department","[""[2015] EWCA Civ 1375""]; []",,"html"
"d7a81ad9-1bee-4cfa-9fc9-53ca435beeb4","S (A Child), Re [2015] EWCA Civ 1345","[""[2015] EWCA Civ 1345""]; []",,"html"
"17e547ad-19c4-4311-869f-7bd33e6b9955","Lim v Entry Clearance Officer Manila [2015] EWCA Civ 1383 – Dependency Status of Family Members under EU Law","[""[2015] EWCA Civ 1383"", ""[2016] Imm AR 421""]; []",,"html"
"a02470c1-6fec-4eeb-8217-fb83b744ffc2","RJ (Gambia) v Secretary of State for the Home Department [2015] EWCA Civ 1406","[""[2015] EWCA Civ 1406""]; []",,"html"
"71cc5cd3-6916-4f1c-9842-f70f7e1c31b3","Welch v Welch [2015] EWCA Civ 1407","[""2015] EWCA Civ 1407""]; []",,"html"
"ca64b8d0-92e7-4976-a823-9a4a47e7a668","MS (Pakistan) v Secretary of State for the Home Department","[""[2015] EWCA Civ 1404""]; []",,"html"
"ac68b555-3902-4594-849b-9ea09c41aad9","Zavarco Plc v Nasir [2021] EWCA Civ 1217","[""[2021] EWCA Civ 1217"", ""[2022] 2 WLR 261"", ""[2021] WLR(D) 440"", ""[2022] 2 All ER 388"", ""[2022] Ch 105""]; []",,"html"
"6b0d6dc4-e59b-48b8-ad66-aa92dec9447d","RN (Pakistan) v Secretary of State for the Home Department [2015] EWCA Civ 1411","[""[2015] EWCA Civ 1411""]; []",,"html"
"a05da520-86c4-476b-8166-5a4afd89f631","AK (Zimbabwe) & Ors v Secretary of State for the Home Department [2015] EWCA Civ 1417","[""[2015] EWCA Civ 1417""]; []",,"html"
"3ea749eb-07ab-40b8-b0db-232556cc2d45","TR (Pakistan) v Secretary of State for the Home Department","[""[2015] EWCA Civ 1412""]; []",,"html"
"473a5195-db20-4ad3-8e42-e6443b83dc1d","SM (Bulgaria) v Secretary of State for the Home Department","[""[2015] EWCA Civ 1409""]; []",,"html"
"90c3be3b-ad15-4b0f-b124-362a9481b7e9","BS (India) v Secretary of State for the Home Department","[""[2015] EWCA Civ 1408""]; []",,"html"
"41bc9d07-9bb6-4362-93ba-1abbcddb8334","Quan v Bray & Anor [2015] EWCA Civ 1401","[""[2015] EWCA Civ 1401""]; []",,"html"
"2574455d-4826-43b7-b203-6a460ac848c8","Bilous v Secretary of State for the Home Department","[""[2015] EWCA Civ 1426""]; []",,"html"
"91efd7ea-cc54-4439-8c9c-92fe510d4066","Johnson v Manpower Direct (UK) Ltd [2015] EWCA Civ 1424","[""[2015] EWCA Civ 1424""]; []",,"html"
"9c7eb0cd-261d-44c4-80bd-df1c587dc3c2","Energy Data Company Ltd v Eyers & Anor [2015] EWCA Civ 1425","[""[2015] EWCA Civ 1425""]; []",,"html"
"3ddde38d-93a5-48ed-b980-3e55cdebad1e","Bank St Petersburg PJSC & Anor v Arkhangelsky & Ors [2015] EWCA Civ 1420","[""[2015] EWCA Civ 1420""]; []",,"html"
"a5a9698a-8c12-4e58-9573-875fa6d1a045","Tiernan & Ors v National Farmers Union & Ors [2015] EWCA Civ 1419","[""[2015] EWCA Civ 1419""]; []",,"html"
"2361b8c6-1fec-49a3-bf74-147beb89cae5","GC v AS [2021] EWCA Civ 1223: Jurisdiction and Child Return Order","[""2022 Fam 237"", ""2022 1 FLR 186"", ""2021 WLR(D) 452"", ""2022 2 WLR 275"", ""2021 EWCA Civ 1223""]; []",,"html"
"3e3276b9-122d-4d18-892d-fa9a8a462b3c","Smith v Stratton & Anor [2015] EWCA Civ 1413","[""2015] EWCA Civ 1413""]; []",,"html"
"9fed1e86-f479-4421-a712-95da7a9facf8","TA (Sri Lanka) v Secretary of State for the Home Department","[""[2015] EWCA Civ 1435""]; []",,"html"
"7eb344cd-de84-4c41-a76e-212f9ba9791b","Mengiste & Anor v Endowment Fund for the Rehabilitation of Tigray & Ors","[""[2015] EWCA Civ 1437""]; []",,"html"
"fa2821be-f118-4568-ad75-f1c79c4aa559","Ryan v City of Westminster [2015] EWCA Civ 1448","[""2015] EWCA Civ 1448""]; []",,"html"
"f99dc6c1-052d-452c-a12c-79367aeee461","C (A Child) v. [2021] EWCA Civ 1236: Child Abduction Case","[""[2021] EWCA Civ 1236""]; []",,"html"
"db269a3a-4da0-4655-8ca5-290f0ddad79e","Awards Drinks Ltd v Revenue And Customs","[""[2021] STC 1576"", ""[2021] EWCA Civ 1235"", ""[2021] BVC 17""]; []",,"html"
"5bb446d6-8e16-48b4-bc3c-69ede069bef8","Ali v Secretary of State for the Home Department [2015] EWCA Civ 1427","[""[2015] EWCA Civ 1427""]; []",,"html"
"be3ee85e-73ac-4eb1-b8d1-a1128b11b037","MH (Bangladesh) & Anor v Secretary of State for the Home Department","[""[2015] EWCA Civ 1442""]; []",,"html"
"70c75405-8cba-40e2-92ff-8302ea4f6789","Griffiths v Gwynedd County Council [2015] EWCA Civ 1440","[""[2015] EWCA Civ 1440""]; []",,"html"
"77cd9619-9a80-4d62-be26-7670efd74cf8","Donelien v Liberata (UK) Ltd","[""2015] EWCA Civ 1449""]; []",,"html"
"f547e2d3-a6d3-48c4-bb4b-2451d32b3041","SA (Holland) v Secretary of State for the Home Department [2015] EWCA Civ 1447","[""[2015] EWCA Civ 1447""]; []",,"html"
"182615b2-8acb-4858-bf0e-6f70fb191afa","Afolabi v London Borough of Barking & Dagenham [2015] EWCA Civ 1444","[""[2015] EWCA Civ 1444""]; []",,"html"
"8ff8e674-030f-42af-a58b-71ec37ece29a","Awan & Ors v Secretary of State for the Home Department [2015] EWCA Civ 1445","[""[2015] EWCA Civ 1445""]; []",,"html"
"9b9f9e4b-b866-4635-bf22-d0b01e344db9","Connors & Ors v Secretary of State for Communities and Local Government & Ors","[""[2015] EWCA Civ 1454""]; []",,"html"
"6b8a72dc-cb02-402e-96e5-956e59ded9fe","Haskell v Haskell [2021] EWCA Civ 1295","[""[2021] EWCA Civ 1295""]; []",,"html"
"beacbb3d-df19-4746-af08-bdebe0614b89","Heathfield International LLC v Axiom Stone (London) Ltd & Anor","[""[2021] EWCA Civ 1242"", ""[2021] Costs LR 819""]; []",,"html"
"df4aeaae-2553-4bbb-9bba-f29b855bf593","Gwynedd Council v Barratt & Anor [2021] EWCA Civ 1322","[""[2021] IRLR 1028"", ""[2021] ELR 747"", ""[2021] EWCA Civ 1322""]; []",,"html"
"54aa7aae-df0b-43d4-9f34-c9443973ce51","Steve Hill Ltd v Witham [2021] EWCA Civ 1312","[""[2021] EWCA Civ 1312""]; []",,"html"
"92333e52-3f9e-4446-b4af-76c01ebc8264","Les Ambassadeurs Club Ltd v Yu [2021] EWCA Civ 1310 - Appeal on Freezing Injunction","[""[2021] EWCA Civ 1310"", ""[2022] 2 All ER 443"", ""[2022] 2 All ER (Comm) 283"", ""[2021] WLR(D) 465"", ""[2022] 4 WLR 1""]; []",,"html"
"82123a67-19f4-4ea1-ad74-b5b3a2828421","Bank of Scotland Plc v Hurst [2015] EWCA Civ 1451","[""[2015] EWCA Civ 1451""]; []",,"html"
"729b91cf-fb58-4145-9304-4aa5401e7a3c","FibroGen Inc v Akebia Therapeutics Inc [2021] EWCA Civ 1279","[""[2021] EWCA Civ 1279""]; []",,"html"
"5afb98ad-313f-48dd-b98f-dd546dc3d952","X (Children) (Article 61 BIIa) [2021] EWCA Civ 1305","[""[2021] EWCA Civ 1305"", ""[2021] WLR(D) 466""]; []",,"html"
"2fb0055f-7009-41df-8b3a-bbeadc167197","The Secretary of State for the Home Department v Ali","[""2022] WLR 773"", ""[2021] EWCA Civ 1357"", ""[2021] INLR 720"", ""[2022] 1 WLR 773"", ""[2021] WLR(D) 528""]; []",,"html"
"60024318-624d-4e3e-8ce7-bc7a76639f31","Bell & Anor v The Tavistock and Portman NHS Foundation Trust","[""[2022] PTSR 544"", ""[2021] WLR(D) 490"", ""(2022) 183 BMLR 34"", ""[2022] 1 FLR 69"", ""[2022] 1 All ER 416"", ""[2021] EWCA Civ 1363""]; []",,"html"
"8f9cc2d7-6878-4170-a18a-5142fa7e7bfa","The Secretary of State for Work And Pensions v Akhtar","[""[2021] EWCA Civ 1353"", ""[2022] 1 WLR 421"", ""[2021] HRLR 19"", ""[2021] WLR(D) 483""]; []",,"html"
"a786c7a7-84a2-4509-b1c8-bc1e3822d810","NC (Bangladesh) v Secretary of State for the Home Department [2015] EWCA Civ 1452","[""[2015] EWCA Civ 1452""]; []",,"html"
"04341221-5df5-45f3-861f-1105ec71a25d","Michalczyk v London Borough of Southwark [2015] EWCA Civ 1501","[""[2015] EWCA Civ 1501""]; []",,"html"
"b00cbfd9-ee1d-4144-9b2a-ef9bd6d5f94d","Combined Parking Solutions Ltd v AJH Films Ltd","[""[2015] EWCA Civ 1453""]; []",,"html"
"4640b74d-db64-4156-b970-0a1375455fb5","FB (Pakistan) v SSHD [2015] EWCA Civ 1511","[""[2015] EWCA Civ 1511""]; []",,"html"
"f0221f6f-2fe9-404a-9e94-de5ce3339fe3","AS (Gambia) v The Secretary of State for the Home Department","[""[2015] EWCA Civ 1516""]; []",,"html"
"4510caeb-eaaf-4c0e-a5ac-f2b2792a150c","Hemley v Croydon Council [2015] EWCA Civ 1519","[""[2015] EWCA Civ 1519""]; []",,"html"
"a86a3a54-7bec-4151-a407-dbf3d908b957","Stewart v Royal Mail Group Ltd [2015] EWCA Civ 1527","[""[2015] EWCA Civ 1527""]; []",,"html"
"835a97a7-4d2d-48ef-90d6-d7c729440184","Griffiths v Gourlay & Ors [2015] EWCA Civ 1562","[""[2015] EWCA Civ 1562""]; []",,"html"
"b12b36d2-85f6-48e6-9db9-c8fe0f5f1873","Fagbolagun (t/a Baganton Property Services) v Alade [2015] EWCA Civ 1515","[""2015] EWCA Civ 1515""]; []",,"html"
"5a0a2c83-9e30-42dd-ac6e-ecfc2e5e78e2","OO (Nigeria) & Anor v Secretary of State for the Home Department [2015] EWCA Civ 1510","[""[2015] EWCA Civ 1510""]; []",,"html"
"cc0c3833-f0d7-44ae-9281-e6b836259563","DA (Iraq) v The Secretary of State for the Home Department: Asylum and Credibility Issues","[""[2015] EWCA Civ 1523""]; []",,"html"
"7c3926f5-8d68-459d-993c-8108e07bd6f3","Broomfield Developments Ltd & Anor v Secretary of State for Business, Innovation & Skills","[""[2015] EWCA Civ 1526""]; []",,"html"
"f0cad471-e222-49db-b138-c99f671aff4f","Cawsand Fort Management Company v Kane & Ors [2015] EWCA Civ 1520","[""[2015] EWCA Civ 1520""]; []",,"html"
"5c1afef5-043d-490f-9bc2-df5df145ec69","Foreprime Properties Ltd v Cheval Bridging Finance Ltd [2015] EWCA Civ 1525","[""[2015] EWCA Civ 1525""]; []",,"html"
"282e9623-5d3b-4493-a09a-3f92f2554a44","Secretary of State for the Home Department v RA (Pakistan) & Anor [2015] EWCA Civ 1524","[""[2015] EWCA Civ 1524""]; []",,"html"
"020a2f1b-69c5-4d60-9c90-b3a1afa54f34","Parkinson v Royal Bolton Hospital NHS","[""[2015] EWCA Civ 1529""]; []",,"html"
"f30cc6e6-eaaa-4d4b-acf6-f518445a4d7c","Engeham v London & Quadrant Housing Trust & Anor","[""[2015] EWCA Civ 1530""]; []",,"html"
"5ba8b8cf-d4da-44ec-8d5c-46d27c9e51dc","Haastrup & Anor v Haastrup & Anor [2015] EWCA Civ 1528","[""[2015] EWCA Civ 1528""]; []",,"html"
"b8e85543-ffaf-48af-8186-e6cb7573e433","Hyde & Ors v North East Lincolnshire Council [2015] EWCA Civ 1566","[""[2015] EWCA Civ 1566""]; []",,"html"
"21ced00c-6780-422f-a26b-d8a6b98f3fd3","YP (Sri Lanka) v Secretary of State for the Home Department","[""2015] EWCA Civ 1565""]; []",,"html"
"533df7ae-bb53-4ff2-a83d-41ec1971ee0f","Sumi v Entry Clearance Officer - English Language Test Requirements in Immigration Rules","[""[2015] EWCA Civ 1564""]; []",,"html"
"b8fc6f33-ce8f-4666-b345-08282117a38a","CG (China) & Anor v Secretary of State for the Home Department","[""2015] EWCA Civ 1574""]; []",,"html"
"474a1b84-4c02-42dc-802b-17c05de119f6","Otkritie International Investment Management Ltd & Ors v Urumov & Ors [2015] EWCA Civ 1578","[""[2015] EWCA Civ 1578""]; []",,"html"
"8e22be86-6834-4521-897f-23c948a08b39","Zinda v Ark School","[""2015] EWCA Civ 1596""]; []",,"html"
"6ed547d9-1a6c-490c-868d-be6d7b0e1e4e","LB (Democratic Republic of Congo) v Secretary of State for the Home Department [2015] EWCA Civ 1613","[""[2015] EWCA Civ 1613""]; []",,"html"
"57ef13de-a211-4682-8aaa-bea653dfacae","Cowling v Worcester Community Housing Ltd [2015] EWCA Civ 1624","[""[2015] EWCA Civ 1624""]; []",,"html"
"4ea40dee-862a-4b2b-87cd-d0066f3dfb1e","Bibby Factors Northwest Ltd v HFD Ltd & Anor [2015] EWCA Civ 1908","[""2015] EWCA Civ 1908""]; []",,"html"
"74d3973e-bd56-46c1-8ff8-bc8017fd6c77","N J Rickard Limited v Holloway & Anor","[""[2017] 1 Costs LR 1"", ""[2015] EWCA Civ 1631""]; []",,"html"
"866ddd99-16fc-458c-9583-7d5019f612ac","Akinola & Anor v Upper Tribunal & Anor","[""2022] WLR 1585"", ""[2021] EWCA Civ 1308"", ""[2021] WLR(D) 469"", ""[2022] 1 WLR 1585"", ""[2021] INLR 666""]; []",,"html"
"cd0cf5f9-a506-4102-86bc-7b3babdd1774","Mudibo v Secretary of State for the Home Department","[""2015] EWCA Civ 1588""]; []",,"html"
"6796bc23-c543-43bf-bc86-0eb2378c5906","Balogun v Boyes Sutton & Perry [2015] EWCA Civ 1587","[""[2015] EWCA Civ 1587""]; []",,"html"
"1d955c3c-6cd3-49b9-95f8-36cc63eb6320","DR (Jamaica) v Secretary of State for the Home Department","[""[2015] EWCA Civ 1585""]; []",,"html"
"3c5e7f9b-2ee5-4224-8b94-f732d508fe16","Patrick v McKinley [2015] EWCA Civ 1582","[""[2015] EWCA Civ 1582""]; []",,"html"
"44ce11b7-7528-4607-ad5c-af43f3404bd6","RL (New Zealand) v SSHD [2015] EWCA Civ 1583","[""[2015] EWCA Civ 1583""]; []",,"html"
"26940491-70b6-4130-9d4f-e5f432ef99d2","MM (Mauritius) v Secretary of State for the Home Department [2015] EWCA Civ 1591","[""[2015] EWCA Civ 1591""]; []",,"html"
"f5189c16-01b1-4735-96f1-152e451e57e0","Blackpool Football Club Ltd v DSN [2021] EWCA Civ 1352","[""[2021] EWCA Civ 1352"", ""[2021] WLR(D) 482""]; []",,"html"
"bee23633-fbf9-4d18-89fc-cfd8ff71af62","C (A Child) (Abduction: Article 13(b))","[""[2021] 4 WLR 118"", ""[2021] WLR(D) 484"", ""[2021] EWCA Civ 1354""]; []",,"html"
"05427f60-6e53-43e7-8f7d-78c46d787b0d","Williams v Secretary of State for the Home Department [2015] EWCA Civ 1590","[""[2015] EWCA Civ 1590""]; []",,"html"
"28531b58-f6f1-4281-86ec-3fc1b2030997","Clutterbuck v Al Amoudi Case Analysis [2015] EWCA Civ 1593","[""[2015] EWCA Civ 1593""]; []",,"html"
"ccc68f49-6e03-4164-bef5-1b5febd0ee2c","Sabha & Ors v Rai & Ors [2015] EWCA Civ 1594","[""[2015] EWCA Civ 1594""]; []",,"html"
"cdd401a0-98f8-4ae0-b678-ba5b325bd58c","Metropolitan Housing Trust Ltd v Taylor & Ors [2015] EWCA Civ 1595","[""[2015] EWCA Civ 1595""]; []",,"html"
"d624b546-fb2c-4ae1-976d-2c6da011fbfd","F (Eritrea) v Secretary of State for the Home Department","[""[2015] EWCA Civ 1605""]; []",,"html"
"b1dec999-2f7b-4a23-bed7-7a46a8166746","Yusuf v London Borough of Lewisham [2015] EWCA Civ 1604","[""[2015] EWCA Civ 1604""]; []",,"html"
"ed93b9d5-e1f3-4dd6-921b-548b30e24f80","Jalla & Anor v Shell International Trading And Shipping Co Ltd & Anor (Appeal (2): Representative Action)","[""[2021] EWCA Civ 1389""]; []",,"html"
"d9395400-1eff-4dd0-9aaa-79c677839335","NS (Zimbabwe) v Secretary of State for the Home Department","[""[2015] EWCA Civ 1599""]; []",,"html"
"84fdd924-3ac3-43f3-8264-e661629e7f06","Taurus Petroleum Ltd v State Oil Company of the Ministry of Oil, Republic of Iraq","[""[2015] EWCA Civ 835"", ""[2016] 1 Lloyd's Rep 42"", ""[2016] 2 All ER Comm 1037"", ""[2015] CN 1331"", ""[2015] CP Rep 48""]; []",,"html"
"40aa1e06-971b-4b86-b547-1b2f56589c97","Lantana Ltd v The Comptroller General of Patents, Design and Trade Marks","[""[2014] EWCA Civ 1463"", ""[2015] RPC 16""]; []",,"html"
"722b6674-59d3-46ef-b540-ede9d435c156","Rathbone Brothers Plc & Anor v Novae Corporate Underwriting Ltd [2014] EWCA Civ 1464","[""2014] WLR(D) 488"", ""[2014] EWCA Civ 1464""]; []",,"html"
"680b5046-8d79-4dae-b85d-4a6b5f772200","X v Y [2014] EWCA Civ 1465: Appeal for Permission to Intervene in Family Ancillary Relief Proceedings","[""[2014] EWCA Civ 1465""]; []",,"html"
"e8178dca-826e-4fd5-9b5b-8bef75c1c7e4","Ocean Healthcare Ltd v Sigma Pharmaceuticals Plc [2014] EWCA Civ 1468","[""[2014] EWCA Civ 1468""]; []",,"html"
"2396543c-6d7d-431e-8474-5dfe30fe6234","SH (Iran) & Anor v Secretary of State for the Home Department","[""[2015] Imm AR 352"", ""[2014] EWCA Civ 1469"", ""[2015] INLR 272""]; []",,"html"
"a0ccc321-54d1-4f02-be5b-6c2fdbde7e6d","Tchenguiz v Director of the Serious Fraud Office & Ors [2014] EWCA Civ 1471","[""[2014] EWCA Civ 1471""]; []",,"html"
"817ead78-1387-4f52-9770-8cfbab819078","Mitchell v Watkinson & Anor [2014] EWCA Civ 1472","[""2014""]; []",,"html"
"c9c90d1f-1507-4a80-9cb5-a8626dc7faa3","F (Children) (Rev 1) [2014] EWCA Civ 1474","[""[2014] EWCA Civ 1474""]; []",,"html"
"626fe024-3c9b-447b-9111-f18aece6922e","Justice for Families Ltd v Secretary of State for Justice [2014] EWCA Civ 1477","[""[2014] WLR(D) 491"", ""[2014] EWCA Civ 1477""]; []",,"html"
"464b6335-7623-49ec-8536-df2bb3ae5a4d","Parratt, R (on the application of) v Parole Board","[""[2014] EWCA Civ 1478""]; []",,"html"
"b76edcda-ee4b-4de3-8adf-69e3cc937584","Revenue and Customs v Professional Game Match Officials Ltd","[""[2021] BTC 27"", ""[2022] 1 All ER 971"", ""[2021] EWCA Civ 1370"", ""[2021] STC 1956""]; []",,"html"
"3873ea4d-d838-4ccd-beea-1c3cb938a9c6","CM v Blackburn With Darwen Borough Council [2014] EWCA Civ 1479","[""[2014] WLR(D) 494"", ""[2015] 2 FLR 290"", ""[2014] EWCA Civ 1479"", ""[2015] Fam Law 18"", ""[2015] 2 FCR 116"", ""[2015] 1 WLR 2441""]; []",,"html"
"373dabe4-1a31-4fe7-9e76-a26891cdcb50","HK (Sudan) v Secretary of State for the Home Department","[""[2014] EWCA Civ 1481""]; []",,"html"
"8d417ae2-4851-4f1a-8ef1-fd267ca0b524","SC Confectia SA v Miss Mania Wholesale Ltd [2014] EWCA Civ 1484","[""2014] EWCA Civ 1484""]; []",,"html"
"2f0be9af-1f56-4bcc-868b-5d05b3d9d3ff","Colborne v. Colborne [2014] EWCA Civ 1488","[""[2014] EWCA Civ 1488""]; []",,"html"
"0a459d57-ebe9-4176-a3bb-167382b9d094","A-M (Children) [2014] EWCA Civ 1489","[""[2014] EWCA Civ 1489""]; []",,"html"
"e8a6abc4-c967-4b41-923d-c82d2031447e","GE (Eritrea) v Secretary of State for the Home Department & Bedford Borough Council","[""[2015] WLR 4123"", ""[2014] EWCA Civ 1490"", ""[2015] PTSR 854"", ""[2014] WLR(D) 500"", ""[2015] 1 WLR 4123""]; []",,"html"
"9332a0b1-d48c-4aeb-aaae-c90041a9da96","Poule Securities Ltd v Howe & Ors [2021] EWCA Civ 1373","[""2021] EWCA Civ 1373""]; []",,"html"
"4a9bb88c-9e11-493f-92cb-2c84efe40f34","Assaubayev & Ors v Michael Wilson & Partners Ltd","[""[2014] EWCA Civ 1491""]; []",,"html"
"0cd70fc1-f82d-410d-abd8-9e1192311714","W (Children) [2014] EWCA Civ 1492","[""[2014] EWCA Civ 1492""]; []",,"html"
"39f2552a-7ea1-42e0-8176-5a1b1fc092e6","Rasheed v Secretary of State for the Home Department","[""[2014] EWCA Civ 1493""]; []",,"html"
"54be28ea-1cd9-4cb1-9772-90b2ad75282a","AM (Belarus) v Secretary of State for the Home Department","[""[2014] EWCA Civ 1506""]; []",,"html"
"a733c05d-5346-4a94-ae6a-fc5fd00e12ff","Thaler v Comptroller General of Patents Trade Marks And Designs","[""[2021] EWCA Civ 1374"", ""[2022] Bus LR 375"", ""[2021] RPC 19""]; []",,"html"
"29fdb71c-0487-475b-bc3c-1b42e23ecc02","B-M (Children: Findings of Fact) [2021] EWCA Civ 1371","[""[2021] EWCA Civ 1371""]; []",,"html"
"05abd6a8-750b-4613-9e1c-f41b184b9924","Inplayer Ltd & Anor v Thorogood [2014] EWCA Civ 1511","[""[2014] EWCA Civ 1511""]; []",,"html"
"53e4e4d6-7fe9-4d97-a56c-d55311748151","Yapp v Foreign and Commonwealth Office","[""2014] EWCA Civ 1512"", ""[2015] IRLR 112"", ""[2014] WLR(D) 501"", ""[2015] ICR D13""]; []",,"html"
"aa6b8306-9f7e-4858-8479-8ab2721aebab","Adaptive Spectrum and Signal Alignment Inc v British Telecommunications Plc [2014] EWCA Civ 1513","[""2014] EWCA Civ 1513""]; []",,"html"
"d751b32b-ae63-4025-a3e9-1b7de608af0f","Lawal & Anor v Circle 33 Housing Trust","[""[2015] HLR 9"", ""[2014] EWCA Civ 1514""]; []",,"html"
"18d1bbac-8bcd-4fbc-86a6-c88f150b10c4","Lankester & Son Ltd v Rennie [2014] EWCA Civ 1515","[""[2014] EWCA Civ 1515""]; []",,"html"
"933b6ac0-50e7-4e54-a40c-525ed68bec11","General Medical Council v Nakhla [2014] EWCA Civ 1522: Appeal on Registration to Specialist Register","[""[2014] WLR(D) 510"", ""[2014] EWCA Civ 1522""]; []",,"html"
"9dea4112-b989-4c0d-9151-f68ba6432be4","Akers & Ors v Samba Financial Group [2014] EWCA Civ 1516","[""17 ITELR 921"", ""[2015] 2 WLR 1281"", ""[2014] WLR(D) 521"", ""[2015] BPIR 411"", ""[2015] 1 CH 451"", ""[2015] Ch 451"", ""[2015] WTLR 931"", ""[2015] 1 Ch 451"", ""[2014] EWCA Civ 1516""]; []",,"html"
"466b3a60-a547-4ac2-87f8-1d390e28e5f7","EK (Ivory Coast) v The Secretary of State for the Home Department [2014] EWCA Civ 1517","[""[2014] EWCA Civ 1517"", ""[2015] Imm AR 367"", ""[2015] INLR 287""]; []",,"html"
"7fe9b592-0ffd-4a91-8544-2c2f722caa42","J, R (on Application of) v Worcestershire County Council","[""[2014] EWCA Civ 1518"", ""[2015] BLGR 660"", ""[2015] WLR 2825"", ""[2015] PTSR 127"", ""[2015] 1 WLR 2825"", ""[2015] 2 FLR 1053"", ""[2014] WLR(D) 503"", ""[2015] 2 All ER 792"", ""[2015] Fam Law 132"", ""[2015] 1 FCR 463""]; []",,"html"
"655de8e8-dfb0-46ba-ae12-d0d959d5383b","M (A Child) [2014] EWCA Civ 1519","[""[2014] EWCA Civ 1519""]; []",,"html"
"e6d6194b-3078-42b3-bd70-234b01020c94","Natt & Anor v Osman & Anor [2014] EWCA Civ 1520: Validity of Notice Under the Leasehold Reform Act","[""2014] EWCA Civ 1520"", ""[2015] WLR 1536"", ""[2015] HLR 11"", ""[2015] 1 WLR 1536"", ""[2014] WLR(D) 505""]; []",,"html"
"806f118b-d6b0-4939-ad11-753dafd57638","Nayif v The High Commission of Brunei Darussalam [2014] EWCA Civ 1521","[""[2015] IRLR 134"", ""[2014] WLR(D) 508"", ""[2015] CP Rep 11"", ""[2014] EWCA Civ 1521"", ""[2015] ICR 517"", ""[2015] 4 All ER 159""]; []",,"html"
"273cbd4a-3896-4721-9b32-965b9d73c619","H v H [2014] EWCA Civ 1523 - Appeal of Financial Remedy Decision","[""[2014] EWCA Civ 1523""]; []",,"html"
"95e10220-9d5f-4657-9afc-808837488a7b","BP & Ors v Hertfordshire County Council & Anor [2014] EWCA Civ 1524","[""[2014] EWCA Civ 1524""]; []",,"html"
"e1b6572b-6173-4acc-bfbf-e1ffadd60e15","Dufoo v Tolaini & Ors [2014] EWCA Civ 1536","[""2014 EWCA Civ 1536""]; []",,"html"
"cbc88b9e-6792-49fd-b160-a1e9817624b0","Lougheed v On The Beach Ltd [2014] EWCA Civ 1538","[""[2014] EWCA Civ 1538""]; []",,"html"
"97820fba-c3e6-414f-917f-2422a1df03d7","Re T (Children) [2014] EWCA Civ 1549: An Appeal on Care Orders Against Judicial Findings","[""[2014] EWCA Civ 1549""]; []",,"html"
"15cff72f-4eeb-4b1e-8b22-9b91b389f721","The Secretary of State for Work and Pensions v Garland [2014] EWCA Civ 1550","[""[2014] EWCA Civ 1550""]; []",,"html"
"fbc93ddc-0e17-4354-aa38-bce31b4a88ef",,"[]; []",,""
"ffeda058-fa14-4d99-9bea-e7b3796627f8","The Secretary of State for Communities and Local Government v Venn","[""[2015] 1 CMLR 52"", ""[2015] 1 WLR 2328"", ""[2015] CP Rep 12"", ""[2015] JPL 573"", ""[2015] Env LR 14"", ""[2014] WLR(D) 513"", ""[2014] EWCA Civ 1539""]; []",,"html"
"d11fa106-ef9c-4d02-bf1b-0e84debcd193","Krebs v NHS Commissioning Board [2014] EWCA Civ 1540","[""[2014] EWCA Civ 1540""]; []",,"html"
"c0ec76f0-fd21-4397-823e-7f92e68267dd","Hampshire Constabulary v Southampton City Council","[""2014""]; []",,"html"
"3f8f64bf-8917-45f1-ac4e-d5c0890c76e6","Dowling v Griffin [2014] EWCA Civ 1545","[""[2014] EWCA Civ 1545""]; []",,"html"
"c21e0bef-b8ff-4f7a-8747-96ed5c2813e1","Crossfield v Jackson [2014] EWCA Civ 1548","[""[2014] EWCA Civ 1548"", ""[2015] HLR 13"", ""[2015] WTLR 1519""]; []",,"html"
"d410b954-2c73-4c80-b7d1-e4365e8910d3","Global Display Solutions Ltd & Ors v NCR Financial Solutions Group Ltd & Ors [2021] EWCA Civ 1399","[""[2021] EWCA Civ 1399""]; []",,"html"
"f00b081e-e2ad-4662-b331-62420acc5ed1","Butcher & Anor v Pike & Ors [2021] EWCA Civ 1407 - Appeal on Contractual Interpretation","[""[2021] EWCA Civ 1407""]; []",,"html"
"de020436-346c-43ad-85c8-7d2bfd572c71","Stacey (t/a the New Gailey Caravan/Motorhomes Centre) v Autosleeper Group Ltd","[""[2014] EWCA Civ 1551""]; []",,"html"
"ee0e4769-b74c-4e0d-af1f-e9aa5489ab19","CP (A Child) v First-Tier Tribunal (Criminal Injuries Compensation) & Ors [2014] EWCA Civ 1554","[""[2014] EWCA Civ 1554"", ""[2015] Fam Law 123"", ""(2015) 142 BMLR 18"", ""[2014] WLR(D) 520"", ""[2015] 1 Cr App R 19"", ""[2015] 4 All ER 60"", ""[2015] PIQR P12"", ""[2015] 1 QB 459"", ""[2015] QB 459"", ""[2015] 2 WLR 463"", ""[2015] 2 FLR 1163""]; []",,"html"
"3ff34419-ffbc-40f9-a087-a1cb1371d0e1","Vicente & Anor v Secretary of State for Communities and Local Government & Anor [2014] EWCA Civ 1555","[""[2015] PTSR D9"", ""[2014] EWCA Civ 1555"", ""[2014] WLR(D) 523""]; []",,"html"
"4840c2e7-7326-456e-84e1-def231729686","Butcher v Southend-On-Sea Borough Council (2014)","[""[2014] EWCA Civ 1556""]; []",,"html"
"183f1380-529f-4dfe-ac60-8828abb2107c","S (A Child) (Abduction: Hearing the Child) [2014] EWCA Civ 1557","[""[2014] WLR(D) 522"", ""[2015] Fam 263"", ""[2014] EWCA Civ 1557"", ""[2015] 1 Fam 263"", ""[2015] 2 FLR 588"", ""[2015] 1 FCR 223"", ""[2015] 1 FAM 263"", ""[2015] 3 WLR 10"", ""[2015] Fam Law 118""]; []",,"html"
"c1322657-6e6e-4829-b705-715edca4d96d","Brito-Babapulle v Ealing Hospital NHS Trust","[""[2014] EWCA Civ 1626""]; []",,"html"
"a09589e3-8dca-4144-b37d-d4452dc44029",,"[]; []",,""
"cc853d79-8764-4318-a98e-f44d1ff24ea3","Chiva v Chiva [2014] EWCA Civ 1558","[""[2014] EWCA Civ 1558""]; []",,"html"
"74e48d21-d0ed-428b-8f29-bd94f3d2041d","Firstgroup Plc v Paulley [2014] EWCA Civ 1573","[""[2014] EWCA Civ 1573"", ""[2015] WLR 3384"", ""[2015] 1 WLR 3384"", ""[2014] WLR(D) 525"", ""[2015] RTR 22""]; []",,"html"
"192003fb-deff-4323-9938-ab13b305c4f2","Times Newspapers Ltd v Flood [2014] EWCA Civ 1574","[""[2014] CN 2134"", ""[2014] EWCA Civ 1574""]; []",,"html"
"10d2c8f6-6d10-4aa1-83c3-d221f543714e","Salford Estates (No.2) Ltd v Altomart Ltd [2014] EWCA Civ 1575","[""[2014] EWCA Civ 1575""]; [""[2015] BPIR 399"", ""[2015] 1 CH 589"", ""[2014] WLR(D) 527"", ""[2015] BCC 306"", ""[2015] 1 Ch 589"", ""[2015] CH 589"", ""[2014] WLR(D) 536"", ""[2015] 3 WLR 491""]",,"html"
"5eb00e92-26f9-42e2-8285-38ace633d879","R (On the Application Of) Huxtable v Secretary of State for Justice","[""[2022] WLR 813"", ""[2022] 1 WLR 813"", ""[2021] WLR(D) 497"", ""[2021] EWCA Civ 1394""]; []",,"html"
"da4b6be7-2b22-4bd1-af6b-a68873f0af8d","Bright & Anor v The Secretary of State for Justice","[""2015] WLR 723"", ""[2015] 1 WLR 723"", ""[2014] WLR(D) 549"", ""[2014] EWCA Civ 1628""]; []",,"html"
"e1a1d0af-3b92-4584-aff4-d5eec97cbc1d","Jarden Consumer Solutions (Europe) Ltd v SEB SA & Anor [2014] EWCA Civ 1629","[""[2014] EWCA Civ 1629""]; []",,"html"
"8bcfe046-b941-4c02-beff-a777364cdfc9","Chenembo v London Borough of Lambeth [2014] EWCA Civ 1576","[""[2014] EWCA Civ 1576""]; []",,"html"
"8ebd085b-fdc8-4f28-ab8b-6c511fadfd58","A (A Child) [2014] EWCA Civ 1577: Analysis of Periodical Payments Under Schedule 1 of the Children Act 1989","[""[2015] Fam 277"", ""[2015] 1 FAM 277"", ""[2015] 3 WLR 48"", ""[2014] EWCA Civ 1577"", ""[2015] 1 Fam 277"", ""[2015] 2 FLR 625"", ""[2015] Fam Law 136""]; []",,"html"
"807d8cb4-c2be-4ae9-a440-fa901c828008","HS2 Action Alliance & Anor v The Secretary of State for Transport","[""2014] EWCA Civ 1578"", ""[2014] WLR(D) 526""]; []",,"html"
"c7748c6c-dbbe-4947-869c-92dbc41941d2","Kuteh v Secretary of State for Education [2014] EWCA Civ 1586","[""[2014] EWCA Civ 1586""]; []",,"html"
"29096c2f-b38f-48c1-8f9c-79bd8bac0356","Buttar Construction Ltd v Arshdeep [2021] EWCA Civ 1408","[""[2021] EWCA Civ 1408"", ""[2022] 1 All ER (Comm) 1277"", ""[2022] PIQR P3"", ""[2022] 1 WLR 1239"", ""[2021] WLR(D) 499""]; []",,"html"
"3d27b5b5-07b3-4e39-9003-7970b7869822","Mehey & Ors, R (on the application of) v Visitors to the Inns of Court & Ors [2014] EWCA Civ 1630","[""[2014] EWCA Civ 1630""]; []",,"html"
"0c4144ef-9642-4280-9526-95be21a99f19","Bayliss v The Parole Board of England And Wales & Anor [2014] EWCA Civ 1631","[""[2014] EWCA Civ 1631""]; []",,"html"
"77d08263-ca73-4cb3-98b3-0469ec9e042c","MN (Sri Lanka) v Secretary of State for the Home Department [2014] EWCA Civ 1601","[""[2014] EWCA Civ 1601""]; []",,"html"
"f9c4ce8e-bbc5-45e1-981c-3f2fd53ed62a","Re P-K (Children) [2014] EWCA Civ 1602","[""[2014] EWCA Civ 1602""]; []",,"html"
"18e78a9c-0003-4d9e-9fe8-3d56e4a9a9f3","Merchant International Company Ltd v Natsionalna Aktsionerna Kompaniia Naftogaz Ukrainy & Anor [2014] EWCA Civ 1603","[""2014] EWCA Civ 1603""]; []",,"html"
"7310fcbd-cf7f-49ad-9b6a-cfee628998fb","Charalambous & Anor v NG & Anor [2014] EWCA Civ 1604","[""2014] WLR(D) 540"", ""[2015] HLR 15"", ""[2015] 1 WLR 3018"", ""[2015] 3 All ER 814"", ""[2014] EWCA Civ 1604""]; []",,"html"
"cf08a98c-8b9a-411a-8e52-eadec92ebec0","National Westminster Bank Plc v Lucas & Ors","[""[2014] EWCA Civ 1632""]; []",,"html"
"66510dde-883c-46da-94c1-307e033a260e","AA (Algeria) v The Secretary of State for the Home Department","[""[2015] INLR 719"", ""[2015] Imm AR 481"", ""[2014] EWCA Civ 1741"", ""[2015] 2 CMLR 14""]; []",,"html"
"d4709a06-42fe-4b64-a5a3-2c50330d0d4d","O'Kelly v Davies [2014] EWCA Civ 1606","[""[2015] Fam Law 383"", ""[2015] 1 WLR 2725"", ""[2014] WLR(D) 535"", ""[2014] EWCA Civ 1606"", ""[2015] 2 FLR 1311""]; []",,"html"
"487479d1-e93f-4567-a2dc-723d0e0330e9","Walsham Chalet Park Ltd v Tallington Lakes Ltd","[""2015] 1 Costs LO 157"", ""[2015] CP Rep 15"", ""[2014] EWCA Civ 1607""]; []",,"html"
"fc865bf0-ebc1-46c0-920a-539988278a41","MA (Eritrea) v Secretary of State for the Home Department","[""[2014] EWCA Civ 1608""]; []",,"html"
"0dc8f636-6e75-4ff3-ac61-f58f51626753","Hague Plant Ltd v Hague & Ors [2014] EWCA Civ 1609","[""[2014] EWCA Civ 1609""]; []",,"html"
"fb550de2-46f0-4e9d-a141-e5e6dba358bb","Cornerstone (North East) Adoption and Fostering Services Ltd v HM Chief Inspector of Education, Children's Services and Skills (OFSTED)","[""2021] IRLR 993"", ""[2022] 2 All ER 516"", ""[2022] 2 FLR 54"", ""[2022] PTSR 595"", ""[2021] EWCA Civ 1390""]; []",,"html"
"494679dc-b4d0-4d2c-9103-d3ad05c48697","Re P (A Child) [2014] EWCA Civ 1648","[""[2014] EWCA Civ 1648""]; []",,"html"
"3318cef0-c1fb-4b20-9c13-e573c9e21a90","Solihull Metropolitan Borough Council v Gallagher Estates Ltd & Anor [2014] EWCA Civ 1610","[""[2014] EWCA Civ 1610""]; []",,"html"
"7aea2832-e77c-4869-9033-3d4a97f97418","Panesar & Ors v HM Revenue and Customs","[""[2014] WLR(D) 548"", ""[2015] BVC 1"", ""[2014] EWCA Civ 1613"", ""[2015] CP Rep 16"", ""[2015] Lloyd's Rep FC 81"", ""[2015] WLR 2577"", ""[2015] 1 Cr App R 17""]; []",,"html"
"b7f76d8a-1872-4ebe-93e8-f90c3c915f85","Gudanaviciene v The Director of Legal Aid Casework","[""[2014] EWCA Civ 1622"", ""[2015] 1 WLR 2247"", ""[2015] 3 All ER 827"", ""[2015] WLR 2247"", ""[2014] WLR(D) 547""]; []",,"html"
"1afc3883-b59c-47ca-b6e4-31051334d78f","B (Children) [2014] EWCA Civ 1623 - Appeal Related to Allegations of Inappropriate Conduct","[""[2014] EWCA Civ 1623""]; []",,"html"
"64658308-0744-4109-895f-97e4f37f9563","LR (A Child) [2014] EWCA Civ 1624","[""[2014] EWCA Civ 1624""]; []",,"html"
"4ddd127d-d87c-4e64-be56-5b376df568a7","R (A Child) [2014] EWCA Civ 1625: Appeal Against Care and Adoption Orders","[""2015] Fam Law 119"", ""[2015] 1 FLR 715"", ""[2014] EWCA Civ 1625"", ""[2015] 2 FCR 499"", ""[2015] WLR 3273"", ""[2015] 1 WLR 3273"", ""[2014] WLR(D) 539""]; []",,"html"
"1ff38120-1037-43c2-8864-dfb088a710c5","Hysaj, R (On the Application Of) v Secretary of State for the Home Department","[""[2014] EWCA Civ 1633"", ""[2015] 1 WLR 2472"", ""[2014] WLR(D) 538"", ""[2015] 2 Costs LR 191"", ""[2015] CP Rep 17""]; []",,"html"
"48121f33-f39e-4aa3-bb5c-5473a0eb1da5","Detention Action, R (On the Application Of) v Secretary of State for the Home Department","[""[2014] WLR(D) 537"", ""[2014] EWCA Civ 1634"", ""[2015] INLR 372""]; []",,"html"
"7fbe2c1c-51d0-441d-ae74-ab7d2f9d38c5","R (Delezuch) v Chief Constable of Leicestershire Constabulary & Ors","[""[2014] EWCA Civ 1635"", ""[2014] WLR(D) 560""]; []",,"html"
"97f208a3-9925-460e-9e9c-2112f2bfbfb6","The Secretary of State for the Home Department v AJ (Angola)","[""[2014] EWCA Civ 1636""]; []",,"html"
"780684fa-c703-4f91-8096-84b890c1e81b","AK v Secretary of State for the Home Department [2014] EWCA Civ 1642","[""[2014] EWCA Civ 1642""]; []",,"html"
"f9f87baa-bd88-43a9-8ece-657fcf61b3db","Tigris International NV v China Southern Airlines Company Ltd & Anor [2014] EWCA Civ 1649","[""2014""]; []",,"html"
"d939207b-0dd5-492c-9192-0bfd113fce50","M, R (On the Application Of) v Secretary of State for the Home Department [2014] EWCA Civ 1651","[""[2014] WLR(D) 541"", ""[2015] WLR 1176"", ""[2014] EWCA Civ 1651"", ""[2015] 1 Cr App R 20"", ""[2015] 1 WLR 1176""]; []",,"html"
"7ce83a8a-0b12-41d6-b92f-842cd1212be0","Nata Lee Ltd v Abid & Anor [2014] EWCA Civ 1652","[""[2014] EWCA Civ 1652""]; []",,"html"
"2a2f6d9e-43a4-401e-ac29-522ef2abe9f0","CC&C Ltd v Revenue & Customs [2014] EWCA Civ 1653","[""[2014] EWCA Civ 1653"", ""[2014] WLR(D) 557"", ""[2015] WLR 4043"", ""[2015] 1 WLR 4043""]; []",,"html"
"bf773bc1-5568-476a-bcc7-a5ad678befd0","R (A Child), Re [2014] EWCA Civ 1664","[""[2014] EWCA Civ 1664""]; []",,"html"
"a932dbeb-8863-4766-b7fc-439bce6ddf60","M (Children), Re [2014] EWCA Civ 1753","[""[2014] EWCA Civ 1753""]; []",,"html"
"ea50e0ff-3cd5-4356-8b02-6f952b8ab7ed","E (A Child), Re [2014] EWCA Civ 1754","[""[2014] EWCA Civ 1754""]; []",,"html"
"847c6dc6-b0d1-4a4d-a799-e592731f6aba","Campbell v Thomas Cook Tour Operations Ltd","[""[2014] EWCA Civ 1668"", ""[2015] 1 WLR 2007"", ""[2015] 1 Lloyd's Rep 353"", ""[2015] 2 CMLR 11"", ""[2014] WLR(D) 454""]; []",,"html"
"1424f90c-1cfc-4223-a308-051372953267","Royal Borough of Greenwich v Tuitt [2014] EWCA Civ 1669","[""[2014] EWCA Civ 1669"", ""[2015] HLR 10""]; []",,"html"
"93c1a66f-98c9-414e-9d81-53b9df214e24","McHugh v McHugh [2014] EWCA Civ 1671","[""[2014] EWCA Civ 1671""]; []",,"html"
"03eca3d2-417d-4d43-89d4-eaab50602538","Mann v Mann [2014] EWCA Civ 1674: Jurisdictional and Procedural Issues in Family Law Orders","[""[2014] EWCA Civ 1674""]; []",,"html"
"c13c9819-1abd-451c-803c-45cb96c36a37","Shaw v Merthyr Tydfil County Borough [2014] EWCA Civ 1678","[""[2014] EWCA Civ 1678""]; []",,"html"
"cbbabcf8-4269-4c67-a6e7-4c29d59a2413","Revenue And Customs v Fisher & Ors [2021] EWCA Civ 1438","[""2021] STC 2072"", ""[2022] 1 WLR 651"", ""[2022] WLR 651"", ""[2021] WLR(D) 507"", ""[2021] STI 2283"", ""[2021] EWCA Civ 1438"", ""[2021] BTC 29""]; []",,"html"
"a264d32d-db9b-47c5-b493-39f83cbded43","Sheiling Properties Ltd v Revenue And Customs","[""2021 STC 2031"", ""2021 BTC 28"", ""2022 1 WLR 1298"", ""2021 STI 2282"", ""2021 WLR(D) 506"", ""2021 EWCA Civ 1425""]; []",,"html"
"9910b00b-0357-4a79-a9f6-e266a975c312","Re S (A Child) [2014] EWCA Civ 1682","[""[2014] EWCA Civ 1682""]; []",,"html"
"67ee0f78-cd02-4825-8346-3f38a5d59d8d","Ma'har v O'Keefe & Anor [2014] EWCA Civ 1684","[""[2014] EWCA Civ 1684""]; []",,"html"
"7129a072-3e42-469c-9ae9-648e5075f1bf","LB, CB and JB (Children) v Secretary of State for the Home Department [2014] EWCA Civ 1693","[""[2014] EWCA Civ 1693""]; []",,"html"
"4c6346e0-28b4-402f-897f-0aac1a86099a","Gharavi-Nakhjavani v Pelagias [2014] EWCA Civ 1699","[""[2014] EWCA Civ 1699""]; []",,"html"
"2a1ab755-cb45-4ff2-978b-12a41375e8ae","Koumis v Secretary of State for Communities and Local Government [2014] EWCA Civ 1723","[""[2014] EWCA Civ 1723""]; []",,"html"
"13a41077-ffe0-40b0-9f6a-7e274cfbbd3d","BAA & Anor, R (on the application of) v Secretary of State for the Home Department","[""2021] EWCA Civ 1428"", ""[2021] WLR(D) 512"", ""[2021] 4 WLR 124""]; []",,"html"
"edf49102-c41c-4e24-a873-a4c8f9597b62","Goodenough & Anor v The Chief Constable of Thames Valley Police [2021] EWCA Civ 1422","[""[2021] EWCA Civ 1422""]; []",,"html"
"00f4d73a-59b4-40bd-a40b-4dd5dfb0916b","X-N (A Child), Re [2014] EWCA Civ 1775","[""[2014] EWCA Civ 1775""]; []",,"html"
"2932acac-8e73-4c8e-887d-b3d5ba21ccad","JC & RT v The Central Criminal Court & Ors (2014) - Section 39 of the Children and Young Persons Act 1933","[""(2015) 179 JP 205"", ""[2015] 1 WLR 2865"", ""[2015] WLR 2865"", ""179 JP 205"", ""[2014] EWCA Civ 1777""]; []",,"html"
"d061df0a-f978-4ccf-88dc-44d37e13b1cc","Z-O'C (Children), Re [2014] EWCA Civ 1808","[""[2014] EWCA Civ 1808""]; []",,"html"
"87063e33-46c9-48ea-ac5f-544c4dc756a0","PP (Sri Lanka) v Secretary of State for the Home Department [2014] EWCA Civ 1828","[""[2014] EWCA Civ 1828""]; []",,"html"
"f6fc9269-1ed5-4ee9-b08a-795ab4befee2","Hussain v General Medical Council [2014] EWCA Civ 2246","[""2014] EWCA Civ 2246""]; []",,"html"
"f8bc1798-6bf6-41d8-89a8-5968886034d8","La Micro Group (UK) Ltd & Anor v La Micro Group, Inc & Ors","[""2022] 1 WLR 336"", ""[2021] EWCA Civ 1429"", ""[2022] WLR 336"", ""[2022] 3 All ER 40"", ""[2021] WLR(D) 508""]; []",,"html"
"4d0debc1-d892-4fd2-a1fc-b150da37310e","Griffiths v Tui (UK) Ltd (Rev1)","[""2022] WLR 973"", ""[2022] 1 WLR 973"", ""[2022] 2 All ER 1137"", ""[2022] PIQR P5"", ""[2021] EWCA Civ 1442"", ""[2022] 1 All ER (Comm) 913"", ""[2021] WLR(D) 518""]; [""Griffiths v Tui (UK) Ltd (Rev1) [2021] EWCA Civ 1442"", ""[2020] EWHC 2268 (QB)""]",,"html"
"facdee26-7310-4355-9ef5-1fd21f107f72","Kalda v. Estonia - Access to Information Rights for Prisoners","[""17429/10""]; [""42 B.H.R.C. 145""]",,"html"
"522b4f69-32d0-44e3-9bb5-92859e5efde0","Catan and Others v. Moldova and Russia","[""43370/04"", ""8252/05"", ""18454/06""]; [""(2013) 57 E.H.R.R. 4""]",,"html"
"b15fdd53-0222-49df-98a5-84e25904f9fd","Use of Languages in Education in Belgium","[""1474/62"", ""1677/62"", ""1691/62"", ""1769/63"", ""1994/63"", ""2126/64""]; [""(1979-80) 1 E.H.R.R. 252""]",,"html"
"dfa97e6e-7e32-4c80-9f6f-5e4f398f9d82","Velyo Velev v. Bulgaria (Application No. 16032/07)","[""16032/07""]; [""37 B.H.R.C. 406""]",,"html"
"66a2adb7-bddd-44b0-98f8-695142e21b39","Proforce Recruit Ltd v The Rugby Group Ltd [2006] EWCA Civ 69","[""2006] EWCA Civ 69""]; []",,"html"
"a2eedacc-f0ef-4ddc-aa00-0ab040d81ba5","Mamidoil-Jetoil Greek Petroleum Company SA v Okta Crude Oil Refinery AD","[""[2001] 2 Lloyds Rep 76"", ""[2001] EWCA Civ 406"", ""[2001] 2 LLR 76"", ""[2001] 2 All ER (Comm) 193""]; []",,"html"
"8ebce192-737e-4e4a-9d42-c08edb6f02cd","B J Aviation Ltd v Pool Aviation Ltd [2002] EWCA Civ 163","[""[2002] EWCA Civ 163""]; []",,"html"
"60e3f787-07ad-4c5b-b0e1-87e872f3b4da","Petromec Inc & Ors v Petroleo Brasileiro SA Petrobras & Ors [2005] EWCA Civ 891","[""[2005] EWCA Civ 891"", ""[2006] 1 Lloyd's Rep 121""]; []",,"html"
"f11564b3-860c-4adc-bd7a-d530ce37ea95","English v Emery Reimbold & Strick Ltd","[""[2002] EWCA Civ 605"", ""[2002] UKHRR 957"", ""[2002] WLR 2409"", ""[2002] 3 All ER 385"", ""[2002] 1 WLR 2409"", ""[2002] CPLR 520"", ""[2003] IRLR 710""]; []",,"html"
"58d309a1-b692-4f6d-a5a0-a9bbe8238c79","Lanner Parish Council, R (on the application of) v The Cornwall Council & Anor [2013] EWCA Civ 1290","[""[2013] EWCA Civ 1290""]; []",,"html"
"5a42b4bc-fe8f-47be-9b13-869933b2ddff","Yetkin v London Borough of Newham ([2010] EWCA Civ 776)","[""2010 RTR 462"", ""2010 EWCA Civ 776"", ""2011 QB 827"", ""2011 2 WLR 1073"", ""2011 PTSR 1295""]; []",,"html"
"58b8abfb-a890-477a-addd-6645e2345464","Pantellerisco & Ors v The Secretary of State for Work and Pensions","[""2021] WLR(D) 513"", ""[2021] PTSR 1922"", ""[2021] EWCA Civ 1454""]; []",,"html"
"7ee01a7f-6966-42f3-a7c9-459a57a4b3af","London Borough of Haringey v Ahmed & Anor [2017] EWCA Civ 1861","[""[2017] EWCA Civ 1861"", ""[2018] HLR 9"", ""[2018] 1 P & CR DG12""]; []",,"html"
"c40f1b34-e79f-4291-8356-10abde2adc83","Burnett v Lynch [2012] EWCA Civ 347","[""[2012] EWCA Civ 347""]; []",,"html"
"d3b33e5e-adc0-419f-ab43-45acfd51f421","Bond v Dunster Properties Ltd & Ors [2011] EWCA Civ 455","[""[2011] EWCA Civ 455""]; []",,"html"
"4abf45dd-062d-4f4a-a661-7f3d7d178f31","Chapman v Mid & South Essex NHS Foundation Trust","[""[2023] EWHC 1290 (KB)""]; []",,"html"
"7834b5ac-9543-4bd7-ac7f-e752393225ad","Judicial Review: Hoareau and Bancolet v Secretary of State for Foreign and Commonwealth Affairs","[""[2018] EWHC 1508 (Admin)""]; []",,"html"
"ce3d320c-48e0-47e9-8649-41f33cb14c2f","Teekay Tankers Ltd v STX Offshore & Shipbuilding Co. Ltd [2017] EWHC 253 (Comm)","[""[2017] EWHC 253 (Comm)""]; []",,"html"
"b787f82d-617f-48b0-94eb-94d3b73f9a40","H-W (Children: Proportionality) [2021] EWCA Civ 1451","[""[2021] EWCA Civ 1451""]; []",,"html"
"1d932093-b356-4ff4-8b53-7b51b0a37b1c","Morris v Swanton Care & Community Ltd [2018] EWCA Civ 2763","[""[2018] EWCA Civ 2763""]; []",,"html"
"254a3dfc-d1e1-4e69-bf37-1783bdf03ddf","J N Hipwell & Son v Szurek [2018] EWCA Civ 674","[""[2018] EWCA Civ 674""]; []",,"html"
"a30b2ade-6e0c-4b33-a0cd-099ae990e876","Property Alliance Group Ltd v The Royal Bank of Scotland Plc [2018] EWCA Civ 355","[""[2018] 1 WLR 3529"", ""[2018] WLR 3529"", ""[2018] 2 All ER (Comm) 695"", ""[2018] EWCA Civ 355"", ""[2018] WLR(D) 160"", ""[2018] 2 BCLC 322""]; []",,"html"
"bd155808-d472-4421-be72-65af1508069e","Bubbles & Wine Ltd v Lusha [2018] EWCA Civ 468","[""[2018] EWCA Civ 468""]; []",,"html"
"d78bedff-5659-4714-8157-cb5a2eef8f42","Citizens UK, R (On the Application Of) v Secretary of State for the Home Department","[""2018 WLR(D) 497"", ""2019 1 All ER 416"", ""2018 EWCA Civ 1812"", ""2019 INLR 84"", ""2019 Imm AR 86"", ""2018 4 WLR 123"", ""2018 WLR (D) 497""]; []",,"html"
"86ea4b04-d0fb-4bf2-8436-56f4cc0e4a9c","John Doyle Construction Ltd v Erith Contractors Ltd","[""[2021] EWCA Civ 1452"", ""[2021] 2 CLC 739"", ""[2022] 2 All ER (Comm) 379"", ""[2021] Bus LR 1837"", ""199 Con LR 30"", ""[2021] WLR(D) 516""]; []",,"html"
"0b882e45-d34e-49f7-baae-3d5657d1ccc6","Alan Kind v. Newcastle-Upon-Tyne Council [2001] EWHC Admin 616","[""[2001] EWHC Admin 616""]; []",,"html"
"e2aab4b7-e33b-4bf0-be69-4770f2835faf","Midcounties Co-Operative Ltd v Wyre Forest District Council [2009] EWHC 964 (Admin)","[""[2009] EWHC 964 (Admin)""]; []",,"html"
"1eb3abd7-0da8-40e3-b68e-a9c28a049ebe","Plan B Earth v Secretary of State for Transport","[""[2020] EWCA Civ 214"", ""[2020] WLR(D) 122"", ""[2020] PTSR 1446""]; []",,"html"
"f36914c7-32ec-4f23-9909-c4ece2be9d33","Georgiou v London Borough of Enfield & Ors [2004] EWHC 779 (Admin)","[""[2004] EWHC 779 (Admin)""]; []",,"html"
"86019b8f-a5ed-490e-b697-18936cf896a6","Bank St Petersburg PJSC & Anor v Arkhangelsky & Anor","[""[2020] EWCA Civ 408"", ""[2020] WLR(D) 178"", ""[2020] 4 WLR 55""]; []",,"html"
"d766a925-96e8-49fc-8c7f-26e68bd37373","Banks v Revenue And Customs [2021] EWCA Civ 1439","[""[2021] EWCA Civ 1439"", ""[2022] WLR 825"", ""[2021] WLR(D) 522"", ""[2021] STC 2199"", ""[2021] BLR 30"", ""184 BMLR 79"", ""[2021] WTLR 1193""]; []",,"html"
"5e50a408-22d6-4c9b-a66b-b8a6d5ff1650","A Local Authority v K & Ors [2005] EWHC 144 (Fam) - Fact-Finding Hearing for Child Welfare","[""[2005] Fam Law 450"", ""[2005] 1 FLR 851"", ""[2005] EWHC 144 (Fam)""]; []",,"html"
"52d20bb9-6964-44a6-9c32-d191ef76297c","King Lifting Ltd v Oxfordshire County Council [2016] EWHC 1767 (QB)","[""2016] EWHC 1767 (QB)""]; []",,"html"
"8bf0737f-249f-44b2-b1b6-9599663471bf","United Cabbies Group (London) Ltd v Westminster Magistrates' Court [2019] EWHC 409 (Admin)","[""[2019] EWHC 409 (Admin)""]; []",,"html"
"f6426ef1-cd68-4ace-96dd-f7b134c8c316","North Somerset District Council v Honda Motor Europe Ltd & Ors [2010] EWHC 1505 (QB)","[""[2010] EWHC 1505 (QB)"", ""[2010] RA 285""]; []",,"html"
"bb42073d-fb63-408b-840c-af29eec2bb62","Lawal v. Northern Spirit Ltd [2003] UKHL 35: Impartiality of Employment Tribunals","[""2003 UKHRR 1024"", ""2003 HRLR 29"", ""2004 1 All ER 187"", ""2003 ICR 856"", ""2003 IRLR 538"", ""2003 UKHL 35"", ""2003 HL 35""]; []",,"html"
"bc30491e-9ae6-48da-90d0-71d8a8069b22","Gorringe v. Calderdale Metropolitan Borough Council","[""[2004] UKHL 15"", ""[2004] 1 WLR 1057"", ""[2004] PIQR P32"", ""[2004] 2 All ER 326"", ""[2004] RTR 27""]; []",,"html"
"80914ce4-69c8-4f8d-9777-b3dbad050824","Tomlinson v. Congleton Borough Council & Ors","[""[2003] UKHL 47"", ""[2003] 32 EGCS 68"", ""[2003] 3 All ER 1122"", ""[2004] PIQR P8"", ""[2004] AC 46"", ""[2004] 1 AC 46"", ""[2003] NPC 102"", ""[2003] 3 WLR 705""]; []",,"html"
"0041913b-163e-4731-a443-e5a39849646a","Jackson v Murray & Anor [2015] UKSC 5","[""2015] 2 All ER 805"", ""2015 SLT 151"", ""2015 RTR 20"", ""2015 SC (UKSC) 105"", ""2015 UKSC 5"", ""2015 GWD 7-141"", ""2015 Rep LR 42"", ""2015 SCLR 235"", ""2015 PIQR P16""]; []",,"html"
"e6df9dfe-ae6f-489c-9914-e9795f7e2f18",,"[""[2012] EWHC 224 (QB)""]; []",,"html"
"dbe90c63-a5f7-4c3c-8887-cceb3eb7d24e","Magill v. Porter [2001] UKHL 67","[""2002 HRLR 16"", ""2002 HLR 16"", ""2002 1 All ER 465"", ""2001 NPC 184"", ""2002 LGR 51"", ""2001 UKHL 67"", ""2002 2 AC 357"", ""2002 BLGR 51"", ""2002 2 WLR 37""]; []",,"html"
"6e515f4a-b272-4034-bd99-966703ea7d8e","Square Global Ltd v Leonard [2020] EWHC 1008 (QB)","[""[2020] EWHC 1008 (QB)""]; []",,"html"
"e759841f-483e-4040-b715-eef54ef6f5ea","Regina v. Soneji & Anor [2005] UKHL 49: Confiscation Orders and Procedural Compliance","[""[2005] HL 49"", ""[2006] 1 AC 340"", ""[2005] UKHL 49"", ""[2005] 3 WLR 303"", ""[2006] 2 Cr App Rep 20"", ""[2005] 4 All ER 321"", ""[2006] 1 Cr App R (S) 79"", ""[2006] 1 Cr App Rep (S) 79"", ""[2006] Crim LR 167"", ""[2006] AC 340"", ""[2006] 2 Cr App R 20""]; []",,"html"
"62a81912-2937-454a-ad60-1ad760fcf147","Rainy Sky SA & Ors v Kookmin Bank [2011] UKSC 50","[""[2011] WLR 2900"", ""[2012] BLR 132"", ""[2011] UKSC 50"", ""[2011] CILL 3105"", ""[2011] 1 WLR 2900"", ""138 Con LR 1"", ""[2012] Bus LR 313"", ""[2011] 2 CLC 923"", ""[2012] ICR 1"", ""[2012] 1 All ER (Comm) 1"", ""[2012] 1 All ER 1137"", ""[2012] 1 Lloyd's Rep 34""]; []",,"html"
"2d2f67c0-33b8-47de-ade5-124c90fc1a95","Chartbrook Ltd v Persimmon Homes Ltd & Ors [2009] UKHL 38","[""125 Con LR 1"", ""[2009] AC 1101"", ""[2009] 1 AC 1101"", ""[2009] Bus LR 1200"", ""[2009] 27 EG 91"", ""[2009] NPC 87"", ""[2009] CILL 2729"", ""[2009] UKHL 38"", ""[2009] 4 All ER 677"", ""[2010] 1 P & CR 9"", ""[2009] 3 WLR 267"", ""[2009] BLR 551"", ""[2009] NPC 86""]; []",,"html"
"379d4f20-62f5-403b-a082-fa36b82fe1c1","Regina v. London Borough of Hammersmith and Fulham (Burkett) [2002] UKHL 23","[""2002 UKHL 23"", ""2003 Env LR 6"", ""2002 ACD 81"", ""2002 JPL 1346"", ""2002 NPC 75"", ""2002 22 EGCS 136"", ""2002 WLR 1593"", ""2002 CP Rep 66"", ""2003 1 P & CR 3"", ""2002 1 WLR 1593"", ""2002 3 All ER 97""]; []",,"html"
"da4eb7fe-3803-4b77-9931-7b28a9d55190","Bay Hotel and Resort Limited v. Cavalier Construction Co. Ltd. [2001] UKPC 34","[""[2001] UKPC 34""]; []",,"html"
"e9178a3b-a0c5-406c-b295-2ce79b4e43a4","Al Properties (Sunderland) Ltd v Tudor Studios RTM Company Ltd [2024] UKSC 27","[""[2024] UKSC 27""]; []",,"html+PDF"
"9adfee0f-c2c7-4caa-83ed-720a548a4aab","Barton & Ors v Morris & Anor [2023] UKSC 3","[""[2023] AC 684"", ""[2023] UKSC 3"", ""[2023] 2 WLR 269"", ""[2023] WLR(D) 45""]; []",,"html"
"2973b5ff-cfd1-47f0-a607-ce5841cab995","Friends of the Earth Ltd & Ors v Heathrow Airport Ltd [2020] UKSC 52","[""[2020] UKSC 52""]; []",,"html"
"d04c91df-1bc9-4729-a41e-69448942e643","Royal Borough of Kingston-Upon-Thames v Slater [2021] EWCA Civ 1479","[""[2021] EWCA Civ 1479""]; []",,"html"
"6b4a0b42-454b-401a-b41b-13491b409529","Societe Generale, London Branch v Geys [2012] UKSC 63","[""[2012] UKSC 63"", ""[2013] ICR 117"", ""[2013] 2 WLR 50"", ""[2012] WLR(D) 394"", ""[2013] IRLR 122"", ""[2013] 1 AC 523"", ""[2013] 1 All ER 1061""]; []",,"html"
"7326ea9d-e544-4864-8e4a-8eeae76e44fd","Wood v Capita Insurance Services Ltd [2017] UKSC 24","[""2017 UKSC 24"", ""2017 WLR(D) 220"", ""2017 AC 1173"", ""2017 2 WLR 1095"", ""2017 CILL 3971"", ""2017 4 All ER 615"", ""171 Con LR 1""]; []",,"html"
"ab49ceef-2a96-4f62-8ed9-6737d87bb20d","Kennedy v Cordia (Services) LLP (Scotland) [2016] UKSC 6","[""2016 SC (UKSC) 59"", ""(2016) 149 BMLR 17"", ""2016 GWD 4-97"", ""[2016] WLR(D) 74"", ""[2016] PIQR P9"", ""[2016] WLR 597"", ""[2016] 1 WLR 597"", ""[2016] UKSC 6"", ""[2016] ICR 325"", ""2016 SCLR 203"", ""149 BMLR 17"", ""2016 SLT 209""]; []",,"html"
"5b10acb1-5e49-4e3a-8c7d-7cde16d86341","Marks and Spencer plc v BNP Paribas Securities Services Trust Company (Jersey) Ltd & Anor [2015] UKSC 72","[""[2016] AC 742"", ""[2015] 3 WLR 1843"", ""[2016] 4 All ER 441"", ""[2015] UKSC 72"", ""[2015] WLR(D) 501"", ""163 Con LR 1""]; []",,"html"
"2f28c79c-14eb-4a33-bae9-bfcb01bfd9f0","Robinson v Chief Constable of West Yorkshire Police [2018] UKSC 4","[""[2018] WLR(D) 83"", ""[2018] 2 WLR 595"", ""[2018] UKSC 4"", ""[2018] 2 All ER 1041"", ""[2018] AC 736"", ""[2018] PIQR P9""]; []",,"html"
"0637f79f-8d32-4067-bec7-17f10449cbe1","Arnold v Britton & Ors [2015] UKSC 36","[""[2015] AC 1619"", ""[2016] 1 All ER 1"", ""[2015] HLR 31"", ""[2015] 2 WLR 1593"", ""[2015] UKSC 36"", ""[2015] WLR(D) 247""]; []",,"html"
"6a3223c6-7f9f-4f20-9c0f-1749abf5723d","MA (Iraq) & Anor v Secretary of State for the Home Department","[""[2021] EWCA Civ 1467""]; []",,"html"
"8653a6b1-387f-4824-bd69-118292bf8202","Towry EJ Ltd v Bennett & Ors [2012] EWHC 224 (QB)","[""2012] EWHC 224 (QB)""]; []",,"html"
"84fda74c-8775-4d1b-8cf6-853e7921ced2","Fylde Coast Farms Ltd v Fylde Borough Council [2021] UKSC 18","[""[2022] JPL 145"", ""[2021] UKSC 18"", ""[2021] WLR(D) 281"", ""[2021] WLR 2794"", ""[2021] 4 All ER 381"", ""[2021] 1 WLR 2794""]; []",,"html"
"055c79df-28ad-4712-9c8f-34532c457f14","London Borough of Hackney v Haque","[""[2017] WLR(D) 21"", ""[2017] EWCA Civ 4"", ""[2017] PTSR 769""]; []",,"html"
"e64e7b90-1059-4198-af04-eb3d1375a750","Michael Wilson & Partners Ltd v Sinclair & Anor","[""[2017] 4 All ER 216"", ""[2017] 2 All ER (Comm) 30"", ""[2017] 1 Lloyd's Rep 136"", ""[2017] WLR 2646"", ""[2017] 1 WLR 2646"", ""[2017] WLR(D) 18"", ""[2017] EWCA Civ 3""]; []",,"html"
"9e862bc6-3fe5-44e7-8ccc-f80032f2b9f1","Shanks v Unilever Plc & Ors [2017] EWCA Civ 2","[""[2017] EWCA Civ 2"", ""[2017] Bus LR 883"", ""[2017] WLR(D) 32""]; []",,"html"
"db203ca0-ae7a-468e-a692-9ddc56166c60","Irish Bank Resolution Corporation Ltd v Camden Market Holdings Corp & Ors","[""[2017] EWCA Civ 7""]; []",,"html"
"9bb03478-ac56-497b-91be-ec6533d085ea","Fujifilm Kyowa Kirin Biologics Co, Ltd v Abbvie Biotechnology Ltd & Anor","[""[2017] EWCA Civ 1"", ""[2018] Bus LR 228""]; []",,"html"
"671978be-6345-4fda-8676-6aa43349226c","Wobben Properties GmbH v Siemens Public Ltd Company & Ors [2017] EWCA Civ 5","[""[2017] EWCA Civ 5""]; []",,"html"
"2971ca1d-d3ba-4d8e-b989-5d4623049c42","EA v Secretary of State for the Home Department (2017)","[""2017] EWCA Civ 10""]; []",,"html"
"a88696ef-4404-4724-af61-c408fd330121","Hamnett v Essex County Council [2017] EWCA Civ 6","[""2017] EWCA Civ 6"", ""[2017] 1 WLR 1155"", ""[2017] RTR 13"", ""[2017] LLR 328"", ""[2017] WLR(D) 28""]; []",,"html"
"09b385ca-a300-41e2-ab1c-5887020f3829","Revenue And Customs v Ampleaward Ltd [2021] EWCA Civ 1459","[""[2021] STC 2260"", ""[2021] BVC 18"", ""[2021] EWCA Civ 1459""]; []",,"html"
"1d7bf494-29b4-418a-b97f-1a42bf752608","Wynne-Finch & Ors v Natural Resources Body for Wales","[""[2021] EWCA Civ 1473""]; []",,"html"
"d68201b1-3416-4c24-9e20-e18494befe1c","X & Ors, R (On the Application Of) v The Secretary of State for the Home Department","[""[2021] EWCA Civ 1480""]; []",,"html"
"e95662d0-062d-4e1e-8c6f-baac5e8c1a9e","NHS Business Services Authority v Young [2017] EWCA Civ 8","[""[2017] EWCA Civ 8"", ""[2017] WLR(D) 26"", ""[2017] ICR 599""]; []",,"html"
"d24ca52a-7942-4ce7-b81a-a01009aa151c","Petrosaudi Oil Services (Venezuela) Ltd v Novo Banco SA & Ors [2017] EWCA Civ 9","[""[2017] EWCA Civ 9""]; []",,"html"
"c85605ed-8334-4e37-8c95-ee257da951cd","Wood & Anor v TUI Travel Plc (t/a First Choice)","[""2017] 1 Lloyd's Rep 322"", ""[2017] EWCA Civ 11"", ""[2017] PIQR P8"", ""[2018] 2 WLR 1051"", ""[2018] QB 927"", ""[2017] 2 All ER (Comm) 734""]; []",,"html"
"647d76f0-daaa-4bd0-9ce6-3a99d3b1edeb","Channon (t/a Channon & Co) v Ward (t/a Ward & Associates) [2017] EWCA Civ 13","[""[2017] EWCA Civ 13""]; []",,"html"
"585db510-291c-45a2-8777-cb07901831c7","DZ (Eritrea), R (on the application of) v The Secretary of State for the Home Department","[""[2017] EWCA Civ 14""]; []",,"html"
"cd3ec4d3-c606-40d7-a06b-93f96eeea1e5","Manna v Central Manchester University Hospitals NHS Foundation Trust [2017] EWCA Civ 12","[""[2017] EWCA Civ 12"", ""[2017] 1 Costs LO 89""]; []",,"html"
"42b543ad-8b49-42f1-bca9-f9769f0fce4a","Briers v Briers [2017] EWCA Civ 15","[""[2017] EWCA Civ 15""]; []",,"html"
"3672c6c9-22ad-485e-ae3c-ed92b65efb0f","Saleh v Director of the Serious Fraud Office","[""[2017] EWCA Civ 18"", ""[2017] WLR(D) 36""]; []",,"html"
"32576927-5dff-4398-8f78-7b8245cd624f","Secretary of State for the Home Department v Akbar","[""2017] CP Rep 17"", ""[2017] EWCA Civ 16"", ""[2017] WLR(D) 30"", ""[2017] 1 WLR 1055"", ""[2017] WLR 1055""]; []",,"html"
"2aecbab0-b5ca-4306-8191-edea3d530f71","Pickard v Marshall & Ors [2017] EWCA Civ 17","[""[2017] EWCA Civ 17""]; []",,"html"
"cb4badb1-c3ac-4447-b063-6bc297b999d4","Iqbal v Iqbal [2017] EWCA Civ 19","[""[2017] EWCA Civ 19""]; []",,"html"
"9b8024f1-dd9a-473e-88d9-dd1fd42ecb78","British Airline Pilots Association v Jet2.Com Ltd","[""2017] IRLR 233"", ""[2017] WLR(D) 27"", ""[2017] EWCA Civ 20"", ""[2017] ICR 457""]; []",,"html"
"12934cc3-2261-4cdb-ac2a-670f6a6c8ca2","Adesokan v Sainsbury's Supermarkets Ltd","[""[2017] ICR 590"", ""[2017] IRLR 346"", ""[2017] EWCA Civ 22"", ""[2017] WLR(D) 37""]; []",,"html"
"e1534e8b-ac1e-4f85-b7ba-1c23f60dac89","Camden London Borough Council v Humphreys & Anor","[""[2017] EWCA Civ 24""]; []",,"html"
"4d6db906-cf7f-4f7e-9c2f-5a7aa1836db4","Assoun v Assoun [No 1] - Appeal against Hadkinson Order","[""[2017] 2 FLR 1137"", ""[2017] EWCA Civ 21"", ""[2017] 2 FCR 519""]; []",,"html"
"14370883-9afd-45a1-8408-ed3f05c25302","WR Berkley Insurance (Europe) Ltd & Ors v Teal Assurance Company Limited [2017] EWCA Civ 25","[""2017 EWCA Civ 25"", ""2017 Lloyd's Rep IR 259"", ""2017 1 CLC 19""]; []",,"html"
"b473ae06-a7bf-4264-b0ad-87cee698d54f","Williams v Surrey Heath Borough Council","[""[2017] EWCA Civ 23""]; []",,"html"
"61134d94-ee03-475a-bb22-9a38131a0935","HH Prince Moulay Hicham Ben Abdallah Al Alaoui of Morocco v Elaph Publishing Ltd","[""2017 WLR(D) 45"", ""2017 EMLR 13"", ""2017 EWCA Civ 29"", ""2017 4 WLR 28""]; []",,"html"
"6878794b-e913-4777-a903-021fcbaeb645","National Infrastructure Development Company Ltd v Banco Santander S.A.","[""2017 EWCA Civ 27""]; []",,"html"
"6c55d877-7e3f-49da-94ff-d1705e619423","Ferreira, R (On the Application Of) v HM Senior Coroner for Inner South London","[""2017] COPLR 172"", ""2017] 3 WLR 382"", ""2017] EWCA Civ 31"", ""2017] WLR(D) 43"", ""2017] Med LR 161"", ""2017] Inquest LR 118"", ""2018] QB 487""]; []",,"html"
"071bef0c-d0af-4b76-82a1-b1b4fd46fd99","Pickering & Ors v Davy [2017] EWCA Civ 30: Restoration of Company to Register","[""[2017] WLR(D) 38"", ""[2017] EWCA Civ 30"", ""[2017] Bus LR 1239""]; []",,"html"
"bcbc3881-dafd-4461-808c-a18758c23dc3","London Borough of Hackney v Williams & Anor","[""[2017] 2 FLR 1216"", ""[2017] 3 WLR 59"", ""[2017] WLR(D) 44"", ""[2017] EWCA Civ 26""]; []",,"html"
"7aced8d8-0bf6-406f-85c2-4c4ff6ee0927","Petrosaudi Oil Services (Venezuela) Ltd v Novo Banco SA & Ors","[""[2017] EWCA Civ 32""]; []",,"html"
"2d68495f-58c8-465f-8e04-e35e14ec1190","Salvato, R (On the Application Of) v The Secretary of State for Work And Pensions","[""[2022] HRLR 2"", ""(2021) 24 CCL Rep 537"", ""[2021] EWCA Civ 1482"", ""[2022] PTSR 366"", ""[2021] WLR(D) 519""]; []",,"html"
"25095eea-7915-4607-997c-4e650025c596","Gul v McDonagh & Anor [2021] EWCA Civ 1503","[""[2021] EWCA Civ 1503""]; []",,"html"
"b6ead1c1-9d91-49fe-9b17-e668d63ff0de","MM (A Patient) v Devon County Council [2017] EWCA Civ 34","[""[2017] EWCA Civ 34""]; []",,"html"
"e63dcc24-6e99-4b39-98b1-4c4461c01a10","Crawley v Barnsley Metropolitan Borough Council [2017] EWCA Civ 36","[""2017] WLR 2329"", ""2017] EWCA Civ 36"", ""2017] RTR 12"", ""2017] 1 WLR 2329"", ""2017] WLR(D) 77""]; []",,"html"
"6a5a4dcc-9b91-4b30-a91a-f2612ebc299b","AZ (Syria) v Secretary of State for the Home Department","[""[2017] WLR(D) 48"", ""[2017] EWCA Civ 35"", ""[2017] 4 WLR 94""]; []",,"html"
"65fd2c08-d937-4c5e-a8c9-fbe2d57050c7","Sharp v Leeds City Council [2017] EWCA Civ 33","[""[2017] WLR(D) 70"", ""[2017] CP Rep 19"", ""[2017] 1 Costs LR 129"", ""[2017] EWCA Civ 33"", ""[2017] 4 WLR 98""]; []",,"html"
"a6533be6-d987-4f39-9e54-de046d55bddf","Global Asset Capital, Inc & Anor v Aabar Block S.A.R.L. & Ors","[""[2017] EWCA Civ 37"", ""[2017] 4 WLR 163"", ""[2017] WLR(D) 63""]; []",,"html"
"5f4e57dd-87b4-4a13-ac31-805a4a2d62a5","Hirachand v Hirachand & Anor [2021] EWCA Civ 1498","[""[2021] EWCA Civ 1498""]; [""[2021] WLR(D) 534"", ""[2021] Costs LR 1243"", ""[2022] 1 WLR 1162""]",,"html"
"265bcb73-42e2-4cd1-b7e3-1d1550d567be","MY (Pakistan) v Secretary of State for the Home Department [2021] EWCA Civ 1500","[""[2022] 1 WLR 238"", ""[2021] EWCA Civ 1500"", ""[2022] INLR 13"", ""[2021] WLR(D) 526""]; []",,"html"
"f0d8c668-fbd4-489b-be79-1a41448d21e5","XH and AI v The Secretary of State for the Home Department","[""2017] WLR(D) 76"", ""[2017] 2 WLR 1437"", ""[2017] 2 CMLR 33"", ""[2017] EWCA Civ 41"", ""[2018] QB 355""]; []",,"html"
"2d9532aa-6904-4527-bd10-84aa0e2de244","The London Borough of Hounslow v Waaler [2017] EWCA Civ 45","[""[2017] EWCA Civ 45"", ""[2017] WLR(D) 72"", ""[2017] HLR 16"", ""[2017] 1 WLR 2817"", ""[2017] 1 P &CR 15"", ""[2017] L &TR 19""]; []",,"html"
"c59b1770-3e1c-447d-961b-a263dba9e4c9","Oldham Metropolitan Borough Council v Tanna [2017] EWCA Civ 50","[""2017 JPL 696"", ""2017 WLR(D) 91"", ""2017 2 P &CR 11"", ""2017 RVR 174"", ""2017 EWCA Civ 50"", ""2017 1 WLR 1970""]; []",,"html"
"3a89d50e-e8df-4b69-8227-a8898c48e22f","Norman v. Norman [2017] EWCA Civ 49: Anonymity Order Appeal","[""[2017] EWCA Civ 49"", ""[2018] 1 All ER 769"", ""[2017] 1 WLR 2523"", ""[2018] 1 FLR 426"", ""[2017] WLR(D) 82"", ""[2018] EMLR 3"", ""[2017] 2 FCR 270""]; []",,"html"
"69baea1f-4f50-445b-8c73-4ebd2fd29ca9","Quarey v The Secretary of State for the Home Department [2017] EWCA Civ 47","[""[2017] EWCA Civ 47""]; []",,"html"
"84563574-0703-4ca0-9f28-51e9090cf522","Antonio v The Secretary of State for the Home Department","[""[2017] EWCA Civ 48"", ""[2017] 1 WLR 3431"", ""[2017] WLR(D) 89""]; []",,"html"
"1f5ace66-77f3-4dc7-8112-8cdfaecf4066","Williams & Anor v HCB Solicitors Ltd [2017] EWCA Civ 38","[""[2017] EWCA Civ 38""]; []",,"html"
"c5748be7-644a-4521-8000-23a1cf9e0366","Secretary of State for Communities and Local Government & Anor v Wealden District Council","[""[2017] EWCA Civ 39""]; []",,"html"
"018efaac-a90f-4c0d-9b9c-64c89c40391e","Khrapunov v JSC BTA Bank [2017] EWCA Civ 40","[""2017 QB 853"", ""[2017] 2 WLR 1563"", ""[2017] WLR(D) 71"", ""[2017] CP Rep 20"", ""[2017] 2 All ER (Comm) 1"", ""[2017] 2 All ER 918"", ""[2017] EWCA Civ 40""]; []",,"html"
"9cd2d77a-b252-4722-b271-b33d6544b65a","The London Borough of Hillingdon Council v The Secretary of State for Transport & Anor","[""[2021] EWCA Civ 1501""]; []",,"html"
"4773b917-7fb2-425c-864c-d8de8572eb87","Al-Rawas v Hassan Khan & Co (a firm) & Anor","[""2017] WLR 2301"", ""[2017] PNLR 13"", ""[2017] WLR(D) 64"", ""[2017] 1 WLR 2301"", ""[2017] EWCA Civ 42""]; []",,"html"
"82e80ba1-3036-445d-847d-ee32403a256e","TJH And Sons Consultancy Ltd v CPP Group Plc [2017] EWCA Civ 46","[""[2017] EWCA Civ 46""]; []",,"html"
"33d71dad-8ab0-411a-ba34-cd0f6b985175","Re S (A Child) [2017] EWCA Civ 44","[""[2017] EWCA Civ 44""]; []",,"html"
"58d08b20-69c9-47be-8f81-5be69b31e088","Kuznetsov v The Royal Bank of Scotland Plc","[""[2017] EWCA Civ 43""]; []",,"html"
"126904c3-76e4-4116-9766-06699aedc5c8","Pimlico Plumbers Ltd & Anor v Smith","[""2017] WLR(D) 120"", ""[2017] IRLR 323"", ""[2017] ICR 657"", ""[2017] EWCA Civ 51""]; []",,"html"
"70aa164c-30e7-43d2-91a9-92b99855c8f5","Khurshid v Secretary of State for the Home Department","[""[2021] EWCA Civ 1515""]; []",,"html"
"5b25beb1-95a1-4317-94f1-1f5c92582c27","The Queen on the Application of Autonomous Non-Profit Organisation TV-Novosti v The Office of Communications","[""[2022] EMLR 5"", ""[2022] 1 WLR 481"", ""[2021] EWCA Civ 1534"", ""[2021] WLR(D) 543""]; []",,"html"
"201290fa-7603-4b27-bc81-d4a592e32b41","Stuart Delivery Ltd v Augustine [2021] EWCA Civ 1514","[""[2021] EWCA Civ 1514"", ""[2022] IRLR 56"", ""[2021] WLR(D) 535"", ""[2022] ICR 511""]; []",,"html"
"e1179b40-5e21-4e53-a442-c8b3e411fc8b","Gray v Boreh [2017] EWCA Civ 56: Appeal by Non-Party Concerning Findings of Dishonesty","[""[2017] EWCA Civ 56""]; []",,"html"
"e187476d-3d16-46fd-b585-31d525adfefe","P R Hardman & Partners v Greenwood & Anor [2017] EWCA Civ 52","[""2017] 4 WLR 59"", ""2017] 2 P & CR DG3"", ""2017] HLR 17"", ""2017] EWCA Civ 52"", ""2017] WLR(D) 119""]; []",,"html"
"88818e47-6cda-4e0f-a7eb-2a984196fc5a","BS (Congo) v The Secretary of State for the Home Department","[""2017] EWCA Civ 53"", ""[2017] 4 WLR 45""]; []",,"html"
"fedb656c-21e2-497f-9056-87a71681ed36","Michael Wilson & Partners Ltd v Sinclair [2017] EWCA Civ 55","[""2017] EWCA Civ 55"", ""[2017] BLR 125"", ""[2017] WLR 3069"", ""[2017] 1 WLR 3069"", ""[2017] WLR(D) 81""]; []",,"html"
"dc715706-f35f-4a5c-8ad7-a824c23f5260","Associated Newspapers Ltd v HM Revenue & Customs [2017] EWCA Civ 54","[""[2017] EWCA Civ 54"", ""[2017] BVC 10"", ""[2017] STC 843""]; []",,"html"
"89eede33-24fd-4e75-8d68-978cb0c8a5ba","Mikki v Duncan [2017] EWCA Civ 57 - Appeal on Bankruptcy Matters","[""2017 WLR 2907"", ""2017 BPIR 490"", ""2017 WLR(D) 79"", ""2017 1 WLR 2907"", ""2017 EWCA Civ 57""]; []",,"html"
"1e48e3ca-3a95-4acd-897b-ae5fef48f3f7","Harvey v Dunbar Assets Plc","[""[2017] WLR(D) 99"", ""[2017] EWCA Civ 60""]; []",,"html"
"3e4af692-3196-44b1-804b-f4799942e264","John (A Minor) v. Secretary of State for Work and Pensions","[""[2017] WLR(D) 118"", ""(2017) 154 BMLR 100"", ""[2017] 1 WLR 1956"", ""[2017] EWCA Civ 61""]; []",,"html"
"87316edc-c0eb-451a-8926-179079ab2691","R (On the Application Of) AB v The Secretary of State for the Home Department [2017] EWCA Civ 59","[""[2017] EWCA Civ 59""]; []",,"html"
"bd27a411-e074-4ec2-a171-9361d30886b5","DLA Delivery Ltd, R (On the Application Of) v Lewes District Council [2017] EWCA Civ 58","[""[2017] EWCA Civ 58"", ""[2017] WLR(D) 95"", ""[2017] PTSR 949"", ""[2017] Env LR 18"", ""[2017] 2 P &CR 7""]; []",,"html"
"540055c7-a5e6-402e-ae62-6e113c2fc60c","Webster (A Child) v Burton Hospitals NHS Foundation Trust","[""2017] EWCA Civ 62""]; []",,"html"
"901542c7-0e53-446e-8e3a-f24f9f454d96","Carillion Construction Ltd v Emcor Engineering Services Ltd & Anor [2017] EWCA Civ 65","[""170 Con LR 1"", ""[2017] BLR 203"", ""[2017] EWCA Civ 65""]; []",,"html"
"225de844-be04-483a-ba1a-507b3cc549f5","Savills (UK) Ltd v Blacker & Anor [2017] EWCA Civ 68","[""[2017] EWCA Civ 68""]; []",,"html"
"8fb25220-a73a-4236-b139-ce322c87818f","EXP v Barker [2017] EWCA Civ 63 - Negligent Failure to Identify Aneurysm","[""[2017] EWCA Civ 63""]; []",,"html"
"a09d7233-ba00-499b-86e8-48c1c0dc1261","The Pharmacists' Defence Association Union v Secretary of State for Business Innovation and Skills","[""[2017] IRLR 355"", ""[2017] EWCA Civ 66""]; []",,"html"
"11d5cb60-a024-4cbc-8dee-8023de3f14e7","Workman v Forrester & Ors [2017] EWCA Civ 73","[""2017] EWCA Civ 73""]; []",,"html"
"c2913ba6-a4c0-43fb-8416-dc707770e2ac","Hayatleh v Modfy [2017] EWCA Civ 70","[""[2017] EWCA Civ 70""]; []",,"html"
"42bc4939-72c4-4aee-bc82-4a364245b133","MK (Afghanistan) v The Secretary of State for the Home Department [2017] EWCA Civ 72","[""[2017] EWCA Civ 72""]; []",,"html"
"ff26cbf9-94f3-41ae-aebc-6351e0980b93","Oakley v South Cambridgeshire District Council & Anor [2017] EWCA Civ 71","[""[2017] WLR(D) 105"", ""[2017] 1 WLR 3765"", ""[2017] WLR 3765"", ""[2017] EWCA Civ 71""]; []",,"html"
"33ec0213-1267-4681-bcd5-2c4cc9cd467a","M (Children: Care Proceedings: Passport Order)","[""[2017] WLR(D) 102"", ""[2017] 4 WLR 41"", ""[2017] 2 FCR 318"", ""[2017] EWCA Civ 69""]; []",,"html"
"a113ee6c-ad76-4f05-b07b-1f74ed291724","Balogun v Boyes Sutton and Perry (a firm) [2017] EWCA Civ 75","[""[2017] EWCA Civ 75""]; []",,"html"
"a1104bed-8dc2-4d55-92fd-d8a029f4a6a2","Bezeliansky v Bezelianskaya [2016] EWCA Civ 76","[""[2016] EWCA Civ 76""]; []",,"html"
"6263e11d-4784-4f75-b0ca-47c5d85c0d49","Samarkand Film Partnership No. 3 & Ors v Revenue And Customs","[""[2017] STC 926"", ""[2017] BTC 4"", ""[2017] EWCA Civ 77""]; []",,"html"
"fd3a5915-672d-4637-8854-948545011055","Norman v Norman [2017] EWCA Civ 120: Appeal on Consent Order in Financial Remedy Proceedings","[""2017] EWCA Civ 120"", ""2017 WLR(D) 165"", ""2017 WLR 2554"", ""2017 1 WLR 2554""]; []",,"html"
"77e9cd8d-1e39-48d0-9c07-e160cf4b3750","Banerjee v The General Medical Council [2017] EWCA Civ 78","[""[2017] EWCA Civ 78""]; []",,"html"
"392cbc56-c52f-42c2-be92-e15ff72e5286","Dawson-Damer & Ors v Taylor Wessing LLP [2017] EWCA Civ 74","[""2017] 1 WLR 3255"", ""[2017] WLR(D) 106"", ""[2017] EWCA Civ 74""]; []",,"html"
"5d08cd2c-2adf-4dbd-989e-0687a01ad479","Tchenguiz & Ors v Kaupthing Bank HF & Anor","[""2018 QB 695"", ""2017 EWCA Civ 83"", ""2017 2 BCLC 299"", ""2017 WLR(D) 153"", ""2018 2 WLR 834""]; []",,"html"
"64c211e7-048a-4000-b973-4405d2f7474f","Steinfeld & Anor v Secretary of State for Education [2017] EWCA Civ 81","[""[2017] 3 WLR 1237"", ""[2017] 2 FLR 692"", ""[2018] QB 519"", ""[2017] 4 All ER 47"", ""[2017] HRLR 3"", ""[2017] EWCA Civ 81"", ""[2017] WLR(D) 123"", ""[2017] 2 FCR 324""]; []",,"html"
"04161c17-078e-4a50-b1b7-dff6d04a57e3","Archbishop Bowen & Anor v JL [2017] EWCA Civ 82","[""[2017] EWCA Civ 82""]; []",,"html"
"c5d4f7fc-919c-4447-acb7-21a68457cacd","Re J (A Child) (Finland) (Habitual Residence) [2017] EWCA Civ 80","[""[2017] EWCA Civ 80""]; []",,"html"
"fd2b8470-21d5-4110-8733-8d925e298b9d","McGeer v McIntosh [2017] EWCA Civ 79","[""2017] EWCA Civ 79""]; []",,"html"
"e890ef70-e851-4d87-b682-639818359935","Frugal v Nottinghamshire Police Case Analysis","[""2017] EWCA Civ 86""]; []",,"html"
"5fa5daa4-5425-4b9c-98a6-26f59ca51e26","Elim Court RTM Company Ltd v Avon Freeholds Ltd","[""[2017] EWCA Civ 89"", ""[2017] 3 WLR 876"", ""[2017] WLR(D) 130"", ""[2018] QB 571""]; []",,"html"
"98bb2700-87bb-49bb-9130-22b530a8db0e","Wann & Ors v Birkinshaw & Ors [2017] EWCA Civ 84","[""[2017] EWCA Civ 84""]; []",,"html"
"7e668e5a-536c-4194-afe3-a603a89cc6a9","Ipcom GmbH & Co KG v HTC Europe Co Ltd & Ors [2017] EWCA Civ 90","[""2017] EWCA Civ 90""]; []",,"html"
"80f1df4e-b805-4fcd-bb2f-b4b5dd8f518f","UB (Sri Lanka) v Secretary of State for the Home Department","[""2017] EWCA Civ 85""]; []",,"html"
"02447790-a96d-49c0-99af-acd088e9f518","Candy & Ors v Holyoake & Anor","[""[2017] EWCA Civ 92"", ""[2017] WLR(D) 146"", ""[2017] 3 WLR 1131""]; []",,"html"
"1958a917-bf32-4dfd-b187-53cf3fe210bb","Grizzly Business Ltd v Stena Drilling Ltd & Anor [2017] EWCA Civ 94","[""[2017] EWCA Civ 94""]; []",,"html"
"644a15a3-b754-4e4b-9bd7-a55db05d4bfd","AXA Versicherung Ag v Arab Insurance Group [2017] EWCA Civ 96","[""[2017] EWCA Civ 96""]; []",,"html"
"2863de3b-1e09-41c1-95d8-3a7a64ef8114","Wodzicki v Wodzicki [2017] EWCA Civ 95","[""CR DG1"", ""[2017] 2 P & CR DG1"", ""[2017] EWCA Civ 95"", ""[2018] 1 FLR 473""]; []",,"html"
"793948fe-a902-4ef7-8118-a33f44a99aa4","Rosserlane Consultants Ltd & Anor v Credit Suisse International [2017] EWCA Civ 91","[""[2017] EWCA Civ 91""]; []",,"html"
"39bb19cd-95d0-4d76-91f3-8049281f9ab4","Hughmans (A Firm) v Dunhill [2017] EWCA Civ 97","[""[2017] EWCA Civ 97""]; []",,"html"
"1a2d69fd-9ddf-4dc7-89a6-64350a47854e","Ahmed v Secretary of State for the Home Department [2017] EWCA Civ 118","[""[2017] EWCA Civ 118""]; []",,"html"
"bc25bbb9-719f-4835-b569-cf631296f103","Ahmed v The Secretary of State for the Home Department [2017] EWCA Civ 99","[""[2017] EWCA Civ 99"", ""[2017] WLR 3977"", ""[2017] 2 CMLR 27"", ""[2017] Imm AR 1191"", ""[2017] WLR(D) 139"", ""[2017] 1 WLR 3977""]; []",,"html"
"f8ef6889-38cb-448c-8666-abcd94062f2a","Green (Supervisor of the IVA of Wright) v Wright","[""[2017] Bus LR 1070"", ""[2017] EWCA Civ 111"", ""[2017] WLR(D) 143""]; []",,"html"
"fdf1047f-88af-4625-bbf6-2c53fbe18f53","Williams v The Secretary of State for the Home Department","[""[2017] EWCA Civ 98"", ""[2017] 1 WLR 3283"", ""[2017] WLR(D) 172""]; []",,"html"
"91b279c8-93c4-4170-9491-70368396983f","Secretary of State for Justice v A Local Authority & Ors (Rev2) [2021] EWCA Civ 1527","[""[2022] 3 All ER 812"", ""[2021] WLR(D) 540"", ""[2021] 3 WLR 1425"", ""[2022] Fam 265"", ""[2021] EWCA Civ 1527"", ""[2022] COPLR 227"", ""[2022] 1 Cr App R 9"", ""(2022) 183 BMLR 66""]; []",,"html"
"5d0d3b24-a62a-43fe-96bd-c3df7f0d78ad","M v M [2017] EWCA Civ 129: Appeal on Periodical Payments Order","[""2017] EWCA Civ 129""]; []",,"html"
"8c865f7b-2f60-4eb0-80d3-c4e4e215bafc","Casson v Hudson & Anor [2017] EWCA Civ 125","[""[2017] EWCA Civ 125""]; []",,"html"
"b5f12b25-612f-42aa-a45d-40a6df53bcd3","Secretary of State for the Home Department v RF (Jamaica)","[""2017] EWCA Civ 124""]; []",,"html"
"45c67ef4-ed1d-405a-aea7-9863023f3850","Ittihadieh v 5-11 Cheyne Gardens RTM Company Ltd & Ors; Deer v University of Oxford","[""[2017] EWCA Civ 121"", ""[2018] QB 256"", ""[2017] 3 WLR 811"", ""[2017] WLR(D) 158""]; []",,"html"
"ce05fa57-bda9-4c60-b0ba-6df692f95032","KV (Sri Lanka) v Secretary of State for the Home Department","[""2017] EWCA Civ 119"", ""[2017] WLR(D) 159"", ""[2017] 4 WLR 88"", ""[2017] Imm AR 1009""]; []",,"html"
"efcde8e0-ffb9-41ca-99d2-b228785dd74f","Dartford Borough Council v The Secretary of State for Communities and Local Government & Ors","[""2017 PTSR 737"", ""2017 WLR(D) 181"", ""2017 EWCA Civ 141""]; []",,"html"
"968631ee-b6ce-4ce8-806a-86a52b50b1a1","Lehman Brothers Holdings Scottish LP 3 v Lehman Brothers Holdings Plc & Ors [2021] EWCA Civ 1523","[""[2021] WLR(D) 537"", ""[2021] EWCA Civ 1523"", ""[2022] 2 BCLC 513"", ""[2022] BPIR 459"", ""[2022] Bus LR 10""]; []",,"html"
"95e37899-0a03-44d6-af63-acf0de54c69f","ZZ v Secretary of State for the Home Department","[""[2017] EWCA Civ 133""]; []",,"html"
"287cb090-1260-4383-9072-27e3b2fde65a","Balk v Otkritie International Investment Management Ltd & Ors [2017] EWCA Civ 134","[""[2017] EWCA Civ 134""]; []",,"html"
"9a8fdbfd-c087-4d4c-bba5-60494f7b9ee6","Otuo v Watchtower Bible and Tract Society of Britain [2017] EWCA Civ 136","[""[2017] EWCA Civ 136""]; []",,"html"
"a982903b-d85c-43b9-abec-40b2cf3bd6b6","Jones v Canal & River Trust [2017] EWCA Civ 135","[""[2018] QB 305"", ""[2017] LLR 353"", ""[2017] WLR(D) 161"", ""[2017] 3 WLR 516"", ""[2017] 2 P & CR 10"", ""[2017] EWCA Civ 135"", ""[2017] HLR 25""]; []",,"html"
"7f28e7e7-fd67-4041-94e3-acdd3f3f964a","McBride v UK Insurance Ltd (Rev 1) [2017] EWCA Civ 144","[""[2017] EWCA Civ 144""]; []",,"html"
"2583c42c-d948-4b52-a166-30fbd9f096f4","Revenue And Customs v Kishore [2021] EWCA Civ 1565","[""2022] 2 All ER 90"", ""[2021] BVC 19"", ""[2021] STC 2288"", ""[2021] STI 2637"", ""[2021] EWCA Civ 1565""]; []",,"html"
"b3ecc63a-95ba-4166-bd6e-e6434d9d21fa","Clutterbuck & Ors v Cleghorn [2017] EWCA Civ 137","[""2017] EWCA Civ 137""]; []",,"html"
"305f98fa-71bc-4658-97ba-311aefa48eb5","Patterson v Spencer [2017] EWCA Civ 140","[""2017] EWCA Civ 140""]; []",,"html"
"f39e6689-8616-4c92-ba4a-72fe707a9a1a","Criminal Injuries Compensation Authority v First Tier Tribunal (Social Entitlement Chamber) & Anor [2017] EWCA Civ 139","[""[2017] PIQR P13"", ""[2017] WLR(D) 187"", ""[2017] EWCA Civ 139"", ""[2017] 4 WLR 60""]; []",,"html"
"7fe05ee5-91a6-43b5-ad81-c04b7cce8482","Ali, R (on the application of) v The Secretary of State for the Home Department & Anor","[""[2017] WLR 2894"", ""[2017] EWCA Civ 138"", ""[2017] WLR(D) 162"", ""[2017] 1 WLR 2894""]; []",,"html"
"9972fa38-9cea-44e7-a925-54f16036bb78","NA (Libya) v Secretary of State for the Home Department [2017] EWCA Civ 143","[""2017] EWCA Civ 143""]; []",,"html"
"3349bb23-b23f-4fa1-9e23-5e5316e81093","Alam v Secretary of State for the Home Department","[""[2021] EWCA Civ 1538""]; []",,"html"
"a0dc220e-4fc0-4215-bb8c-f4f8156f68bc","Duggan v HM Assistant Deputy Coroner for the Northern District of Greater London","[""[2017] WLR(D) 231"", ""[2017] 1 WLR 2199"", ""[2017] 4 All ER 104"", ""[2017] EWCA Civ 142"", ""[2017] Inquest LR 142"", ""[2017] WLR 2199""]; []",,"html"
"bb1ec744-2ae7-4711-8750-fe5bd41e4672","London Borough of Islington v Dyer [2017] EWCA Civ 150","[""2017] PTSR 731"", ""[2017] EWCA Civ 150"", ""[2017] WLR(D) 201""]; []",,"html"
"e908c2f9-78b1-409b-8f5a-e37e22fbdacf","Willmott v The Rotherham NHS Foundation Trust: Appeal on Negligent Medical Treatment","[""[2017] EWCA Civ 181""]; []",,"html"
"7edf1fc9-ebf6-48d2-94b3-4ababedb7c37","Assoun v Assoun [No 2] [2017] EWCA Civ 179","[""[2017] 2 FLR 1149"", ""[2017] EWCA Civ 179"", ""[2017] 2 FCR 533""]; []",,"html"
"2e88d662-76cd-400c-9b79-a3b252f228d5","AM (Pakistan) & Ors v Secretary of State for the Home Department [2017] EWCA Civ 180","[""[2017] EWCA Civ 180""]; []",,"html"
"b9fffa64-aaf1-4790-b5ab-11594e6142de","Owens v Owens [2017] EWCA Civ 182","[""2017] WLR(D) 217"", ""[2017] 2 FCR 569"", ""[2017] EWCA Civ 182"", ""[2017] 4 WLR 74""]; []",,"html"
"abcffa50-4a75-4ad4-9667-e3dfe47a4411","O'Brien v Bolton St Catherine's Academy [2017] EWCA Civ 145","[""[2017] EWCA Civ 145"", ""[2017] ICR 737"", ""[2017] WLR(D) 186""]; []",,"html"
"da99e66b-3499-4526-b8b8-071931f8c122","Takhar v Gracefield Developments Ltd & Ors [2017] EWCA Civ 147","[""2017""]; [""[2017] 3 WLR 853"", ""[2018] Ch 1"", ""[2017] WLR(D) 194"", ""[2017] EWCA Civ 147""]",,"html"
"593b8241-b91e-498c-ad4d-b60b1c9ebda0","Newcastle Upon Tyne NHS Foundation Trust v Haywood","[""[2017] EWCA Civ 153"", ""[2017] ICR 1370"", ""[2017] WLR(D) 206""]; []",,"html"
"5269bd59-c9be-4b7a-9a81-a999c7b39e00","Darnley v Croydon Health Services NHS Trust","[""(2017) 156 BMLR 104"", ""[2018] 2 WLR 54"", ""[2017] PIQR P14"", ""[2018] QB 783"", ""[2017] WLR(D) 209"", ""[2017] Med LR 245"", ""[2017] EWCA Civ 151""]; []",,"html"
"a1a08eab-f66f-48ea-a2b4-e885be7c07df","Synthon BV v Teva Pharmaceutical Industries Ltd [2017] EWCA Civ 148","[""[2017] EWCA Civ 148""]; []",,"html"
"56b39c8e-0a5d-4942-885b-92740f53be29","Watermead Parish Council v Aylesbury Vale District Council","[""2017] EWCA Civ 152"", ""[2018] PTSR 43"", ""[2017] WLR(D) 207""]; []",,"html"
"35822ddc-2333-4d36-b574-0b755cabd224","TRW Ltd v Panasonic Industry Europe GmbH & Anor [2021] EWCA Civ 1558","[""[2021] EWCA Civ 1558""]; []",,"html"
"e8ea792f-5114-4439-b8fd-1c5a7ddd670b","Dove v London Borough of Havering [2017] EWCA Civ 156","[""2017""]; [""[2017] PTSR 1233"", ""[2017] WLR(D) 200""]",,"html"
"63821369-a317-4741-99a5-9423024a2171","Awuku v Secretary of State for the Home Department [2017] EWCA Civ 178","[""[2017] EWCA Civ 178""]; []",,"html"
"946184cb-e171-4f94-bb0b-a9cfd9bdbe1c","ZX v The Secretary of State for Justice [2017] EWCA Civ 155","[""[2017] EWCA Civ 155"", ""[2017] 4 WLR 106""]; []",,"html"
"6b3704b7-e2ee-4857-bfac-03f846e974f7","Z (A Child) [2017] EWCA Civ 157: Costs of Translation in Family Proceedings","[""[2017] 2 Costs LR 311"", ""[2017] WLR(D) 221"", ""[2018] 1 FLR 956"", ""[2017] 2 FCR 404"", ""[2017] 1 WLR 4255"", ""[2017] EWCA Civ 157""]; []",,"html"
"57582b43-19e1-49e5-938f-20bc3051b96f","Re H-W (Child) [2017] EWCA Civ 154","[""[2017] EWCA Civ 154""]; []",,"html"
"0859e742-cad5-4257-abee-e85f2a520086","Ilkerler Otomotiv & Anor v Perkins Engines Company Ltd","[""[2017] EWCA Civ 183"", ""[2017] WLR(D) 204"", ""[2017] 4 WLR 144""]; []",,"html"
"bc0f0dc5-e432-49a1-9bba-bf88d18190c1","Jalla & Anor v Shell International Trading And Shipping Co. Ltd & Anor (Appeal 3: Refusal to Extend Time) [2021] EWCA Civ 1559","[""[2021] EWCA Civ 1559""]; []",,"html"
"d71f74c3-306e-4908-8f15-d75fc7c94ed9","Nottingham City Council v Dominic Parr Trevor Parr Associates Ltd","[""[2017] WLR(D) 222"", ""[2017] EWCA Civ 188"", ""[2017] PTSR 879""]; []",,"html"
"b4fc8738-7e67-4b6a-bd4e-89a46550fc8a","Butt v Secretary of State for the Home Department [2017] EWCA Civ 184","[""[2017] EWCA Civ 184""]; []",,"html"
"364e92e4-cb25-4890-a961-48456ac1e4fb","Adams v Crown Prosecution Service (CPS) [2017] EWCA Civ 185","[""2017 EWCA Civ 185"", ""2017 1 WLR 3732"", ""2017 WLR(D) 212"", ""2017 WLR 3732""]; []",,"html"
"6fa3d0da-7143-471b-a26b-908ca5e65b60","Turley v London Borough of Wandsworth & Anor [2017] EWCA Civ 189","[""2017] EWCA Civ 189"", ""[2017] HLR 21""]; []",,"html"
"bf055312-eaa7-4990-b797-e8611333fcf4","Elson v Stilgoe [2017] EWCA Civ 193","[""[2017] EWCA Civ 193""]; []",,"html"
"fb494d54-b4b1-49e6-b0ce-3a06513c8f01","Partington v Rossiter [2021] EWCA Civ 1564: Will Construction and Jersey Assets","[""[2022] WTLR 257"", ""[2022] Ch 43"", ""[2021] WLR(D) 547"", ""[2021] EWCA Civ 1564"", ""[2022] 2 WLR 37""]; []",,"html"
"f17e3410-0298-4b68-82c5-6843a312571d","First Subsea Ltd v Balltec Ltd & Ors","[""[2017] EWCA Civ 186"", ""[2017] WLR(D) 232"", ""[2017] 3 WLR 896"", ""[2018] Ch 25""]; []",,"html"
"adc0f138-4aa8-4536-ac96-cc9de4da880e","OMV Petrom SA v Glencore International AG","[""2017 EWCA Civ 195"", ""[2017] WLR(D) 218"", ""[2017] CP Rep 24"", ""[2017] 2 Costs LR 287"", ""[2017] 2 Lloyd's Rep 93"", ""[2017] WLR 3465"", ""[2017] 1 WLR 3465""]; []",,"html"
"f5cc2283-1d7d-499f-bd84-bb25368a40bc","Cunningham (t/a Urban Developments) v Buckley & Anor [2017] EWCA Civ 224","[""[2017] EWCA Civ 224""]; []",,"html"
"e65e5a8b-f0bc-4a5a-92e0-35effa196aad","YZ v Oxleas NHS Foundation Trust & Anor [2017] EWCA Civ 203","[""155 BMLR 36"", ""(2017) 155 BMLR 36"", ""[2017] 1 WLR 3518"", ""[2017] EWCA Civ 203"", ""[2017] WLR(D) 224"", ""[2017] WLR 3518""]; []",,"html"
"716e800b-e0f7-4ae8-8924-26e7817a7bef","Stafford Flowers v Linstone Chine Management Company Ltd [2017] EWCA Civ 202","[""[2017] EWCA Civ 202""]; []",,"html"
"623f5e9b-e499-43dc-9e1a-6ee3aaaa3a34","Sheffield City Council v Oliver [2017] EWCA Civ 225","[""[2017] WLR(D) 243"", ""[2017] EWCA Civ 225""]; []",,"html"
"6b274597-5adb-4cf9-bd2a-68d489efbd0c","Harrod & Ors v Chief Constable of West Midlands Police & Ors","[""2017 ICR 869"", ""2017 WLR(D) 219"", ""2017 Pens LR 11"", ""2017 IRLR 539"", ""2017 EWCA Civ 191""]; []",,"html"
"52ff9e9a-600d-458d-be02-3ae036593f29","Dunnett Investments Ltd v The Secretary of State for Communities and Local Government & Anor [2017] EWCA Civ 192","[""[2017] EWCA Civ 192""]; []",,"html"
"2c0b395f-da3f-4a3e-8b0c-e9d86db73fd9","Grosvenor (Mayfair) Estate v Merix International Ventures Ltd & Anor","[""[2017] EWCA Civ 190""]; []",,"html"
"a54a15c8-ea53-4175-8842-5143aa5d6a8d","The Secretary of State for Justice v MM [2017] EWCA Civ 194","[""[2017] WLR(D) 235"", ""[2017] WLR 4681"", ""[2017] 1 WLR 4681"", ""[2017] EWCA Civ 194""]; []",,"html"
"79117c42-79a8-4e25-9d9f-34461f3348c2","Holyhead Marina Ltd v Farrer (Storm Emma)","[""[2022] 2 All ER (Comm) 979"", ""[2021] Bus LR 1874"", ""[2021] WLR(D) 554"", ""[2021] EWCA Civ 1585""]; []",,"html"
"02010104-338a-4b67-8caa-51e59c065468","Siddiqui v Siddiqui & Anor [2021] EWCA Civ 1572","[""[2021] EWCA Civ 1572"", ""[2022] 1 All ER 860""]; []",,"html"
"b3048929-89cc-4fef-b779-8048247c735c","FDR Ltd v Dutton & Ors [2017] EWCA Civ 200","[""[2017] EWCA Civ 200""]; []",,"html"
"1c998f92-39d1-49a5-8d3b-26019e239e13","Stretchline Intellectual Properties Ltd v H&M Hennes & Mauritz Ltd [2017] EWCA Civ 199","[""[2017] EWCA Civ 199""]; []",,"html"
"3f2233ab-5dac-4ed3-a846-d42879f6cc7b","Hancock & Anor v Revenue & Customs [2017] EWCA Civ 198","[""[2017] BTC 14"", ""[2017] STC 1496"", ""[2017] 1 WLR 4717"", ""[2017] WLR(D) 363"", ""[2017] EWCA Civ 198"", ""[2017] WLR 4717"", ""[2017] STI 1325""]; []",,"html"
"d8750958-e24b-4eae-b87e-5c879eb7e8e2","D (A Child) v. Warwickshire County Council [2017] EWCA Civ 196","[""[2017] EWCA Civ 196""]; []",,"html"
"f11318fb-c772-47dc-ba77-93454c37ba3f","Blackwell v HM Revenue & Customs [2017] EWCA Civ 232","[""2017] WLR(D) 247"", ""[2017] BTC 9"", ""[2017] STI 1099"", ""[2017] 4 WLR 164"", ""[2017] EWCA Civ 232"", ""[2017] 4 All ER 188"", ""[2017] STC 1159""]; []",,"html"
"e8b0fecb-e492-46a4-b2a3-c4e891f71368","Arnold & Anor v Secretary of State for Communities and Local Government & Anor","[""2017] EWCA Civ 231""]; []",,"html"
"31364ff4-1938-4de3-a459-03f00557ef20","Hamid v Khalid [2017] EWCA Civ 201","[""2017""]; []",,"html"
"74444510-eaba-48ac-8778-7e82b97f3a5a","Re N-A (Children) [2017] EWCA Civ 230","[""[2017] EWCA Civ 230""]; []",,"html"
"3e6f970e-924c-476c-ae21-2f37a1cb1ab1","Glaxo Wellcome UK Ltd t/a Allen & Hanburys v Sandoz Ltd & Anor [2017] EWCA Civ 227","[""[2017] EWCA Civ 227""]; []",,"html"
"bbf8601c-389a-4e6d-978c-ae5c3763a23b","Re M (Child) [2017] EWCA Civ 228","[""[2017] EWCA Civ 228""]; []",,"html"
"53df7cfc-6071-41ca-bfc4-c5a2379cb7aa","Flynn Pharma Ltd v Drugsrus Ltd & Anor [2017] EWCA Civ 226","[""[2017] Bus LR 1874"", ""[2017] EWCA Civ 226""]; []",,"html"
"c6a09815-c7b3-4cfc-8057-35bbef5c2014","Lewis v Narayanasamy & Anor [2017] EWCA Civ 229","[""[2017] EWCA Civ 229""]; []",,"html"
"5625f8b5-22c9-48ba-895c-2aa4f9467a9d","Open Rights Group & Anor v Secretary of State for the Home Department & Anor","[""2021] EWCA Civ 1573"", ""[2022] QB 166"", ""[2021] WLR(D) 548""]; []",,"html"
"ab82d00b-68d6-4f71-9a40-616a4b8d288a","Clutterbuck & Anor v Cleghorn [2017] EWCA Civ 234","[""[2017] EWCA Civ 234""]; []",,"html"
"9db7314f-f3aa-45bb-8ca3-e3d60be37b5c","Barnett v Medway NHS Foundation Trust [2017] EWCA Civ 235","[""[2017] EWCA Civ 235""]; []",,"html"
"5ede7c36-9e52-4aee-a100-1386778e47dc","Shaw v. Grouby & Anor [2017] EWCA Civ 233","[""2017 EWCA Civ 233""]; []",,"html"
"eab2f50f-478b-4dfe-99e0-abbb5442b099","Disclosure and Barring Service v AB","[""[2021] EWCA Civ 1575"", ""[2021] WLR(D) 552"", ""[2022] WLR 1002"", ""[2022] 1 WLR 1002""]; []",,"html"
"9f75c8bc-8b5d-433e-ae93-6bf1a93891cf","SM (Zimbabwe) v Secretary of State for the Home Department [2021] EWCA Civ 1566","[""[2021] EWCA Civ 1566""]; []",,"html"
"0f61f5dc-6ddc-4b33-904d-6ca3c1a17b93","Association of Chartered Certified Accountants v Awodola","[""2021] EWCA Civ 1635"", ""[2021] WLR(D) 567"", ""[2022] 4 WLR 17""]; []",,"html"
"ab3e143a-1615-4df1-aba1-180837ade9ef","LL v The Lord Chancellor [2017] EWCA Civ 237","[""[2017] EWCA Civ 237"", ""[2017] WLR(D) 259"", ""[2017] 4 WLR 162"", ""[2017] 2 FLR 1429""]; []",,"html"
"7f509e50-6ca8-4422-8ee6-86d93967fd69","Akinyemi v The Secretary of State for the Home Department","[""2017] 1 WLR 3118"", ""[2017] Imm AR 1216"", ""[2017] WLR(D) 242"", ""[2017] EWCA Civ 236"", ""[2017] INLR 819""]; []",,"html"
"dc39ffed-e23c-4f56-887e-bf0d26c8eba9","Kajuga v Secretary of State for the Home Department","[""[2017] EWCA Civ 240""]; []",,"html"
"1eed0bf6-ca88-4a7b-9bea-219914acf839","NE-A (Nigeria) v Secretary of State for the Home Department [2017] EWCA Civ 239","[""2017] EWCA Civ 239""]; []",,"html"
"380f1df9-195b-40ba-aeb1-c01d8a217955","Clegg v The Estate & Personal Representatives of Andrew Gregory Pache & Ors [2017] EWCA Civ 256","[""[2017] EWCA Civ 256""]; []",,"html"
"ea74bdea-e6b0-41f8-8bb1-512a09be8e1c","The National Crime Agency v N & Anor","[""[2017] EWCA Civ 253"", ""[2017] 1 WLR 3938"", ""[2017] WLR(D) 255""]; []",,"html"
"fae3b9ca-31c0-48f8-9cb7-8f601791da60","Regency Villas Title Ltd & Ors v Diamond Resorts (Europe) Ltd & Anor [2017] EWCA Civ 238","[""[2017] WLR(D) 237"", ""[2017] Ch 516"", ""[2017] 3 WLR 644"", ""[2017] 2 P &CR DG8"", ""[2017] EWCA Civ 238""]; []",,"html"
"dadd9a43-c5e6-4195-aea0-2ab3cff9d93f","Mickovski v Liddell [2017] EWCA Civ 251","[""[2017] EWCA Civ 251""]; []",,"html"
"1e6bf624-8c5e-4da2-9802-5a4ec70f7259","W - C (Children) [2017] EWCA Civ 250","[""[2017] EWCA Civ 250""]; []",,"html"
"68255552-abb5-4e0a-a14c-83d983f58fcc","M (A Child) [2017] EWCA Civ 245","[""[2017] EWCA Civ 245""]; []",,"html"
"adaece2d-d4f3-46a5-88ec-3a6eb4558494","S (A Child) [2017] EWCA Civ 249","[""[2017] EWCA Civ 249""]; []",,"html"
"cee945fc-95ce-4ed4-b003-4212c8b3f652","R (Howard League for Penal Reform & Anor) v The Lord Chancellor","[""2017] EWCA Civ 244"", ""[2017] 4 WLR 92"", ""[2017] WLR(D) 256""]; []",,"html"
"0cc4789c-743d-4a09-a346-5a7cde9cbed8","MY (Pakistan) v Secretary of State for the Home Department [2021] EWCA Civ 1615","[""[2021] EWCA Civ 1615""]; []",,"html"
"9b392963-09fe-49ef-a5e4-d5e2e8effec4","Secretary of State for the Home Department v VM (Jamaica) [2017] EWCA Civ 255","[""2017] EWCA Civ 255""]; []",,"html"
"22578315-6902-4507-bd18-9db0d5485d4c","Darby v Richmond on Thames London Borough Council","[""[2017] EWCA Civ 252""]; []",,"html"
"9319b0b6-6588-44c5-bf0a-837a7f81aaa9","Lejonvarn v Burgess & Anor [2017] EWCA Civ 254","[""[2017] BLR 277"", ""[2017] TCLR 5"", ""[2017] EWCA Civ 254"", ""171 Con LR 118""]; []",,"html"
"9365ac87-002c-4767-beb5-daa394718251","Adeshina v St. George's University Hospitals NHS Foundation Trust & Ors [2017] EWCA Civ 257","[""[2017] EWCA Civ 257""]; []",,"html"
"b679acab-9ae5-415c-ab32-172c0766d15e","Kirk v Devon County Council & Anor [2017] EWCA Civ 260","[""[2017] EWCA Civ 260""]; []",,"html"
"2b0f485a-6c67-456b-8fef-643c96b2d977","Nguyen v The Secretary of State for the Home Department [2017] EWCA Civ 258","[""[2017] EWCA Civ 258""]; []",,"html"
"e711cba1-6869-4233-9431-83a09b14df08","Dammermann v Lanyon Bowdler LLP","[""2017] EWCA Civ 269""]; []",,"html"
"5d91896c-fcb7-4b32-a640-3a49ead08b73","UK Insurance Ltd v R&S Pilling (t/a Phoenix Engineering) [2017] EWCA Civ 259","[""2017] Lloyd's Rep IR 463"", ""2017] WLR(D) 286"", ""2017] RTR 25"", ""2017] QB 1357"", ""2017] 3 WLR 450"", ""2017] 4 All ER 199"", ""2017] EWCA Civ 259""]; []",,"html"
"0a459137-be30-4a1f-a6fd-6ae657253699","Re B (Child) [2017] EWCA Civ 264: Court of Appeal Decision on Mother's Appeal Against Adoption Order","[""[2017] EWCA Civ 264""]; []",,"html"
"0bcadb05-b9fb-4472-8426-cbe0038a54ce","JCAM Commercial Real Estate Property XV Ltd v Davis Haulage Ltd [2017] EWCA Civ 267","[""2017 EWCA Civ 267"", ""2017 WLR(D) 265"", ""2018 1 WLR 24"", ""2017 BCC 222"", ""2018 1 BCLC 165"", ""2018 WLR 24""]; []",,"html"
"59a43df1-425f-4d7e-9ade-568aa957c1ad","Unwired Planet International Ltd v Huawei Technologies Co Ltd & Ors","[""[2017] EWCA Civ 266"", ""[2017] WLR(D) 276"", ""[2018] RPC 6"", ""[2017] Bus LR 1971""]; []",,"html"
"84072b2e-ff76-478d-974d-8420ec22e33a","Work v Gray [2017] EWCA Civ 270","[""2017] 3 WLR 535"", ""[2018] Fam 35"", ""[2017] 2 FCR 810"", ""[2017] EWCA Civ 270"", ""[2017] 2 FLR 1297"", ""[2017] WLR(D) 274""]; []",,"html"
"924d1a0a-2a61-4041-ae17-3baa1d399ab3","Wildin v Forest of Dean District Council [2021] EWCA Civ 1610","[""[2021] EWCA Civ 1610""]; []",,"html"
"a1d8ead9-ed46-454c-8cd7-54abbad8d162","London Steam-Ship Owners' Mutual Insurance Association Limited v. Kingdom of Spain & Anor (M/T 'Prestige' Nos. 3 and 4)","[""[2021] WLR(D) 568"", ""[2021] EWCA Civ 1589"", ""[2022] WLR 3434"", ""[2022] ILPr 45"", ""[2022] 2 All ER (Comm) 569"", ""[2022] 1 WLR 3434"", ""[2022] 3 All ER 970""]; []",,"html"
"b442c1b2-8abb-405b-84e7-ed548033e605","Armstrong v Onyearu & Anor [2017] EWCA Civ 268","[""[2017] 3 WLR 1304"", ""[2017] EWCA Civ 268"", ""[2017] WLR(D) 271"", ""[2018] Ch 137""]; []",,"html"
"17e35e21-bed1-42fb-8c03-a8359c6334fd","DR (Jamaica) v Secretary of State for Home Department","[""[2017] EWCA Civ 271""]; []",,"html"
"7d1480a7-d4e7-401c-9801-bbb447e63ec8","R (Conway) v The Secretary of State for Justice","[""2017] EWCA Civ 275""]; []",,"html"
"87c7b977-526d-42a5-a4b0-81656286dc91","Simou v Salliss & Ors [2017] EWCA Civ 312","[""2017] EWCA Civ 312""]; []",,"html"
"4bf1653f-7514-4308-8434-8ad03c4a608f","Apex Global Management Ltd & Anor v Global Torch Ltd [2017] EWCA Civ 315","[""[2017] EWCA Civ 315""]; []",,"html"
"262859d8-ddb0-4312-8c70-63e4f4a49d56","Judicial Review of Coroner's Investigation into Stillbirth and Anonymity","[""[2017] EWCA Civ 318"", ""[2017] Inquest LR 218"", ""182 JP 16"", ""[2017] WLR(D) 299"", ""[2018] 2 WLR 211"", ""(2018) 182 JP 16""]; []",,"html"
"90c978dd-f9af-474f-ba22-84e06df13443","Mastercard Inc & Ors v Deutsche Bahn AG & Ors [2017] EWCA Civ 272","[""[2017] CP Rep 26"", ""[2017] EWCA Civ 272""]; []",,"html"
"67f347cd-36dc-40b2-8b20-56d9d2262945","Peires v Bickerton's Aerodromes Ltd [2017] EWCA Civ 273","[""2017] Env LR 32"", ""[2017] WLR(D) 277"", ""[2017] 2 Lloyd's Rep 330"", ""[2017] EWCA Civ 273"", ""[2017] WLR 2865"", ""[2017] 1 WLR 2865"", ""[2017] LLR 594""]; []",,"html"
"65f3d140-3207-4d6e-a79b-9d11b977f84a","Otkritie Capital International Ltd & Anor v Threadneedle Asset Management Ltd & Anor [2017] EWCA Civ 274","[""[2017] EWCA Civ 274""]; []",,"html"
"3b2337c3-3561-4184-a6c6-04b3d41cf3a1","Pritchett v Crossrail Ltd [2017] EWCA Civ 317","[""[2017] EWCA Civ 317""]; []",,"html"
"b7dd7dac-014b-4100-80da-92ffc4dbcbcf","Robinson v Secretary of State for the Home Department [2017] EWCA Civ 316","[""[2017] EWCA Civ 316""]; []",,"html"
"5191f0b4-6c36-42e1-9ebc-9638b3a35730","Perry v Raleys Solicitors [2017] EWCA Civ 314","[""[2017] PNLR 27"", ""[2017] EWCA Civ 314""]; []",,"html"
"e9714568-4535-4e32-b9bc-91f4e5209e91","SG, R (on the application of) v London Borough of Haringey & Ors","[""[2017] EWCA Civ 322""]; []",,"html"
"d4740d34-f03f-4700-8408-7439576f2e36","The Professional Standards Authority v The Health and Care Professions Council & Anor [2017] EWCA Civ 319","[""2017] EWCA Civ 319""]; []",,"html"
"f90f1391-6498-4913-8916-bd175cb4096a","Rai v Entry Clearance Officer, New Delhi [2017] EWCA Civ 320","[""[2017] EWCA Civ 320""]; []",,"html"
"045eb7a6-7fd2-4c34-9e0e-e77375034282","R (P, G, W, Krol) v Secretary of State for the Home Department & Anor","[""[2017] EWCA Civ 321"", ""[2018] 1 WLR 3281"", ""[2017] 2 Cr App R 12"", ""[2017] WLR(D) 710"", ""[2018] 2 All ER 794"", ""[2018] WLR 3281""]; []",,"html"
"ad1cef65-0dd2-4f97-9a83-3d5cc490c310","Optis Cellular Technology LLC & Ors v Apple Retail UK Ltd & Ors","[""[2021] EWCA Civ 1619""]; []",,"html"
"9dd2e95b-5c78-41c8-bd0e-357ba34fb489","Khan v. Secretary of State for the Home Department","[""[2021] EWCA Civ 1655""]; []",,"html"
"b7b135d9-d728-4191-a414-4446e5d3358c","Day v Health Education England & Ors [2017] EWCA Civ 329","[""2017] ICR 917"", ""[2017] EWCA Civ 329"", ""[2017] IRLR 623"", ""[2017] WLR(D) 307""]; []",,"html"
"a3989ea3-63fe-49d8-8875-958e6010916d","Lidl Ltd v Central Arbitration Committee & Anor","[""2017 WLR(D) 311"", ""2017 EWCA Civ 328"", ""2017 ICR 1145"", ""2017 IRLR 646""]; []",,"html"
"07e753c0-ce67-43f3-a129-7db536a9373e","Cosmetic Warriors Ltd & Anor v Gerrie [2017] EWCA Civ 324","[""2017 EWCA Civ 324""]; []",,"html"
"3817c234-d719-475a-b6c8-736b2d9a58ed","Godfrey Morgan Solicitors (A Firm) v Armes","[""[2017] CP Rep 29"", ""[2018] WLR 936"", ""[2017] PNLR 30"", ""[2017] EWCA Civ 323"", ""[2018] 1 WLR 936""]; []",,"html"
"2f03453e-8dd7-40a9-9cb0-4be956c3fcbb","Singh (India) v Secretary of State for the Home Department","[""[2017] EWCA Civ 362"", ""[2017] 1 WLR 4340"", ""[2017] WLR(D) 358""]; []",,"html"
"a29f4152-c149-421f-b70e-24b6ebfa81a6","Secretary of State for the Home Department v P3","[""[2021] EWCA Civ 1642"", ""[2022] INLR 88"", ""[2022] 1 WLR 2869"", ""[2022] 3 All ER 364"", ""[2021] WLR(D) 563"", ""[2022] WLR 2869""]; []",,"html"
"2fffe482-5701-483a-a35a-7ebba2564e68","British Telecommunications plc v Office Of Communications & Ors [2017] EWCA Civ 330","[""[2018] Bus LR 122"", ""[2017] EWCA Civ 330"", ""[2017] WLR(D) 302""]; []",,"html"
"4e0be169-8de3-4de5-97e4-522002fea371","N (Children: Refusal of Placement Orders) [2021] EWCA Civ 1652","[""[2021] EWCA Civ 1652""]; []",,"html"
"7edf1d86-7ff4-4caf-ad11-52f31d0c0e13","Colaingrove Ltd v Revenue And Customs [2017] EWCA Civ 332","[""[2017] WLR 4668"", ""[2017] WLR(D) 310"", ""[2017] STC 1287"", ""[2017] EWCA Civ 332"", ""[2017] BVC 19"", ""[2017] 1 WLR 4668""]; []",,"html"
"e9aa9223-2df3-40e5-bf86-f589b5f25c25","FB v Princess Alexandra Hospital NHS Trust","[""[2017] EWCA Civ 334""]; []",,"html"
"4732e374-8403-4230-9d24-c9a6582fa918","Khodari v Cedarpark Holdings Inc","[""[2017] JPL 1105"", ""[2017] WLR(D) 327"", ""[2018] WLR 584"", ""[2018] RTR 5"", ""[2017] EWCA Civ 333"", ""[2018] 1 WLR 584""]; []",,"html"
"44076886-527c-494a-b49b-273d2a7b44ee","Glaxo Wellcome UK Ltd (t/a Allen & Hanburys) & Anor v Sandoz Ltd [2017] EWCA Civ 335","[""[2017] EWCA Civ 335""]; []",,"html"
"503c2f21-164b-4bc8-8360-bb0c2c78bced","Wamala, R v The Secretary of State for the Home Department [2017] EWCA Civ 363","[""[2017] EWCA Civ 363""]; []",,"html"
"4dae4595-6970-4b27-8967-a0a5b1b8ed22","Hassett & Anor v The Secretary of State for Justice [2017] EWCA Civ 331","[""[2017] WLR 4750"", ""[2017] WLR(D) 304"", ""[2017] EWCA Civ 331"", ""[2017] 1 WLR 4750""]; []",,"html"
"034351c5-4878-490c-b04c-b3e3e9085c90","Gudanaviciene, R (on the application of) v Immigration and Asylum First Tier Tribunal","[""2017 WLR(D) 322"", ""2017 EWCA Civ 352"", ""2017 WLR 4095"", ""2017 1 WLR 4095""]; []",,"html"
"8285e67f-ba1a-4327-8ac7-6867a7bf6210","LC (Albania) v The Secretary of State for the Home Department","[""[2017] EWCA Civ 351"", ""[2017] 1 WLR 4173"", ""[2017] WLR(D) 318""]; []",,"html"
"ab4da4b0-f2a2-4d27-9757-dd8b98b5c0d4","Orientfield Holdings Ltd v Bird & Bird LLP [2017] EWCA Civ 348","[""[2017] EWCA Civ 348""]; []",,"html"
"0f1ab225-fb8e-4ce0-a51e-1bedfdb749a0","ABC v St George's Healthcare NHS Trust & Ors [2017] EWCA Civ 336","[""[2017] PIQR P15"", ""[2017] EWCA Civ 336""]; []",,"html"
"b478c8dc-91c9-43bb-8919-97180ec30332","Sutton Housing Partnership Ltd v Rydon Maintenance Ltd [2017] EWCA Civ 359","[""[2017] EWCA Civ 359""]; []",,"html"
"d2959cb6-8628-41d2-8532-b6b6e7ae683e","OO (Nigeria), R (on the application of) v Secretary of State for the Home Department","[""[2017] EWCA Civ 338""]; []",,"html"
"eb6cd095-eac1-4c34-a0f9-df0166aea299","J C and A Solicitors Ltd v Andeen Iqbal & Anor [2017] EWCA Civ 355","[""[2017] EWCA Civ 355""]; []",,"html"
"e65b404b-26bd-43a7-91e6-536a21868277","Ashfaq v International Insurance Company of Hannover Plc [2017] EWCA Civ 357","[""[2017] EWCA Civ 357""]; []",,"html"
"3442f142-d5de-41c5-a2c5-4c0c085ed8d0","Vanden Recycling Ltd v Kras Recycling BV [2017] EWCA Civ 354","[""[2017] EWCA Civ 354""]; []",,"html"
"2282d207-63f7-4b06-93b5-820d69216b33","Correia v University Hospital of North Staffordshire NHS Trust [2017] EWCA Civ 356","[""[2017] EWCA Civ 356""]; []",,"html"
"5b24243c-66b2-4cda-9e5a-4945b1ac02c0","Amirteymour v The Secretary of State for the Home Department [2017] EWCA Civ 353","[""[2017] EWCA Civ 353""]; []",,"html"
"d01aced0-1901-400f-a1f6-15317dc86f7e","Eastern Pyramid Group Corporation SA v Spire House RTM Company Ltd [2021] EWCA Civ 1658","[""[2021] EWCA Civ 1658"", ""[2021] WLR(D) 564"", ""[2022] 1 WLR 503"", ""[2022] HLR 19""]; []",,"html"
"63b736cd-55da-4a64-aac7-bb86df5bfc35","Grimes v The Trustees of the Essex Farmers And Union Hunt [2017] EWCA Civ 361","[""2017] EWCA Civ 361""]; []",,"html"
"8c9b650b-8e76-4cea-a0df-2825ec328e59","Société des Produits Nestlé SA v Cadbury UK Ltd","[""2017 EWCA Civ 358"", ""2017 Bus LR 1832"", ""2017 WLR(D) 331""]; []",,"html"
"112a783b-c223-4786-a461-8185d23bbf7f","The Royal Society for the Protection of Birds, R (On the Application Of) v Natural England [2021] EWCA Civ 1637","[""[2021] EWCA Civ 1637"", ""[2022] LLR 117"", ""[2022] Env LR 15""]; []",,"html"
"883e70a1-b1be-4426-8ef0-e403d76a22df","BRITCITS v The Secretary of State for the Home Department","[""2017] 1 WLR 3345"", ""2017] EWCA Civ 368"", ""2017] WLR(D) 378""]; []",,"html"
"8c8df71f-4ac1-4950-b08c-f5b40295d8e4","MSC Mediterranean Shipping Company S.A. v Glencore International AG","[""2017 EWCA Civ 365"", ""2017 WLR(D) 356"", ""2018 Bus LR 1""]; []",,"html"
"0f034a0c-8a72-4663-bb94-f9a051d397bc","Wood v Kingston Upon Hull City Council","[""2017] EWCA Civ 364"", ""[2018] PTSR 131"", ""[2017] WLR(D) 343""]; []",,"html"
"9d54140e-433e-4138-a4db-a0ee40b03094","Cameron v Hussain & Anor [2017] EWCA Civ 366","[""2017 EWCA Civ 366"", ""[2017] PIQR P16"", ""[2018] WLR 657""]; [""[2017] WLR(D) 353"", ""[2017] RTR 23"", ""[2017] Lloyd's Rep IR 487""]",,"html"
"7d462ba3-ea6f-4563-9139-308ded6eb452","Emmott v Michael Wilson & Partners Ltd [2017] EWCA Civ 367","[""2017"", ""1 WLR 4330"", ""2017 WLR(D) 341"", ""2017 EWCA Civ 367""]; []",,"html"
"36715790-e5c6-446e-a170-2f3762be5e74","Gore v Naheed & Anor [2017] EWCA Civ 369","[""[2017] EWCA Civ 369""]; []",,"html"
"ae1fdc33-97f0-4cc0-ba11-14af100d00f3","Greene King Brewing and Retailing Ltd & Anor v The Gambling Commission [2017] EWCA Civ 372","[""[2017] WLR 3611"", ""[2017] LLR 460"", ""[2017] WLR(D) 347"", ""[2017] 1 WLR 3611"", ""[2017] EWCA Civ 372""]; []",,"html"
"5077f50f-8092-4614-bec8-018884431b2a","Department of Health v The Information Commissioner & Anor [2017] EWCA Civ 374","[""2017 EWCA Civ 374"", ""2017 WLR(D) 376"", ""2017 1 WLR 3330""]; []",,"html"
"5fcb684a-6cb8-414c-8915-299ec1b8ddca","Assoun v Assoun - Appeal for Payment-Out of Court Funds","[""[2017] EWCA Civ 370""]; []",,"html"
"99b99fec-0be3-4048-a378-f05143e99610","R (Bashir & Ors) v Secretary of State for the Home Department","[""[2017] WLR(D) 365"", ""[2017] EWCA Civ 397""]; []",,"html"
"18a7e76b-357b-4cb4-9eb8-0b151cce320d","Persimmon Homes Ltd v Ove Arup & Partners Ltd & Anor [2017] EWCA Civ 373","[""[2017] BLR 417"", ""[2017] PNLR 29"", ""[2017] EWCA Civ 373"", ""172 Con LR 1""]; []",,"html"
"9b8eb7e7-07f1-4459-b7a7-55d8c2e8406c","Newby Foods Ltd, R (On the Application Of) v Food Standards Agency","[""2017] EWCA Civ 400""]; []",,"html"
"ae21065b-36ca-4a93-ae8e-410810a523d9","J (Children), Re [2017] EWCA Civ 398","[""[2017] WLR(D) 373"", ""[2017] EWCA Civ 398"", ""[2018] 1 FLR 50"", ""[2017] 4 WLR 109"", ""[2017] 2 FCR 647""]; []",,"html"
"c9ba84a4-cd9e-4de6-b98a-3e0981caafe4","Baker v KTM Sportmotorcycle UK Ltd & Anor [2017] EWCA Civ 378","[""[2017] EWCA Civ 378""]; []",,"html"
"88cb3c85-845e-4aec-8f6c-0fc594fdb826","Hyde v Milton Keynes NHS Foundation Trust","[""[2017] CP Rep 36"", ""[2017] WLR(D) 362"", ""[2017] 3 Costs LO 391"", ""[2017] EWCA Civ 399"", ""[2018] WLR 597""]; []",,"html"
"9228096a-2f29-46f4-bfa2-80a071827d94","Ravendark Holdings Ltd v Rotenberg & Ors [2021] EWCA Civ 1661","[""[2021] EWCA Civ 1661""]; []",,"html"
"9fd2d90b-2325-419f-8eb8-65c445af1ab1","The Secretary of State for the Home Department v Mosira","[""[2017] EWCA Civ 407""]; []",,"html"
"7e8c8e51-76b3-4ef1-a703-30e50ab575c1","Quan v Bray & Ors [2017] EWCA Civ 405","[""[2017] EWCA Civ 405""]; []",,"html"
"75f753fe-181e-49b8-9f1a-30b5e631e3ec","Oraki & Anor v Bramston & Anor [2017] EWCA Civ 403","[""[2017] BPIR 1021"", ""[2018] 3 WLR 569"", ""[2017] WLR(D) 377"", ""[2017] EWCA Civ 403""]; []",,"html"
"4c829edf-7220-42ec-8469-095aa85153b4","Baker Tilly UK Audit LLP & Ors v Financial Reporting Council & Ors","[""2017 EWCA Civ 406"", ""2017 WLR(D) 382""]; []",,"html"
"27be67b1-3e6c-4a07-90e1-cbb8420b8cee","Beatt v Croydon Health Services NHS Trust","[""2017 IRLR 748"", ""2017 EWCA Civ 401"", ""2017 ICR 1240"", ""2017 WLR(D) 374""]; [""[2017] IRLR 748"", ""[2017] EWCA Civ 401"", ""[2017] ICR 1240"", ""[2017] WLR(D) 374""]",,"html"
"9cb20400-5e75-4e37-8d22-11eedd454ca5","Shahi v Secretary of State for the Home Department [2021] EWCA Civ 1676","[""[2021] EWCA Civ 1676""]; []",,"html"
"ce0bfe26-d63f-4cce-be30-bbaa6672aa11","Khan v Secretary of State for the Home Department","[""[2017] WLR(D) 394"", ""[2017] EWCA Civ 424"", ""[2017] 4 WLR 156""]; []",,"html"
"211bd1c7-a680-4145-82d8-dfba57d7eb9f","Dexia Crediop SPA v Comune Di Prato","[""[2017] EWCA Civ 428""]; []",,"html"
"36454cc5-7bd7-41fd-b552-d34305528899","Keenan v Woking Borough Council & Anor","[""[2018] PTSR 697"", ""[2017] EWCA Civ 438"", ""[2017] WLR(D) 415""]; []",,"html"
"f23ef4c0-2c42-4b2c-b0ac-412c6d9f69b1","John Lyon's Charity v London Sephardi Trust","[""2017] WLR(D) 442"", ""[2018] 2 WLR 1016"", ""[2017] EWCA Civ 846"", ""[2018] 1 P & CR 2"", ""[2017] HLR 36"", ""[2017] L & TR 30"", ""[2017] RVR 295""]; []",,"html"
"b92edacf-a405-405d-8e00-9b2e9d09a150","Kaur & Anor v The Secretary of State for the Home Department","[""[2017] EWCA Civ 821""]; []",,"html"
"ac9e2aa7-8f93-4867-9f5c-72e9e84f3e82","African Export-Import Bank & Ors v Shebah Exploration & Production Company Ltd & Ors [2017] EWCA Civ 845","[""[2017] EWCA Civ 845"", ""[2017] 2 Lloyd's Rep 111"", ""[2018 WLR 487"", ""[2018] 1 All ER (Comm) 535"", ""[2017] WLR(D) 431""]; []",,"html"
"01d206eb-8b1c-465e-959e-bb40bc761b0b","Promontoria (Oak) Ltd v Emanuel & Ors [2021] EWCA Civ 1682","[""[2022] WLR 2004"", ""[2022] 1 WLR 2004"", ""[2021] WLR(D) 587"", ""[2021] EWCA Civ 1682""]; []",,"html"
"c3dbe431-18cf-46e4-91ab-5d5b0ef0fdea","Croke v Secretary of State for Communities and Local Government & Anor [2017] EWCA Civ 423","[""[2017] EWCA Civ 423""]; []",,"html"
"7e44ec5d-d98d-4290-a103-a0197b4210ca","Williams v Powys County Council","[""[2018] 1 WLR 439"", ""[2017] JPL 1236"", ""[2018] WLR 439"", ""[2017] WLR(D) 392"", ""[2017] EWCA Civ 427""]; []",,"html"
"17f94a6d-48ae-47eb-b11d-5df54409e529","Archer v The Commissioner of Police of the Metropolis [2021] EWCA Civ 1662","[""2022] 2 WLR 528"", ""[2022] 3 All ER 271"", ""[2022] Crim LR 760"", ""[2022] QB 401"", ""[2021] EWCA Civ 1662"", ""[2021] WLR(D) 584"", ""[2022] 1 Cr App R 14""]; []",,"html"
"49ee7284-9791-4454-b9af-9c3ca07f0761","Hunt v Annolight Ltd & Ors [2021] EWCA Civ 1663","[""[2021] WLR(D) 565"", ""[2022] Costs LR 425"", ""[2022] 1 WLR 701"", ""[2022] WLR 701"", ""[2022] PNLR 6"", ""[2021] EWCA Civ 1663"", ""[2022] 2 All ER 649""]; []",,"html"
"6aaf6a8c-1a7d-4c47-91f6-1812ef902e88","Chief Constable of South Yorkshire Police, R (On the Application Of) v Kelly & Anor","[""[2021] WLR(D) 582"", ""[2022] ICR 623"", ""[2021] EWCA Civ 1699""]; []",,"html"
"c758bcb2-2d5a-4322-b298-bd13b2122ed5","Cunningham v Rochdale Metropolitan Borough Council [2021] EWCA Civ 1719","[""[2021] EWCA Civ 1719""]; []",,"html"
"9eeb09f9-d3f7-4a72-add0-3a631ace61da","Greater Manchester Police v Bailey [2017] EWCA Civ 425","[""[2017] EWCA Civ 425""]; []",,"html"
"a68c8606-fca8-4775-8a58-b4f31608bb24","Yates & Anor v Great Ormond Street Hospital For Children NHS Foundation Trust & Anor","[""[2018] 1 All ER 569"", ""(2017) 157 BMLR 1"", ""[2017] EWCA Civ 410"", ""[2017] 2 FLR 739"", ""[2018] 4 WLR 5"", ""157 BMLR 1"", ""[2017] WLR(D) 391"", ""[2017] Med LR 417""]; []",,"html"
"b10b6397-8237-4ea0-9da7-5d3ba9caa0ac","Sharp v Sharp [2017] EWCA Civ 408","[""2018] 2 WLR 1617"", ""[2017] 2 FCR 766"", ""[2017] 2 FLR 1095"", ""[2017] WLR(D) 397"", ""[2017] EWCA Civ 408"", ""[2017] 4 All ER 1046""]; []",,"html"
"bca8a82c-8719-4dc6-9a56-8abd40a6eb43","UKI (Kingsway) Ltd v Westminster City Council [2017] EWCA Civ 430","[""2017] EWCA Civ 430"", ""[2017] PTSR 1606"", ""[2017] WLR(D) 402""]; []",,"html"
"0e6d2c3d-b048-49d0-ab10-e6886dd656bc","The Association of Independent Meat Suppliers & Anor v The Food Standards Agency [2017] EWCA Civ 431","[""[2017] WLR(D) 422"", ""[2018] PTSR 1330"", ""[2017] EWCA Civ 431""]; []",,"html"
"c112d9e6-ecc9-4651-99c4-ef21c37a732e","The Government of the Republic of France v The Royal Borough of Kensington and Chelsea & Ors","[""[2017] EWCA Civ 429"", ""[2017] 1 WLR 3206"", ""[2017] WLR(D) 399""]; []",,"html"
"4d164ee1-578e-4c39-afb5-635465593dae","JK, R (On the Application Of) v Secretary of State for the Home Department","[""[2017] WLR(D) 416"", ""[2017] WLR 4567"", ""[2017] EWCA Civ 433"", ""[2017] 1 WLR 4567""]; []",,"html"
"6f848134-cc61-43b1-983c-f6145b19f69f","Spencer-White v Harding Evans LLP [2017] EWCA Civ 434","[""[2017] EWCA Civ 434""]; []",,"html"
"6e0abd3d-f5fe-4e51-9294-1ce7417f1178","Djaba v West London Mental Health Trust & Anor [2017] EWCA Civ 436","[""[2018] 1 WLR 1333"", ""[2017] MHLR 345"", ""[2017] EWCA Civ 436"", ""(2017) 20 CCL Rep 264"", ""[2017] WLR(D) 429""]; []",,"html"
"0e112a43-8bb4-45cd-a169-4a5b83e617e7","Derry v HM Revenue and Customs [2017] EWCA Civ 435: Appeal on Tax Relief Claim","[""[2017] BTC 16"", ""[2017] EWCA Civ 435"", ""[2017] STI 1718"", ""[2017] STC 1723""]; []",,"html"
"9fead5d5-d7b4-4939-ad35-3429a92c6178","Dodd v Raebarn Estates Ltd & Ors [2017] EWCA Civ 439","[""[2017] EWCA Civ 439""]; []",,"html"
"2c675a82-75f3-44ff-bc33-9e35ef3a0c8c","Sullivan v Bury Street Capital Limited [2021] EWCA Civ 1694","[""[2021] EWCA Civ 1694"", ""[2022] IRLR 159""]; []",,"html"
"423d467e-fdd1-4a9b-83bd-795615385fd9","Davis v Watford Borough Council","[""[2018] EWCA Civ 529"", ""[2018] HLR 24"", ""[2018] 1 WLR 3157"", ""[2018] WLR(D) 190"", ""[2018] WLR 3157""]; []",,"html"
"6d14378c-6460-413e-aad7-aeaafc197873","Bayerische Motoren Werke Aktiengesellschaft v Technosport London Ltd & Anor [2017] EWCA Civ 779","[""[2017] EWCA Civ 779""]; []",,"html"
"16b9969b-a880-4f83-bfcd-5b0128191697","Scarisbrick v Secretary of State for Communities and Local Government","[""[2017] EWCA Civ 787""]; []",,"html"
"8fa1b0c8-5cf9-4579-ac19-2e3a3b5ee736","The Secretary of State for the Home Department v DB (Jamaica) [2017] EWCA Civ 440","[""[2017] EWCA Civ 440""]; []",,"html"
"31363c52-8c0b-465c-a295-709d47c8b8ad","Harrison v University Hospitals Coventry & Warwickshire NHS Trust","[""[2017] WLR 4456"", ""[2017] EWCA Civ 792"", ""[2017] WLR(D) 420"", ""[2017] 1 WLR 4456""]; []",,"html"
"e9337f83-d555-40a3-9674-456297f45165","Hajjaj v City of Westminster and Akhter v London Borough of Waltham Forest","[""[2021] WLR(D) 570"", ""[2021] EWCA Civ 1688"", ""[2022] PTSR 420""]; []",,"html"
"2c71b8c3-6112-47aa-842d-9dbb872406f6","Hrabkova v The Secretary of State for Work and Pensions","[""[2017] EWCA Civ 794"", ""[2017] WLR(D) 410"", ""[2017] PTSR 1624""]; []",,"html"
"8e158e76-1f88-4d24-a199-9b674ff2cbab","WZ (China) v The Secretary of State for the Home Department [2017] EWCA Civ 795","[""[2017] EWCA Civ 795""]; []",,"html"
"ac57c677-6fb0-4107-90c6-8172d044bd39","Halborg v EMW Law LLP [2017] EWCA Civ 793: Determining Litigant Costs for LLP Solicitors","[""[2018] WLR 52"", ""[2017] 2 BCLC 442"", ""[2017] 3 Costs LR 553"", ""[2017] CP Rep 30"", ""[2017] WLR(D) 441"", ""[2018] 1 WLR 52"", ""[2017] EWCA Civ 793""]; []",,"html"
"10b08de4-528f-4310-91a6-780d18d63ee8","AH (Jamaica) v Secretary of State for the Home Department","[""[2017] EWCA Civ 796""]; []",,"html"
"e556ebdd-cc8f-4715-9bd7-6fe54d4e5d2b","Small v The Shrewsbury and Telford Hospitals NHS Trust [2017] EWCA Civ 882","[""[2017] EWCA Civ 882"", ""[2017] IRLR 889""]; []",,"html"
"774262ef-c520-4d84-a5a9-784ebbf219c4","Loveridge & Anor v Loveridge [2021] EWCA Civ 1697","[""[2022] 2 BCLC 340"", ""[2021] Costs LR 1429"", ""[2021] EWCA Civ 1697"", ""[2022] BCC 324""]; []",,"html"
"2f978214-dd87-4fff-8167-acc6eb9dbfff","Campbell v Advantage Insurance Company Ltd [2021] EWCA Civ 1698","[""[2021] EWCA Civ 1698"", ""[2022] 2 WLR 246"", ""[2022] ELR 217"", ""[2022] PIQR P6"", ""[2022] QB 354"", ""[2021] WLR(D) 579"", ""[2022] RTR 8""]; []",,"html"
"ed5f42d2-41ba-44db-910f-0f45a403a616","The Secretary of State for the Home Department v MM (Zimbabwe) [2017] EWCA Civ 797","[""[2017] EWCA Civ 797"", ""[2017] 4 WLR 132"", ""[2017] WLR(D) 418""]; []",,"html"
"ba1eaf31-6b54-4394-a5a9-4bf0bc9f4d39","The Department for Business, Energy and Industrial Strategy v The Information Commissioner & Anor","[""2017] PTSR 1644"", ""2017] EWCA Civ 844"", ""2017] WLR(D) 439""]; []",,"html"
"919e7677-8681-4119-8a33-42ed4f6c494d","The Motherhood Plan & Anor v Her Majesty's Treasury","[""[2021] WLR(D) 590"", ""[2021] EWCA Civ 1703"", ""[2022] IRLR 324"", ""[2022] PTSR 494"", ""[2022] 3 All ER 727""]; []",,"html"
"45b029e8-4160-4fe3-8bd1-96e9537c04e4","K Line PTE Ltd v Priminds Shipping (HK) Co Ltd - Case Analysis","[""[2022] 3 All ER 396"", ""[2022] 2 All ER (Comm) 1044"", ""[2021] EWCA Civ 1712"", ""[2022] Bus LR 67"", ""[2021] WLR(D) 588""]; []",,"html"
"a136a6c9-3964-496c-b4f5-2acf752c3de3","MI (Pakistan) v Secretary of State for the Home Department","[""[2021] EWCA Civ 1711""]; []",,"html"
"30988e35-9ab4-44e1-a187-ce4299e67966","M (Children) (Rev 1) [2017] EWCA Civ 891","[""[2017] 3 FCR 369"", ""[2018] 2 WLR 860"", ""[2018] Fam 230"", ""[2017] EWCA Civ 891"", ""[2017] WLR(D) 444"", ""[2018] 1 FLR 589""]; []",,"html"
"9d0c5e82-5cdf-4fb0-be46-0527857bcf50","Griffith & Anor v Gourgey & Ors [2017] EWCA Civ 926","[""[2017] EWCA Civ 926""]; []",,"html"
"5b8dd2eb-c5c7-40bf-aac8-fa6362e3a817","Barwood Strategic Land II LLP v East Staffordshire Borough Council & Anor [2017] EWCA Civ 893","[""[2017] WLR(D) 445"", ""[2018] PTSR 88"", ""[2017] EWCA Civ 893""]; []",,"html"
"9ef6dbf8-8b8c-436a-a34d-f0c70d54cbc6","De Souza v Vinci Construction (UK) Ltd [2017] EWCA Civ 879","[""[2018] ICR 433"", ""[2017] IRLR 844"", ""[2017] EWCA Civ 879"", ""[2017] WLR(D) 447""]; []",,"html"
"4bfdd00c-1087-4810-a7a4-2eb3c5d82236","S-F (A Child) [2017] EWCA Civ 964","[""2017] EWCA Civ 964""]; []",,"html"
"cbde4993-6f49-4dca-9879-601d91220796","Boodia v Yatsyna [2021] EWCA Civ 1705","[""[2021] WLR(D) 581"", ""[2021] EWCA Civ 1705""]; []",,"html"
"21a0b3f4-8918-49d8-accd-c9c03b97e382","Emojevbe v Secretary of State for Transport [2017] EWCA Civ 934","[""[2017] EWCA Civ 934""]; []",,"html"
"4ef74c45-ce48-4ccf-aa7a-95afb4c316b3","Howe v Motor Insurers' Bureau [2017] EWCA Civ 932","[""2018] 1 CMLR 14"", ""[2017] Lloyd's Rep IR 576"", ""[2017] EWCA Civ 932"", ""[2017] PIQR P20"", ""[2018] 1 WLR 923"", ""[2018] WLR 923"", ""[2017] WLR(D) 456"", ""[2017] 4 Costs LO 473"", ""[2018] RTR 7""]; []",,"html"
"06c335e3-3c73-4b5a-bd37-6fa1c034d185","AA (Iraq) v Secretary of State for the Home Department","[""2017] WLR(D) 466"", ""[2017] Imm AR 1440"", ""[2017] EWCA Civ 944"", ""[2018] WLR 1083"", ""[2018] INLR 1"", ""[2018] 1 WLR 1083""]; []",,"html"
"4545e167-5c67-4864-8f74-4b1fadfc6976","Trindade v London Borough of Hackney","[""[2017] EWCA Civ 942""]; []",,"html"
"84658f61-4af0-431c-88bb-f1415437c08d","Coates v The Secretary of State for Communities And Local Government & Anor [2017] EWCA 940 (Civ)","[""[2017] EWCA 940 (Civ)""]; []",,"html"
"7241e57a-628a-407a-b56b-7a301dba86d2","P-K (Children) [2017] EWCA Civ 965 - Appeal on Findings of Fact in Public Law Children Proceedings","[""[2017] EWCA Civ 965""]; []",,"html"
"d39ffce2-c60d-4cdb-8099-3ece6ecbf459","Dixon v The Secretary of State for Justice [2017] EWCA Civ 961","[""[2017] EWCA Civ 961""]; []",,"html"
"af8f213d-ac16-4c2d-92ee-fcd5ca16e6cf","Brevan Howard Asset Management LLP v Reuters Ltd & Anor [2017] EWCA Civ 950","[""[2017] EWCA Civ 950"", ""[2017] WLR(D) 459""]; []",,"html"
"b36c4a54-f997-4715-a427-d3f02706ed66","ABC Ltd & Anor v HM Revenue and Customs [2017] EWCA Civ 956","[""2018] 1 WLR 1205"", ""[2017] WLR(D) 463"", ""[2017] EWCA Civ 956""]; []",,"html"
"48680311-d5d0-4e52-b92e-12bd67390860","Liontrust Investment Partners LLP & Ors v Flanagan [2017] EWCA Civ 985","[""[2017] EWCA Civ 985""]; []",,"html"
"8b6843e2-a05d-4712-8f61-9132cd4bb585","Chesterton Global Ltd & Anor v Nurmohamed & Anor","[""2017] EWCA Civ 979"", ""[2017] IRLR 837"", ""[2018] ICR 731""]; []",,"html"
"2daa7568-20c5-4657-a26a-70ad93f17730","Mormoroc, R (On the Application Of) v The Secretary of State for Justice","[""[2017] EWCA Civ 989"", ""[2017] WLR(D) 495""]; []",,"html"
"c5ed64f0-4d80-48a8-93b6-3508c1cf86cb","Sage v Hewlett Packard Enterprise Company & Ors [2017] EWCA Civ 973","[""[2017] WLR(D) 483"", ""[2017] EWCA Civ 973""]; []",,"html"
"7a1f6f3b-a747-46b8-bfe3-2171a034357e","C (Children) [2017] EWCA Civ 980 - Hague Convention & Wrongful Retention","[""[2018] 1 All ER 476"", ""[2017] WLR(D) 479"", ""[2017] 3 FCR 719"", ""[2018] 1 FLR 186"", ""[2017] EWCA Civ 980""]; []",,"html"
"59f6c8c3-0b53-4a75-bb4e-6b4c9479e5c4","The Secretary of State for the Home Department v Mandibaya","[""[2017] EWCA Civ 1002""]; []",,"html"
"8680e144-1960-4914-a117-83a72ec22d64","Matalia v Warwickshire County Council [2017] EWCA Civ 991","[""[2017] ECC 25"", ""[2017] ELR 428"", ""[2017] EWCA Civ 991""]; []",,"html"
"d870dd8a-88c2-4c1a-aede-9e92b0b7165a","Gourlay, R (on the application of) v The Parole Board [2017] EWCA Civ 1003","[""[2017] WLR(D) 474"", ""[2017] WLR 4107"", ""[2017] 1 WLR 4107"", ""[2017] EWCA Civ 1003""]; []",,"html"
"2d4b6dc8-935d-4650-82a8-8dc51b2677c6","Frade & Ors v Radford & Anor [2017] EWCA Civ 1010","[""[2017] EWCA Civ 1010""]; []",,"html"
"fe7cea7e-d01e-4b77-87c8-476be6a58abb","Bridgend County Borough Council v Boland & Anor [2017] EWCA Civ 1004","[""[2017] EWCA Civ 1004""]; []",,"html"
"3e09d0e8-a5c4-4169-83de-066a758b97d4","SAW (SW) 2010 Ltd & Anor v Wilson & Ors: The Validity of Floating Charges","[""2018 Ch 213"", ""2018 1 BCLC 291"", ""2017 WLR(D) 523"", ""2018 2 WLR 636"", ""2017 BCC 373"", ""2017 EWCA Civ 1001""]; []",,"html"
"700ee8c7-2be1-4d9c-8dda-af7221be191f","Williams v The Trustees of Swansea University Pension & Assurance Scheme & Anor","[""[2017] WLR(D) 476"", ""[2017] IRLR 882"", ""[2018] ICR 233"", ""[2018] ELR 142"", ""[2017] Pens LR 19"", ""[2017] EWCA Civ 1008""]; []",,"html"
"57797f26-5cc4-4535-bce9-8f2f5a5c42cf","Shaw v Kovac & Ors [2017] EWCA Civ 1028","[""[2017] 1 WLR 4773"", ""[2017] WLR 4773"", ""[2017] EWCA Civ 1028"", ""[2017] WLR(D) 486""]; []",,"html"
"59f1c6e2-4173-4487-9f28-1a5acd090d1c","NRAM Ltd v Evans & Ors [2017] EWCA Civ 1013","[""2018] 1 P &CR 3"", ""[2018] WLR 639"", ""[2017] BPIR 1273"", ""[2017] EWCA Civ 1013"", ""[2017] WLR(D) 491"", ""[2017] 2 P &CR DG27""]; []",,"html"
"5352b85c-c430-4cfe-b948-d2f8042a9dbf","Atlantisrealm Ltd v Intelligent Land Investments (Renewable Energy) Ltd","[""2017] BLR 489"", ""[2017] CP Rep 39"", ""[2017] WLR(D) 498"", ""[2018] 4 WLR 6"", ""[2017] EWCA Civ 1029""]; []",,"html"
"b447b6fd-e6df-4c64-8c7a-ccd1fa20dd3c","Ras Al Khaimah Investment Authority & Ors v Bestfort Development LLp & Ors [2017] EWCA Civ 1014","[""[2018] WLR 1099"", ""[2017] CP Rep 40"", ""[2017] WLR(D) 489"", ""[2017] EWCA Civ 1014"", ""[2018] 1 WLR 1099""]; []",,"html"
"b8de63a1-be7b-4764-8d72-2b529e7812b8","Tillman v Egon Zehnder Ltd [2017] EWCA Civ 1054","[""2018] ICR 574"", ""[2017] WLR(D) 492"", ""[2017] EWCA Civ 1054"", ""[2017] IRLR 906""]; []",,"html"
"3c1e2647-7360-438a-8d22-07a0aabde0d4","Christiana Properties Ltd v Annauth [2017] EWCA Civ 1070","[""2017] EWCA Civ 1070""]; []",,"html"
"2327feed-b592-4dcf-a1c4-1ea46fd42a00","Revenue and Customs v Hutchinson [2017] EWCA Civ 1075","[""[2018] WLR 1682"", ""[2017] WLR(D) 517"", ""[2018] 1 WLR 1682"", ""[2017] STC 2048"", ""[2017] EWCA Civ 1075"", ""[2017] BTC 24""]; []",,"html"
"79daf86e-8c1a-4ed9-aaf4-7d8d917b0669","The Secretary of State for the Home Department v SU [2017] EWCA Civ 1069","[""[2017] WLR(D) 501"", ""[2017] EWCA Civ 1069"", ""[2017] 4 WLR 175""]; []",,"html"
"656e26e4-9d99-451c-ac6e-35b83a37ba89","Re A (A CHILD) (supervised contact) (s91(14) Children Act 1989 orders) [2021] EWCA Civ 1749","[""2021] EWCA Civ 1749"", ""[2022] 4 WLR 26"", ""[2022] 1 FCR 337"", ""[2022] 1 FLR 1019"", ""[2021] WLR(D) 598"", ""[2022] 4 WLR 25""]; []",,"html"
"7158d373-4c78-4549-b49c-356e26b55395","Capita (Banstead 2011) Ltd & Anor v RFIB Group Ltd [2017] EWCA Civ 1032","[""[2017] EWCA Civ 1032""]; []",,"html"
"4d33f167-56be-4e08-9ffb-5286e2d1942e","Kupeli & Ors v Atlasjet Havacilik Anonim Sirketi","[""[2017] EWCA Civ 1037""]; []",,"html"
"3ade0032-d575-425c-850a-86f1701fb8bd","Knights v Secretary of State for Justice [2017] EWCA Civ 1053","[""2017] EWCA Civ 1053"", ""[2017] WLR(D) 511"", ""[2017] 4 WLR 134""]; []",,"html"
"8b5d1e09-b9d0-41dc-8e57-ef9662dc2224","Kensquare Ltd v Boakye [2021] EWCA Civ 1725","[""[2021] EWCA Civ 1725""]; []",,"html"
"40886710-e84d-4000-a4c2-f52e3b1acd31","Hussain v The Parole Board for England and Wales","[""[2017] 1 WLR 3748"", ""[2017] EWCA Civ 1074"", ""[2017] WLR (D) 499""]; []",,"html"
"781a46dd-2ffc-4006-b27d-1e04a9c9adb9","Amin v Amin: Family Financial Relief and Pension Sharing Order","[""2018] 1 FLR 1083"", ""[2017] 3 FCR 1"", ""[2017] 4 WLR 138"", ""[2017] EWCA Civ 1114"", ""[2017] WLR(D) 550""]; []",,"html"
"d18a7e9c-a930-43c5-a32d-bc205ffe00f8","SAE Education Ltd v Revenue And Customs","[""[2017] STC 2166"", ""[2017] BVC 37"", ""[2017] EWCA Civ 1116""]; []",,"html"
"83821fb0-ba9c-43e6-bb47-76a85327b471","CGL Group Ltd & Ors v The Royal Bank of Scotland Plc & National Westminster Bank Plc & Ors","[""[2017] CTLC 97"", ""[2017] 2 CLC 86"", ""[2017] EWCA Civ 1073"", ""[2018] WLR 2137"", ""[2018] 1 WLR 2137""]; []",,"html"
"c23ad941-7119-44c9-949b-cf9a03cb89a8","The Department for Communities And Local Government v Blackmore (Rev 1) [2017] EWCA Civ 1136","[""[2018] 2 WLR 139"", ""[2017] WLR(D) 521"", ""[2018] PIQR P1"", ""[2017] EWCA Civ 1136"", ""[2018] QB 471""]; []",,"html"
"4921c458-3361-438d-a152-b6b87d47c0fe","BAT Caribbean S.A. & Ors v PHP Tobacco Carib SARL & Ors","[""[2017] CP Rep 44"", ""[2017] 2 CLC 166"", ""[2017] EWCA Civ 1131""]; []",,"html"
"9dfdbb9e-4ac3-407b-826b-a2ce7f93d8d8","Park v CNH Industrial Capital Europe Ltd [2021] EWCA Civ 1766","[""2021] EWCA Civ 1766"", ""[2022] 2 All ER (Comm) 415"", ""[2022] 1 WLR 860"", ""[2021] WLR(D) 593"", ""[2022] 3 All ER 867"", ""[2022] WLR 860""]; []",,"html"
"c23b2756-1915-480c-9a3d-e10cc039bf8d","Skelton v DBS Homes (Kings Hill) Ltd","[""2017] 2 P &CR DG25"", ""[2018] L &TR 10"", ""[2017] EWCA Civ 1139"", ""[2017] HLR 38"", ""[2018] WLR 362"", ""[2017] WLR(D) 531"", ""[2018] 1 WLR 362""]; []",,"html"
"43c57ff6-c88e-4222-b69a-04a4ab9db640","Ukegheson v London Borough of Haringey [2017] EWCA Civ 1140","[""[2017] EWCA Civ 1140""]; []",,"html"
"04fb7fd1-311e-402f-8530-853dd8fb11b1","Sabbagh v Khoury & Ors [2017] EWCA Civ 1120","[""[2017] EWCA Civ 1120""]; []",,"html"
"33c480af-f9c1-4af6-ab84-a0b1c12307f1","Curzon v Wolstenholme & Ors","[""2018] WLR 4497"", ""2018] RVR 125"", ""2018] 1 P & CR 9"", ""2017] WLR(D) 530"", ""2017] L & TR 26"", ""2017] EWCA Civ 1098"", ""2018] 1 WLR 4497""]; []",,"html"
"7ebe446f-f92d-4a1c-9bb1-3a15dfc2675a","Vining v London Borough of Wandsworth [2017] EWCA Civ 1092","[""[2017] EWCA Civ 1092"", ""[2018] ICR 499"", ""[2017] WLR(D) 564"", ""[2017] IRLR 1140""]; []",,"html"
"2311d018-6071-4257-894e-096fde7df089","The Secretary of State for the Home Department v RM (Pakistan) [2021] EWCA Civ 1754","[""[2021] EWCA Civ 1754""]; []",,"html"
"7dd411ed-d24e-4ac7-b34a-ddecfd8aed6c","AM (Afghanistan) v Secretary of State for the Home Department [2017] EWCA Civ 1123","[""[2017] WLR(D) 527"", ""[2017] Imm AR 6"", ""[2018] 2 All ER 350"", ""[2017] CP Rep 41"", ""[2017] EWCA Civ 1123"", ""[2017] Imm AR 1508"", ""[2017] INLR 839"", ""[2018] 4 WLR 78""]; []",,"html"
"6f792d7a-8b1e-43f6-bb6d-860b79e1e55d","Secretary of State for the Home Department v GD (Ghana)","[""2017 INLR 882"", ""2018 Imm AR 63"", ""2017 EWCA Civ 1126""]; []",,"html"
"6db3a6d4-a65d-46ea-bc51-e666434ef39b","Re N-S (Children) [2017] EWCA Civ 1121","[""[2017] EWCA Civ 1121"", ""[2017] WLR(D) 529"", ""[2017] 4 WLR 133"", ""[2017] 3 FCR 137""]; []",,"html"
"3117e137-d636-468c-b7a2-f27fa75b171a","Fox-Davies v Burberry Plc","[""2017 WLR(D) 513"", ""2017 EWCA Civ 1129"", ""2018 Bus LR 332""]; []",,"html"
"42ddc59d-249f-452b-9e1e-6a4fbac2cab2","Ealing London Borough Council v H & Ors (On the Application of) [2017] EWCA Civ 1127","[""[2017] EWCA Civ 1127"", ""[2018] HLR 2"", ""[2018] PTSR 541"", ""[2017] WLR(D) 555""]; []",,"html"
"748bccda-2110-47b2-ab91-36cc47b9c6b5","Catalano v Espley-Tyas Development Group Ltd [2017] EWCA Civ 1132","[""[2017] EWCA Civ 1132""]; []",,"html"
"a886526a-44f6-4d3b-b324-227de2a59e2e","Powys County Council v Price & Anor [2017] EWCA Civ 1133","[""[2017] EWCA Civ 1133"", ""[2018] WLR 1717"", ""[2017] WLR(D) 522"", ""[2018] 1 WLR 1717"", ""[2018] Env LR 2""]; []",,"html"
"ad4bb845-9cdf-48ea-aa5e-2ff931c86d70","Clarise Properties Ltd v Rees & Anor [2017] EWCA Civ 1135","[""[2017] EWCA Civ 1135""]; []",,"html"
"103c8e43-39ed-4e30-8584-a207f007b02f","Carrington v Revenue and Customs","[""2022] WLR 2546"", ""2022] 1 WLR 2546"", ""2021] EWCA Civ 1724""]; []",,"html"
"0d4bec1b-9bd7-4eed-a699-37c881a80c82","Sharp & Anor, R (On the Application Of) v North Essex Magistrates Court","[""2017 EWCA Civ 1143"", ""2017 1 WLR 3789"", ""2017 WLR(D) 538""]; []",,"html"
"ea88cbea-aab2-49fe-8517-9293b5396e0e","Bradbury v British Broadcasting Corporation [2017] EWCA Civ 1144","[""2017] Pens LR 20"", ""[2017] WLR(D) 532"", ""[2017] EWCA Civ 1144"", ""[2018] ICR 61""]; []",,"html"
"00866a79-ad67-4e4e-ba61-1993c35d5d66","Re L (Children) [2017] EWCA Civ 1137","[""[2017] 4 WLR 141"", ""[2017] WLR(D) 548"", ""[2017] EWCA Civ 1137""]; []",,"html"
"c6d864ce-909f-4810-81a4-e4ac97219e97","Stevensdrake Ltd (t/a Stevensdrake Solicitors) v Hunt [2017] EWCA Civ 1173","[""2017] BCC 611"", ""[2017] EWCA Civ 1173""]; []",,"html"
"2a93e9c4-8223-479d-9a13-8652615d560e","Campbell v Bromley Magistrates' Court [2017] EWCA Civ 1161","[""[2017] EWCA Civ 1161""]; []",,"html"
"68e860f3-4c50-45c8-b812-56f25e733977","Randhawa & Anor v Turpin & Anor - Insolvency Act Administration Appointment Validity","[""[2017] BCC 406"", ""[2017] WLR(D) 544"", ""[2018] Ch 511"", ""[2018] 2 WLR 1175"", ""[2017] EWCA Civ 1201""]; []",,"html"
"ed1129b7-3b90-490b-b4eb-11007e2898b3","BAE Systems (Operations) Ltd v Konczak [2017] EWCA Civ 1188","[""[2018] ICR 1"", ""[2017] WLR(D) 541"", ""[2017] EWCA Civ 1188"", ""[2017] IRLR 893""]; []",,"html"
"0f1397db-ed20-4e8c-b81a-3554dfdbcb2a","MS & Anor v The Secretary of State for the Home Department [2017] EWCA Civ 1190","[""[2018] WLR 389"", ""[2018] Imm AR 117"", ""[2017] WLR(D) 542"", ""[2017] EWCA Civ 1190"", ""[2018] 1 WLR 389""]; []",,"html"
"a89f6084-5e72-4fa5-b904-98d51d732a1d","Director of Legal Aid Casework & Ors v Briggs","[""[2018] 2 WLR 152"", ""[2018] 2 All ER 990"", ""(2017) 158 BMLR 88"", ""[2017] EWCA Civ 1169"", ""[2017] COPLR 370"", ""[2017] WLR(D) 535"", ""[2017] CP Rep 45"", ""[2018] Fam 63""]; []",,"html"
"5b3c080f-c58b-40db-acc4-59aca37b2a05","Main & Orsv v Giambrone & Law (2017) - Liability for Breach of Trust","[""[2017] EWCA Civ 1193""]; []",,"html"
"ccd92036-7df8-472d-bcd5-53615e8a0476","IBM United Kingdom Holdings Ltd & Anor v Dalgleish & Ors [2017] EWCA Civ 1212","[""[2018] IRLR 4"", ""[2018] ICR 1681"", ""[2017] EWCA Civ 1212"", ""[2017] WLR(D) 545"", ""[2018] Pens LR 1""]; []",,"html"
"0dffc6ac-3baa-4cbd-b58b-9b362303e836","EUI Ltd v UK Vodafone Ltd","[""[2021] EWCA Civ 1771""]; []",,"html"
"37322248-7ff9-40fc-81db-2c85731a6f2d","Commodities Research Unit International (Holdings) Ltd & Ors v QSP Residual Recoveries LLP","[""[2017] EWCA Civ 1197""]; []",,"html"
"857075c7-928d-457d-ae1d-6be54e731b8f","Mionis v Democratic Press SA & Ors [2017] EWCA Civ 1194","[""2018 QB 662"", ""2017 WLR(D) 565"", ""2018 2 WLR 565"", ""2017 EWCA Civ 1194"", ""2018 EMLR 4""]; []",,"html"
"5a6cb8d0-5885-40cf-a666-6e16583cbdca","Hart v Hart [2017] EWCA Civ 1306","[""[2017] 3 FCR 343"", ""[2018] 2 WLR 509"", ""[2018] 1 FLR 1283"", ""[2018] Fam 93"", ""[2017] EWCA Civ 1306"", ""[2017] WLR(D) 585""]; []",,"html"
"2a0c69d5-d725-4ae4-988b-5086e522d161","Irvine v The General Medical Council [2017] EWCA Civ 1296","[""[2017] EWCA Civ 1296""]; []",,"html"
"f5b8b953-e111-4e41-97fc-f9bc4469dd4a","South Gloucestershire Council v Burge & Anor [2017] EWCA Civ 1313","[""[2018] PTSR 485"", ""[2017] EWCA Civ 1313"", ""[2017] WLR(D) 628""]; []",,"html"
"19fa4c00-9fe9-458e-9201-3c5f0ae2662f","Mulugeta Guadie Mengiste & Anor v Endowment Fund for the Rehabilitation of Tigray & Ors","[""[2017] EWCA Civ 1326""]; []",,"html"
"c4801ec2-dce9-41df-8e87-15fb389a046d","Dickinson & Anor v Cassillas [2017] EWCA Civ 1254","[""2018 1 P & CR 8"", ""2018 JPL 144"", ""2017 EWCA Civ 1254"", ""2017 HLR 43""]; []",,"html"
"b0c5e89e-dff7-47ab-9b9e-571979a27db8","Adewunmi v Secretary of State for the Home Department","[""[2017] EWCA Civ 1253""]; []",,"html"
"31ec4914-0384-4442-a7c4-2067fe7c1aec","London Borough of Southwark & Anor v Transport for London","[""[2017] WLR(D) 546"", ""[2018] PTSR 333"", ""[2017] EWCA Civ 1220""]; []",,"html"
"4490737b-8980-427e-a041-655876be7e66","Durrant v Chief Constable of Avon & Somerset Constabulary","[""2017] EWCA Civ 1275""]; []",,"html"
"ba52918d-769c-4a45-b561-e4fbc220b155","AS v Secretary of State for the Home Department","[""[2017] EWCA Civ 1284"", ""[2018] Imm AR 169""]; []",,"html"
"565f5e91-7c54-4337-a905-cf672da54e73","Ciftci v London Borough of Haringey","[""2021] EWCA Civ 1772""]; []",,"html"
"c4a822cc-6b52-4913-bf0d-44e5a274399e","The Law Society of England and Wales v Schubert Murphy (A Firm) [2017] EWCA Civ 1295","[""[2017] WLR(D) 583"", ""[2017] EWCA Civ 1295"", ""[2017] 4 WLR 200""]; []",,"html"
"fd38f8f6-927b-4cd2-acfb-6fe040f547ac","Zai Corporate Finance Ltd v AIM Disciplinary Committee of the London Stock Exchange Plc & Anor","[""[2017] EWCA Civ 1294"", ""[2017] WLR(D) 584"", ""[2017] Bus LR 2139""]; []",,"html"
"0c23fc23-4a82-438e-8579-7c9774beb588","Thomas v Hugh James Ford Simey Solicitors [2017] EWCA Civ 1303","[""[2017] EWCA Civ 1303""]; []",,"html"
"2e4002bc-bd9b-4d00-a282-156d7a61f5b8","Doherty v The Nursing and Midwifery Council","[""[2017] EWCA Civ 1344"", ""[2017] WLR(D) 621"", ""[2018] 1 WLR 1234""]; []",,"html"
"560e2cff-cd1c-42fb-b6d9-a4f27a9d31a4","Lachaux v Independent Print Limited: Defamation Test for Serious Harm","[""2018] 2 WLR 387"", ""[2017] EWCA Civ 1334"", ""[2018] QB 594"", ""[2018] EMLR 1""]; []",,"html"
"708eaa11-04f4-47fc-81d4-11122d4c4938","Re AH (Serious Medical Treatment) [2021] EWCA Civ 1768","[""[2022] 1 WLR 2437"", ""[2022] COPLR 253"", ""[2022] 2 All ER 909"", ""(2022) 184 BMLR 1"", ""[2022] WLR 2437"", ""[2021] EWCA Civ 1768""]; []",,"html"
"f6d823a7-f5e7-4603-b28e-07740f3214bd","Penhallurick v MD5 Ltd [2021] EWCA Civ 1770","[""[2021] EWCA Civ 1770""]; []",,"html"
"3954740d-e176-4b77-831a-0e90f922ea25","Lisle-Mainwaring v Carroll [2017] EWCA Civ 1315","[""2017] EWCA Civ 1315""]; []",,"html"
"31cfa701-5a3f-478d-bd6d-9990826f73d5","Mansell v Tonbridge and Malling Borough Council","[""[2017] EWCA Civ 1314"", ""[2019] PTSR 1452""]; []",,"html"
"d30faf1d-ee41-4583-9671-6efcaf57e4e7","Davey, R (on the application of) v Oxfordshire County Council & Ors [2017] EWCA Civ 1308","[""[2018] PTSR 281"", ""[2017] EWCA Civ 1308"", ""[2017] WLR(D) 590""]; []",,"html"
"f58278cd-9171-4c14-bee7-3b26c30b08ec","Lachaux v Independent Print Ltd [2017] EWCA Civ 1327","[""[2017] EWCA Civ 1327""]; []",,"html"
"99b61081-ab4b-43fc-9c03-8f4b963bcf3c","Rooney & Anor v CSE Bournemouth Ltd [2010] EWCA Civ 1364","[""[2010] EWCA Civ 1364""]; []",,"html"
"4f83952b-7f9e-4db4-b2e9-d7ec74614037","The Secretary of State for the Home Department v KE (Nigeria) [2017] EWCA Civ 1382","[""[2017] EWCA Civ 1382"", ""[2018] Imm AR 286"", ""[2017] WLR(D) 608"", ""[2017] WLR(D) 612"", ""[2018] WLR 2610"", ""[2018] INLR 147"", ""[2018] 1 WLR 2610""]; []",,"html"
"4b1144b2-2c97-48a1-8fd0-8ebbb0e8a2ce","Ahir v British Airways Plc [2017] EWCA Civ 1392","[""2017] EWCA Civ 1392""]; []",,"html"
"14781bc9-d68a-4839-ab48-ad83f6c1df33","National Health Service Commissioning Board v Silovsky & Anor [2017] EWCA Civ 1389","[""[2017] EWCA Civ 1389""]; []",,"html"
"814361bf-d8aa-48a0-964c-addf2f4c65bc","Watt v Dignan & Ors [2017] EWCA Civ 1390","[""[2017] EWCA Civ 1390""]; []",,"html"
"e85f8f0d-68e4-4173-a6de-29019865c57e","Secretary of State for the Home Department v Abbas","[""[2018] 2 All ER 156"", ""[2018] Imm AR 319"", ""[2017] EWCA Civ 1393"", ""[2018] 1 WLR 533"", ""[2018] WLR 533"", ""[2017] WLR(D) 629""]; []",,"html"
"74b7803e-5c85-4959-a69a-e13bd22a1636","HM Revenue and Customs v Citibank NA & Anor","[""[2017] BVC 47"", ""[2017] EWCA Civ 1416"", ""[2018] WLR 1524"", ""[2018] 1 WLR 1524"", ""[2017] WLR(D) 657""]; []",,"html"
"fd6cc9fd-2a86-49b6-ac15-4e1f5f3533ba","Yang v The Official Receiver [2017] EWCA Civ 1465","[""[2018] RVR 152"", ""[2018] BPIR 255"", ""[2017] EWCA Civ 1465"", ""[2018] 2 WLR 307"", ""[2017] WLR(D) 652"", ""[2018] Ch 178""]; []",,"html"
"3281afc3-4858-4103-820a-3ac1a2839eb4","Zimina v Zimin [2017] EWCA Civ 1429","[""[2017] EWCA Civ 1429""]; []",,"html"
"fbee7694-8af8-421a-91b2-aab17efa753b","Chief Inspector of Education, Children's Services and Skills v The Interim Executive Board of Al-Hijrah School","[""[2018] 1 All ER 1024"", ""[2018] 1 WLR 1471"", ""[2018] IRLR 334"", ""[2018] ELR 25"", ""[2017] WLR(D) 664"", ""[2017] EWCA Civ 1426"", ""[2018] WLR 1471""]; []",,"html"
"3bc44550-e115-448b-82b6-d7c9d69cb1ea","Burlington Loan Management Ltd & Ors v Lomas & Ors [2017] EWCA Civ 1462","[""[2017] WLR(D) 699"", ""[2018] Bus LR 508"", ""[2017] EWCA Civ 1462""]; []",,"html"
"9fd09062-9946-4636-8374-8ca95811604d","Degorce v Revenue and Customs [2017] EWCA Civ 1427","[""[2017] BTC 26"", ""[2018] 4 WLR 79"", ""[2017] WLR(D) 639"", ""[2017] STC 2226"", ""[2017] STI 2180"", ""[2017] EWCA Civ 1427""]; []",,"html"
"b002b64c-22e2-4756-8c69-ad71ea0e111b","ABN AMRO Bank N.V. v Royal & Sun Alliance Insurance Plc & Ors","[""2022 WLR 1773"", ""2022 1 WLR 1773"", ""2021 EWCA Civ 1789"", ""2022 2 All ER (Comm) 665""]; []",,"html"
"0802fa28-d100-4481-a89a-42e8335f65f4","Harris v London Borough of Hounslow","[""[2017] WLR(D) 644"", ""[2017] EWCA Civ 1476"", ""[2018] PTSR 1349""]; []",,"html"
"14ebc789-a5aa-49d8-8b20-df507f5de6e9","MM Packaging (UK) Ltd v Philip Potter & Ors [2017] EWCA Civ 1471","[""2017] EWCA Civ 1471""]; []",,"html"
"90c8e6f6-a09a-4e52-9253-887e2756f6dc","Ipswich Town Football Club Company Ltd v The Chief Constable of Suffolk Constabulary","[""[2017] WLR(D) 651"", ""[2017] EWCA Civ 1484"", ""[2017] 4 WLR 195""]; []",,"html"
"2733aa11-717a-42e6-9a97-77f01ce935a3","Safeway Ltd v Newton & Anor [2017] EWCA Civ 1482: Equalization of Pension Ages","[""2018"", ""Pens LR 2"", ""2017 EWCA Civ 1482""]; []",,"html"
"f43dfca6-7970-45a7-8628-c39ffb9a9141","Visa Joy Ltd & Anor v Office of the Immigration Services Commissioner [2017] EWCA Civ 1473","[""[2018] WLR 2273"", ""[2017] EWCA Civ 1473"", ""[2017] WLR(D) 636"", ""[2018] 1 WLR 2273""]; []",,"html"
"bb9b5cfd-8542-41bb-9d13-37b67de8f79d","Entry Clearance Officer, Sierra Leone v Kopoi [2017] EWCA Civ 1511","[""[2017] EWCA Civ 1511"", ""[2018] Imm AR 330""]; []",,"html"
"a9cf33e7-0e30-40d0-ab86-4ef1a366290f","Secure Capital SA v Credit Suisse AG [2017] EWCA Civ 1486","[""[2017] EWCA Civ 1486""]; []",,"html"
"d2dc29e9-49de-4e8b-a0a2-bccee8d2877d","Kovarska v Otkritie International Investment Management Ltd & Ors [2017] EWCA Civ 1485","[""[2017] EWCA Civ 1485""]; []",,"html"
"06d995ff-1f8e-4eac-8b66-6d3bc3f40386","Barclays Wealth Trustees (Jersey) Ltd v Revenue And Customs","[""[2017] EWCA Civ 1512"", ""[2017] WLR(D) 661"", ""[2018] WLR 2312"", ""[2018] 1 WLR 2312"", ""[2017] WTLR 917"", ""[2017] STC 2465"", ""[2017] BTC 27""]; []",,"html"
"5c6ddbd5-10a1-41c1-9f11-a6d773d0729d","Bedford County Council v GE (Eritrea) [2017] EWCA Civ 1521","[""[2017] EWCA Civ 1521""]; []",,"html"
"4021e392-0f48-415e-9eeb-91cc389ae386","McKeown v Langer [2021] EWCA Civ 1792 - Costs Discretion in Litigation","[""2022] Costs LR 17"", ""[2022] 1 BCLC 471"", ""[2022] 1 WLR 1255"", ""[2021] EWCA Civ 1792""]; []",,"html"
"f7610f00-05f1-42a2-a8fc-c275840ccf6c","Windhorst v Levy [2021] EWCA Civ 1802","[""[2022] 2 BCLC 264"", ""[2022] BPIR 626"", ""[2021] EWCA Civ 1802""]; []",,"html"
"6a48f19b-d844-4e93-927c-a7f5199507c2","Pan Petroleum Aje Ltd v Yinka Folawiyo Petroleum Co Ltd & Ors [2017] EWCA Civ 1525","[""[2017] EWCA Civ 1525""]; []",,"html"
"782362e7-7a88-4818-abbb-551f182f8659","Lungowe & Ors v Vedanta Resources Plc & Anor [2017] EWCA Civ 1528","[""[2017] EWCA Civ 1528"", ""[2018] 1 WLR 3575"", ""[2017] BLR 585"", ""[2017] BCC 787"", ""[2017] WLR(D) 741""]; []",,"html"
"bb12d8f2-60fe-4293-9d65-1ccd21a49208","Bukovsky v Crown Prosecution Service [2017] EWCA Civ 1529","[""[2017] EWCA Civ 1529""]; []",,"html"
"21a7ea99-7f76-412d-aa64-1f02a45d9e00","Koninklijke Philips N.V. v Asustek Computer Incorporation & Ors [2017] EWCA Civ 1526","[""2017] EWCA Civ 1526""]; []",,"html"
"709f5438-0a23-4fca-8f7c-203f2fce0270","Building Design Partnership Ltd v Standard Life Assurance Ltd [2021] EWCA Civ 1793","[""[2021] EWCA Civ 1793"", ""[2022] 1 WLR 878"", ""199 Con LR 1"", ""[2022] WLR 878"", ""[2022] PNLR 10""]; []",,"html"
"13883cb9-19dc-4cfb-bea1-da6ae6482579","Burrows Investments Ltd v Ward Homes Ltd [2017] EWCA Civ 1577","[""[2017] EWCA Civ 1577""]; []",,"html"
"a896cc76-08ed-434b-ad06-299ad84b0e18","Gahan v Emirates [2017] EWCA Civ 1530","[""[2018] 1 Lloyd's Rep 341"", ""[2018] 1 WLR 2287"", ""[2017] WLR(D) 655"", ""[2017] EWCA Civ 1530"", ""[2018] CTLC 7""]; []",,"html"
"963b09af-bb48-454a-ac81-1650b3af65a6","AS (Iran) v The Secretary of State for the Home Department [2017] EWCA Civ 1539","[""[2017] EWCA Civ 1539""]; []",,"html"
"ec84f7ce-3b33-434a-a2f6-8a1d57be1e2f","Alireza v Radwan & Ors [2017] EWCA Civ 1545","[""[2017] 4 WLR 206"", ""[2017] EWCA Civ 1545"", ""[2018] 1 FCR 289"", ""[2018] 1 FLR 1333"", ""[2017] WLR(D) 653""]; []",,"html"
"b27c1084-b4b9-4323-906f-9e6f7a12a4b2","Proctor v The Chief Constable of Cleveland Police [2017] EWCA Civ 1531","[""[2017] EWCA Civ 1531""]; []",,"html"
"432b52a2-0d9a-436f-b994-c26059909bed","Doka v London Borough of Southwark [2017] EWCA Civ 1532","[""2017""]; []",,"html"
"d87be189-929e-46b9-a816-f52abf5be9f9","Fletcher v Keatley [2017] EWCA Civ 1540","[""[2017] EWCA Civ 1540""]; []",,"html"
"089fcaf4-9c71-4fe5-a81a-b883c252ae99","Burn v Alder Hey Children's NHS Foundation Trust (Rev1)","[""[2021] EWCA Civ 1791"", ""[2022] ICR 492"", ""(2022) 184 BMLR 108"", ""[2022] IRLR 306"", ""[2021] EWCA Civ 1791""]; []",,"html"
"c3097787-da28-43f5-8560-9fde3170f769","Re B (A Child) [2017] EWCA Civ 1579","[""[2018] 1 FCR 226"", ""[2017] EWCA Civ 1579"", ""[2018] 1 FLR 1205"", ""[2017] WLR(D) 706""]; []",,"html"
"e89ccd9c-7d84-49ce-8b1d-ba822ec73e0a","L-S (Child) [2017] EWCA Civ 1551","[""[2017] EWCA Civ 1551""]; []",,"html"
"e705449f-702f-4a4f-89c1-2e030995b8e7","UBS AG (London Branch) & Anor v Kommunale Wasserwerke Leipzig GmbH [2017] EWCA Civ 1567","[""[2017] EWCA Civ 1567""]; []",,"html"
"051a95b9-9e1e-4fe6-b5c8-8b16148d7dcb","PJSC Tatneft v Bogolyubov & Ors","[""2018] 4 WLR 14"", ""[2017] EWCA Civ 1581"", ""[2017] WLR(D) 684""]; []",,"html"
"ca7713b3-ed3a-4bd0-8ef1-9e93200a1ed6","Navigator Equities Ltd & Anor v Deripaska","[""[2021] EWCA Civ 1799"", ""[2022] 1 WLR 3656""]; []",,"html"
"38e3e38a-4500-4e22-a3c9-8a7039e32393","R v R & Anor [2017] EWCA Civ 1588: Reporting Restrictions in Matrimonial Proceedings","[""2018] 1 FCR 456"", ""[2017] EWCA Civ 1588"", ""[2018] 1 FLR 1035""]; []",,"html"
"fef9f8de-a988-4fc0-9f09-18d9bb4f5afa","Panayiotou v London Borough of Waltham Forest; Smith v London Borough of Haringey","[""[2017] EWCA Civ 1624"", ""[2018] 2 WLR 1439"", ""[2018] QB 1232"", ""[2017] WLR(D) 688"", ""[2017] HLR 48""]; []",,"html"
"471b7d07-0869-49d1-b3cc-23a6dceb9c80","Routier & Anor v Revenue And Customs [2017] EWCA Civ 1584","[""2018] WLR 3013"", ""[2017] WTLR 1119"", ""[2018] 1 WLR 3013"", ""[2017] WLR(D) 672"", ""[2018] STC 910"", ""[2017] EWCA Civ 1584"", ""[2018] PTSR 1063"", ""[2017] BTC 28""]; []",,"html"
"a14d890c-d227-465b-b824-e45c23e841d3","Koza Ltd & Anor v Akcil & Ors","[""2017] EWCA Civ 1609"", ""[2018] 1 BCLC 591""]; []",,"html"
"c42ac4c8-4630-4f83-8b40-7cff59e33b34","Torbay Council v Torbay Quality Care Forum Ltd","[""2017""]; [""[2017] WLR(D) 689"", ""[2018] PTSR 923"", ""[2017] EWCA Civ 1605""]",,"html"
"986b8288-ca7b-4948-ad0a-86f713a86fbc","Agyemang v The London Borough of Haringey","[""[2017] EWCA Civ 1630""]; []",,"html"
"c3390841-5a54-4f5d-acac-2c964270e8be","HRH the Duchess of Sussex v Associated Newspapers Ltd","[""2022] ECDR 13"", ""[2021] EWCA Civ 1810"", ""[2022] 3 All ER 539"", ""[2022] 4 WLR 81"", ""[2022] FSR 7"", ""[2022] EMLR 7""]; []",,"html"
"00a50318-6637-44b6-b5ec-b518c7f03827","B (Children) [2017] EWCA Civ 1635 – Appeal Regarding Custodial Orders","[""[2017] WLR(D) 769"", ""[2018] 4 WLR 12"", ""[2017] EWCA Civ 1635""]; []",,"html"
"2804c1f5-ed18-468b-9e8a-42fe73516224","Ham v The Governing Body of Beardwood Humanities College [2017] EWCA Civ 1629","[""[2017] EWCA Civ 1629""]; []",,"html"
"384e0c8e-cdd6-4cc9-b403-66e1f4f34acd","Royal Mail Ltd v Jhuti [2017] EWCA Civ 1632","[""[2017] WLR(D) 697"", ""[2017] EWCA Civ 1632"", ""[2018] IRLR 251"", ""[2018] ICR 982""]; []",,"html"
"d944d576-d4a0-4fc6-b005-a295d5458889","St Modwen Developments Ltd v Secretary of State for Communities and Local Government & Ors","[""2018 PTSR 746"", ""2017 EWCA Civ 1643""]; []",,"html"
"0145d706-feda-4c57-a3b5-71f287c49550","Wilmot v Maughan [2017] EWCA Civ 1668 - Appeal on Email Service Validity","[""[2018] 1 FCR 465"", ""[2018] 1 WLR 2356"", ""[2017] EWCA Civ 1668"", ""[2018] 1 FLR 1306"", ""[2017] WLR(D) 756"", ""[2018] WLR 2356""]; []",,"html"
"720d4978-9aa7-4781-800d-1b1ad019508d","Nord Naphtha Ltd v New Stream Trading AG","[""[2021] EWCA Civ 1829""]; []",,"html"
"76746466-4f0b-4910-af5d-003ebd20dba8","Pawley v Whitecross Dental Care Ltd & Anor","[""[2021] EWCA Civ 1827"", ""[2022] PNLR 8"", ""[2022] 1 WLR 2577"", ""[2022] WLR 2577""]; []",,"html"
"a200f2db-0430-4dda-8489-69f921694a45","Kamoka & Ors v Security Service & Ors [2017] EWCA Civ 1665","[""[2017] WLR(D) 748"", ""[2017] EWCA Civ 1665""]; []",,"html"
"fef99d48-c0b9-4d02-a835-f070d0242a82","The Secretary of State for the Home Department v JM (Zimbabwe)","[""[2017] EWCA Civ 1669"", ""[2018] Imm AR 352"", ""[2018] 2 All ER 1015"", ""[2018] 1 WLR 2329"", ""[2017] WLR(D) 702""]; []",,"html"
"2bf36b57-0b87-413f-9dc2-3c88ab68a47d","GP (A Child) [2017] EWCA Civ 1677","[""[2018] 4 WLR 16"", ""[2017] EWCA Civ 1677"", ""[2018] 1 FCR 638"", ""[2017] WLR(D) 731"", ""[2018] 1 FLR 892""]; []",,"html"
"dae53b78-51aa-4de7-9d5d-d2f965947b6c","Birmingham City Council v D (A Child) [2017] EWCA Civ 1695","[""[2018] COPLR 1"", ""[2018] PTSR 1791"", ""[2017] EWCA Civ 1695"", ""[2018] 2 FLR 13"", ""(2018) 160 BMLR 61""]; []",,"html"
"c8d6483e-f1cc-4c3e-b512-7cc39b8d4be7","Charman v Revenue And Customs [2021] EWCA Civ 1804","[""[2021] EWCA Civ 1804""]; []",,"html"
"8400e09a-4f07-4593-a124-f177bf2d39e5","Actavis Group PTC EHF & Anor v Teva UK Ltd & Ors [2017] EWCA Civ 1671","[""[2017] EWCA Civ 1671"", ""[2018] RPC 7"", ""(2018) 159 BMLR 108""]; []",,"html"
"484cd280-9793-4a82-b262-1159007d6d1d","Khaira & Ors v Shergill & Ors [2017] EWCA Civ 1687","[""2017] EWCA Civ 1687"", ""[2018] 1 WLR 175"", ""[2017] WLR(D) 721"", ""[2018] 3 All ER 44"", ""[2017] 5 Costs LR 953""]; []",,"html"
"3f0bad2b-cb8e-4b00-95f7-e5214454f9ac","Tinsley v Manchester City Council & Ors [2017] EWCA Civ 1704","[""[2018] QB 767"", ""[2018] 2 WLR 973"", ""(2017) 20 CCL Rep 455"", ""[2017] WLR(D) 733"", ""[2017] MHLR 381"", ""(2018) 159 BMLR 154"", ""[2017] EWCA Civ 1704""]; []",,"html"
"fb29ccaf-555b-4f7f-b65c-61ddf64a1476","Howlett v & Anor [2017] EWCA Civ 1696: Costs Order and Qualified One-Way Costs Shifting","[""2017] EWCA Civ 1696"", ""[2018] WLR 948"", ""[2018] RTR 3"", ""[2017] 6 Costs LO 761"", ""[2018] PIQR Q3"", ""[2017] WLR(D) 715""]; []",,"html"
"11537398-46ca-4003-b0b6-add0dcf0a2fe","Sino Channel Asia Ltd v Dana Shipping & Trading PTE Singapore & Anor","[""[2018] Bus LR 532"", ""[2017] EWCA Civ 1703""]; []",,"html"
"6c7d3d1b-05db-4a17-b56b-60be0246faf3","Kamki v The Secretary of State for the Home Department [2017] EWCA Civ 1715","[""[2017] EWCA Civ 1715""]; []",,"html"
"5344c340-f064-4580-8e7d-1fb379d32a09","The Pennine Acute Hospitals NHS Trust v De Meza","[""[2017] EWCA Civ 1711""]; []",,"html"
"45a5d8ea-db23-409f-a868-c43d86700767","Decker v Secretary of State for the Home Department","[""[2017] WLR(D) 786"", ""[2018] WLR 4233"", ""[2017] EWCA Civ 1752"", ""[2018] 1 WLR 4233"", ""[2018] Imm AR 420""]; []",,"html"
"34e69d5b-5fa0-4ad9-b020-9cf0e277faae","Herculito Maritime Ltd & Ors v Gunvor International BV & Ors ""POLAR"" [2021] EWCA Civ 1828","[""[2022] Bus LR 441"", ""[2022] WLR(D) 4"", ""[2021] EWCA Civ 1828"", ""[2022] 2 All ER (Comm) 1061""]; []",,"html"
"fe89b97d-f84f-401b-8d47-269b4acde21c","Judicial Review of Planning Permission: Harvey v Mendip District Council","[""2017 EWCA Civ 1784""]; []",,"html"
"35a9e4c7-94b1-43d4-9c04-ae730d77611b","Chief Inspector of Education, Children's Services and Skills v The Interim Executive Board of Al-Hijrah School","[""[2017] EWCA Civ 1787""]; []",,"html"
"4389a460-0acf-4f09-9013-6c1b17073edf","Re T (A Child: Adoption or Special Guardianship) [2017]","[""[2017] EWCA Civ 1797""]; []",,"html"
"48610ba0-2dab-45cf-813f-3e54d7ebb2ba","Re H (A Child: Surrogacy Breakdown) [2017] EWCA Civ 1798","[""[2017] EWCA Civ 1798""]; []",,"html"
"d981d671-558c-4e39-9bef-d4b77fbe1f92","Cheema v Jones & Ors [2017] EWCA Civ 1706","[""[2017] EWCA Civ 1706""]; []",,"html"
"e7adf136-e167-4edf-9a2c-384f4193bc81","Glencore Energy UK Ltd v Revenue and Customs","[""2017"", ""BTC 32"", ""2017 EWCA Civ 1716"", ""2018 STC 51"", ""2017 4 WLR 213"", ""2017 WLR(D) 723""]; []",,"html"
"ec489fb6-b45c-4053-bbab-900da03d83e1","The London Taxi Corporation Ltd (t/a the London Taxi Company) v Frazer-Nash Research Ltd & Anor","[""2018] ETMR 7"", ""[2017] EWCA Civ 1729""]; []",,"html"
"299f9264-4df4-4299-8053-2c4c7fc5cc90","The Secretary of State for Work and Pensions v Gubeladze","[""[2017] EWCA Civ 1751"", ""[2018] 1 WLR 3324"", ""[2017] WLR(D) 798"", ""[2018] 2 All ER 228"", ""[2018] WLR 3324""]; []",,"html"
"492a067f-5341-4cca-b7bc-185de6bfd138","Shittu v The Home Office [2017] EWCA Civ 1748","[""[2017] EWCA Civ 1748""]; []",,"html"
"fb731126-b82d-44be-89a6-4d591e8a6f62","Khan v Secretary of State for the Home Department & Anor [2017] EWCA Civ 1755","[""[2018] INLR 39"", ""[2017] WLR(D) 747"", ""[2018] Imm AR 440"", ""[2017] EWCA Civ 1755"", ""[2018] 1 WLR 1256""]; []",,"html"
"b1713859-2d35-4fdd-aaf6-87e1004e2d7e","Adam Architecture Ltd v Halsbury Homes Ltd [2017] EWCA Civ 1735","[""[2017] EWCA Civ 1735"", ""[2018] BLR 1"", ""(2018) 34 Const LJ 203"", ""175 Con LR 1"", ""[2018] 1 WLR 3739"", ""[2018] WLR 3739"", ""4 Const LJ 203"", ""[2018] 2 All ER 487"", ""[2018] 2 All ER (Comm) 44""]; []",,"html"
"02a8936e-3ba0-4ada-ad37-e2c46d005cdf","Arthur v Revenue And Customs [2017] EWCA Civ 1756","[""2017] EWCA Civ 1756"", ""[2018] STC 1"", ""[2017] STI 2271"", ""[2017] BTC 33""]; []",,"html"
"fa87b5d2-bccf-48d6-82fb-b7a15d87f85a","The Secretary of State for the Home Department v AM (Jamaica)","[""[2017] EWCA Civ 1782""]; []",,"html"
"a52d6938-7f30-4696-9eb7-05a9e783b2e8","Secretary of State for the Home Department v Onuorah","[""2017] EWCA Civ 1757""]; []",,"html"
"d8d7531b-858b-4a71-9cd0-aa8c9ca73558","BNM v MGN Ltd [2017] EWCA Civ 1767","[""[2017] EWCA Civ 1767"", ""[2017] 6 Costs LO 829"", ""[2018] 1 WLR 1450"", ""[2018] WLR 1450"", ""[2018] WLR 4570"", ""[2018] EMLR 10"", ""[2017] WLR(D) 739""]; []",,"html"
"52a634fa-1c41-4d36-9288-db4b235cabfe","The Welsh Ministers v Price & Anor","[""[2017] WLR(D) 749"", ""[2018] 1 BCLC 1"", ""[2018] BCC 93"", ""[2018] WLR 738"", ""[2017] EWCA Civ 1768"", ""[2018] 1 All ER (Comm) 1108"", ""[2018] 1 WLR 738"", ""[2018] 2 All ER 860""]; []",,"html"
"c335446a-45bc-4e2b-b9df-2012c7f47750","Durrant v Chief Constable of Avon & Somerset Constabulary","[""[2018] ICR D1"", ""[2017] EWCA Civ 1808""]; []",,"html"
"897f8770-e715-4887-a379-4617e426f532","Link Spolka Z O.O. & Ors v Secretary of State for the Home Department [2021] EWCA Civ 1830","[""[2021] EWCA Civ 1830""]; []",,"html"
"40fa32e7-df65-4ef0-a001-70a37a8a5b0a","Smith & Anor v Royal Bank of Scotland Plc [2021] EWCA Civ 1832","[""[2021] CTLC 163"", ""[2022] ECC 17"", ""[2022] 1 WLR 2136"", ""[2022] WLR(D) 69"", ""[2021] EWCA Civ 1832"", ""[2022] 2 All ER (Comm) 761"", ""[2022] WLR 2136""]; []",,"html"
"3ed2654b-4b1b-44a8-95da-6a72c8cb9fd0","Helios Oryx Ltd v Trustco Group Holdings Ltd","[""[2021] EWCA Civ 1845""]; []",,"html"
"13fa536f-96b4-41bb-961a-7a7d22417ae4","On Tower UK Ltd v JH & FW Green Ltd [2021] EWCA Civ 1858","[""[2021] EWCA Civ 1858""]; []",,"html"
"ba1f1394-cc3d-45a1-b88f-13b9582ac1a3","A Mother v Derby City Council & Anor [2021] EWCA Civ 1867","[""[2021] WLR(D) 630"", ""[2021] EWCA Civ 1867"", ""[2022] 2 WLR 893"", ""[2022] Fam 351""]; []",,"html"
"79d5937f-0fce-4aaf-bcbe-e5f1c3d1b114","Spicejet Ltd v De Havilland Aircraft of Canada Ltd [2021] EWCA Civ 1834","[""[2021] EWCA Civ 1834""]; []",,"html"
"6efd1166-2e1a-4c31-a25d-070069212ab0","SD, R (On the Application Of) v The Chief Constable of North Yorkshire & Anor","[""[2017] EWCA Civ 1838""]; []",,"html"
"e099b583-4ed3-4598-a6cb-0f3565312f05","Pye v Queen Mary University of London [2017] EWCA Civ 1820","[""[2017] EWCA Civ 1820""]; []",,"html"
"a7561b04-5f17-4a9f-b602-cfd7f288fba7","Onur Air Tasimacilik AS v Goldtrail Travel Ltd [2017] EWCA Civ 1830","[""[2017] EWCA Civ 1830""]; []",,"html"
"d76e0166-0233-4495-b9c8-063db5698dd4","The Friends of Finsbury Park, R (on the application of) v Haringey London Borough Council & Ors [2017] EWCA Civ 1831","[""[2017] EWCA Civ 1831"", ""[2018] PTSR 644"", ""[2017] WLR(D) 767""]; []",,"html"
"ea009eb1-d609-4034-8ed9-7ba71d1129a2","Caspian Pizza Ltd & Ors v Shah & Anor","[""[2017] EWCA Civ 1874""]; []",,"html"
"0dcf50af-13cb-4053-ad5b-4398f63c6b50","H (A Minor), R (On the Application Of) v Swindon Borough Council","[""[2021] EWCA Civ 1836""]; []",,"html"
"0b12642c-08c7-4aad-a122-705d9a620c76","Merck KGaA v Merck Sharp & Dohme Corp & Ors [2017] EWCA Civ 1834","[""[2017] EWCA Civ 1834""]; []",,"html"
"3ca5133c-325c-4da2-9986-c712f76df3ff","Secretary of State for the Home Department v FY (Somalia) [2017] EWCA Civ 1853","[""[2017] EWCA Civ 1853""]; []",,"html"
"ccbfc379-c5d3-405e-b622-2ec60ec2700a","London Borough of Haringey v Ahmed & Anor [2017] EWCA Civ 1861","[""[2017] EWCA Civ 1861"", ""[2018] HLR 9"", ""[2018] 1 P & CR DG12""]; []",,"html"
"2292d679-91d6-4a6e-abda-8938fe451a51","Williams v Hawkes [2017] EWCA Civ 1846","[""[2017] EWCA Civ 1846""]; []",,"html"
"55997d8d-c5fd-422f-b796-2c6f2ee3a0b0","Connors & Ors v Secretary of State for Communities and Local Government & Ors","[""[2017] EWCA Civ 1850"", ""[2018] JPL 516""]; []",,"html"
"592e8f66-905d-451c-be16-1bc4aee05abc","HM Revenue and Customs v Répertoire Culinaire Ltd","[""[2017] EWCA Civ 1845"", ""[2018] STC 958""]; []",,"html"
"6c04491a-b008-4d2f-b931-3dfa2c93e0b3","Global 100 Ltd v Laleva [2021] EWCA Civ 1835 Case Analysis","[""[2021] EWCA Civ 1835"", ""[2021] EWCA Civ 1858"", ""[2022] HLR 20"", ""[2022] WLR 1046"", ""[2022] 4 WLR 27"", ""[2022] 1 WLR 1046"", ""[2022] RVR 58""]; []",,"html"
"e32d0460-8a68-4913-91c2-d0380aef6035","HK (Iraq) & Ors v The Secretary of State for the Home Department","[""[2017] EWCA Civ 1871""]; []",,"html"
"4027679f-8509-4767-948d-f26eab8434c6","EE Ltd v Office of Communications & Ors [2017] EWCA Civ 1873: Judicial Review of Spectrum Licensing Fees","[""[2017] EWCA Civ 1873"", ""[2018] 1 WLR 1868"", ""[2018] WLR 1868"", ""[2017] WLR(D) 776""]; []",,"html"
"0dcdca29-7c1e-442b-9ead-eb6c7f4cb23e","Privacy International v Secretary of State for Foreign and Commonwealth Affairs","[""[2017] WLR(D) 775"", ""[2018] 3 All ER 95"", ""[2018] 1 WLR 2572"", ""[2018] HRLR 3""]; []",,"html"
"6cb8f857-ca59-43d5-8b6e-b40d44041dfa","Roszkowski v Secretary of State for the Home Department [2017] EWCA Civ 1893","[""[2017] EWCA Civ 1893"", ""[2017] WLR(D) 782"", ""[2018] INLR 107"", ""[2018] 1 WLR 2848"", ""[2018] 2 All ER 878""]; []",,"html"
"be5ccedc-cdaf-4999-9144-72252b1d3c7f","Secretary of State for the Home Office v Khattak","[""[2021] EWCA Civ 1873""]; []",,"html"
"eedd97e4-102f-47ec-b85e-80ba316ad6c0","Premier Motorauctions Ltd & Anor v Pricewaterhousecoopers LLP & Anor [2017] EWCA Civ 1872","[""[2017] 6 Costs LO 865"", ""[2018] Lloyd's Rep IR 123"", ""[2018] BPIR 158"", ""[2018] WLR 2955"", ""[2018] Bus LR 882"", ""[2017] EWCA Civ 1872"", ""[2018] 1 WLR 2955"", ""[2017] WLR(D) 795""]; []",,"html"
"ed8ee5eb-8555-4478-bb47-4194dc0d435d","Monarch Airlines Ltd v Airport Coordination Ltd","[""[2017] EWCA Civ 1892""]; []",,"html"
"945b7665-5c8c-4022-8ed8-9d596cd45ada","Re: T (A Child) - Appeal for Non-Molestation Order","[""2018] 1 FLR 1457"", ""[2018] 2 WLR 1570"", ""[2018] 1 FCR 149"", ""[2017] WLR(D) 781"", ""[2017] EWCA Civ 1889"", ""[2018] Fam 290""]; []",,"html"
"b1262c6a-0eea-45ea-b3b8-441dd571310e","Aidiniantz v The Sherlock Holmes International Society Ltd [2017] EWCA Civ 1875","[""[2017] EWCA Civ 1875""]; []",,"html"
"087408db-1da4-4528-b44c-17555c686e6f","Willow v The Information Commissioner Ministry of Justice","[""[2017] EWCA Civ 1876""]; []",,"html"
"f48cd510-82e8-4045-a96b-3f16988265aa","The Secretary of State for Work and Pensions v Fileccia","[""[2018] 1 WLR 4129"", ""[2018] WLR 4129"", ""[2018] 2 CMLR 14"", ""[2017] WLR(D) 815"", ""[2017] EWCA Civ 1907""]; []",,"html"
"d6b530f8-2954-41c7-9dea-2f1aace16fd9","SCF Tankers Ltd & Ors v Privalov & Ors [2017] EWCA Civ 1877","[""[2018] WLR 5623"", ""[2018] 1 WLR 5623"", ""[2017] EWCA Civ 1877""]; []",,"html"
"0c4ece8b-03f9-41f4-ac8b-ff88b5c1f238","The Secretary of State for the Home Department v VC (Sri Lanka) [2017] EWCA Civ 1967","[""[2018] Imm AR 517"", ""[2017] EWCA Civ 1967""]; []",,"html"
"0432a8ad-5bac-41b1-921d-a987b949c676","Richards v Worcestershire County Council & Anor [2017] EWCA Civ 1998","[""2017] EWCA Civ 1998"", ""[2018] PTSR 1563""]; []",,"html"
"760f0069-d12a-4eb2-bfd1-49b7a9fa0fce","Rushton v Tompkins & Anor [2017] EWCA Civ 1995","[""[2017] EWCA Civ 1995""]; []",,"html"
"cf7ef7db-5ba9-4114-aa22-2e636ccd91a5","Saliu & Anor v The Entry Clearance Officer [2021] EWCA Civ 1847","[""[2021] EWCA Civ 1847""]; []",,"html"
"7e775a68-5ffc-445e-9e59-e4390a4deee2","Secretary of State for the Home Department v SC (Jamaica)","[""[2018] 1 WLR 4004"", ""[2017] EWCA Civ 2112"", ""[2018] Imm AR 680"", ""[2018] WLR 4004""]; []",,"html"
"be4433a2-98d9-4e9e-b202-f1805325312c","Ford v Seymour-Williams [2021] EWCA Civ 1848","[""[2021] EWCA Civ 1848""]; []",,"html"
"3e0af3e6-5dea-483a-b0f0-dd1b88895d80","CCA Distribution Ltd v Revenue And Customs","[""2018 STC 206"", ""2017 BVC 60"", ""2017 EWCA Civ 1899"", ""2017 STI 2684""]; []",,"html"
"9505adbf-4b10-41b0-bc0d-d71d70aa9210","Ayodele v Citylink Ltd & Anor","[""2018 ICR 748"", ""2018 IRLR 114"", ""2017 EWCA Civ 1913""]; []",,"html"
"cac6f5a1-a200-4756-b934-7e069858bdb9","Smith v Lancashire Teaching Hospitals NHS Foundation Trust & Ors","[""[2017] WLR(D) 799"", ""[2018] 2 WLR 1063"", ""[2017] WTLR 1469"", ""[2018] PIQR P5"", ""[2017] EWCA Civ 1916"", ""(2018) 162 BMLR 1"", ""[2018] QB 804""]; []",,"html"
"e15bace5-1bf7-4b10-9edc-88422fd56d42","Mudibo v Secretary of State for the Home Department","[""[2017] EWCA Civ 1949""]; []",,"html"
"3fa305ff-316a-40a3-b56e-6148e2e973ae","Archer, R (on the application of) v HM Revenue and Customs","[""[2018] 1 WLR 5210"", ""[2018] STC 38"", ""[2017] WLR(D) 797"", ""[2017] EWCA Civ 1962"", ""[2018] BPIR 273"", ""[2018] WLR 5210"", ""[2018] BTC 1""]; []",,"html"
"495e77a4-ece7-4ded-b99d-8177a1f35b3f","Begum v Secretary of State for the Home Department","[""[2021] EWCA Civ 1878"", ""[2022] 1 WLR 2297"", ""[2021] WLR(D) 631""]; []",,"html"
"f26e169e-2ee7-4d87-8a4b-239904fbb6c1","PR (Sri Lanka), R (on the application of) v Secretary of State for the Home Department","[""[2017] EWCA Civ 1946""]; []",,"html"
"0bd56882-4b31-4f29-9f2e-11ebfb64384e","Peterborough & Stamford Hospitals NHS Trust v McMenemy & Ors [2017] EWCA Civ 1941","[""2018] WLR 2685"", ""[2017] EWCA Civ 1941"", ""[2018] Med LR 145"", ""[2017] 6 Costs LR 973"", ""[2017] WLR(D) 787"", ""[2018] 1 WLR 2685""]; []",,"html"
"8ec5941e-8aa3-4fa6-b729-5461396eb03b","Palmview Estates Ltd v Thurrock Council","[""2021] EWCA Civ 1871"", ""[2022] HLR 14"", ""[2022] WLR 1896"", ""[2022] 1 WLR 1896"", ""[2022] LLR 263"", ""[2021] WLR(D) 623""]; []",,"html"
"e3fbfdda-f473-4ddf-8720-ca58f9e70c1e","Casson v Spotmix Ltd & Ors [2017] EWCA Civ 1994","[""[2017] EWCA Civ 1994""]; []",,"html"
"01d22205-905f-47a6-9dc4-6750aa3d352e","A L Challis Ltd v British Gas Trading Ltd [2017] EWCA Civ 1972","[""2017] EWCA Civ 1972""]; []",,"html"
"a542a100-209d-466b-96c1-3b29455d01fd","Greater Manchester Police v Carroll","[""[2017] EWCA Civ 1992"", ""[2018] 4 WLR 32"", ""[2017] WLR(D) 818""]; []",,"html"
"34f65455-ab57-4843-8247-69713c6d5d1d","Iveco Ltd v Revenue And Customs","[""2017] EWCA Civ 1982"", ""[2018] STC 364"", ""[2018] BVC 1""]; []",,"html"
"6c8d416e-c105-4e58-b48c-ad72962fdc86","Budana v The Leeds Teaching Hospitals NHS Trust & Anor [2017] EWCA Civ 1980","[""2017] EWCA Civ 1980"", ""[2017] 6 Costs LR 1135"", ""[2018] 1 WLR 1965"", ""(2018) 159 BMLR 50"", ""[2017] WLR(D) 834""]; []",,"html"
"bb52ee0e-510f-47b7-86fc-020bbda6c8af","Barker v Baxendale Walker Solicitors (a firm) & Anor","[""2018] 1 WLR 1905"", ""[2018] PNLR 16"", ""[2017] EWCA Civ 2056"", ""[2018] STC 310"", ""[2018] WLR 1905"", ""[2018] BTC 6""]; []",,"html"
"ab28aa18-6da1-4379-ad02-89a5f0af2896","Patel v The Secretary of State for the Home Department","[""[2017] EWCA Civ 2028"", ""[2018] 1 WLR 5245"", ""[2018] 2 All ER 1093"", ""[2018] Imm AR 584"", ""[2018] 2 CMLR 22"", ""[2018] INLR 179""]; []",,"html"
"37a2595d-7d9f-4112-8add-98cdeffa3c94","Ahsan v Secretary of State for the Home Department","[""[2018] Imm AR 531"", ""[2018] INLR 207"", ""[2017] EWCA Civ 2009"", ""[2018] HRLR 5""]; []",,"html"
"bb0f31bd-b33d-499a-b0ee-5dc02d50186c","Stewart v Lewisham And Greenwich NHS Trust","[""[2017] EWCA Civ 2091""]; []",,"html"
"1ad26736-31f8-4b16-8e0c-72fd9f0216a0","Sultana v Secretary of State for the Home Department [2021] EWCA Civ 1876","[""[2021] EWCA Civ 1876""]; []",,"html"
"d6cb3f3d-37b2-4042-b5fe-2731942d197b","Wood v Days Healthcare UK Ltd & Ors [2017] EWCA Civ 2097","[""[2017] EWCA Civ 2097""]; []",,"html"
"d4e7f56a-002d-4a8f-b534-225426213b88","Patrick v McKinley [2017] EWCA Civ 2068","[""[2017] EWCA Civ 2068""]; []",,"html"
"6f2f4fa0-88be-4a4c-8ae0-f56ea0308a69","Wright v Forest of Dean District Council Resilient Energy Severndale Ltd [2017] EWCA Civ 2102","[""[2017] EWCA Civ 2102""]; []",,"html"
"70298313-fcc9-4421-96bd-d0631474c8b0","Ong & Ors v Ping [2017] EWCA Civ 2069","[""[2017] EWCA Civ 2069""]; []",,"html"
"a869a2f7-f622-4f11-9e30-a8e9f0abfeff","Pun & Anor (Nepal) v The Secretary of State for the Home Department","[""[2017] WLR(D) 839"", ""[2017] EWCA Civ 2106"", ""[2018] 4 WLR 80""]; []",,"html"
"8f71d8f3-5f1a-475b-b439-889342adf765","Kaitey v Secretary of State for the Home Department","[""[2021] EWCA Civ 1875"", ""[2022] INLR 35"", ""[2022] QB 695"", ""[2022] 3 All ER 835"", ""[2022] 3 WLR 121""]; []",,"html"
"a1f805a8-a05f-4642-a42e-5f073974259f","Miah v The Independent Police Complaints Commission & Anor","[""2017] EWCA Civ 2108"", ""[2018] WLR 3817"", ""[2018] 1 WLR 3817""]; []",,"html"
"4252e360-4bd0-4f5d-a3cf-ef487fb37eac","Transgrain Shipping (Singapore) Pte Ltd v Yangtze Navigation (Hong Kong) Co Ltd","[""[2018] Bus LR 945"", ""[2017] WLR(D) 832"", ""[2017] EWCA Civ 2107""]; []",,"html"
"38eac6a9-6018-40fe-9d73-ab111162e65d","ING Intermediate Holdings Ltd v HM Revenue and Customs [2017] EWCA Civ 2111","[""2018] BVC 4"", ""[2017] EWCA Civ 2111"", ""[2018] STC 339""]; []",,"html"
"6803bd26-eda0-4d87-8a27-c579ce25a0a9","Rowe & Ors, R (On the Application Of) v Revenue And Customs","[""2017] EWCA Civ 2105"", ""[2017] WLR(D) 830"", ""[2018] BTC 4"", ""[2018] WLR 3039"", ""[2018] 1 WLR 3039"", ""[2018] STC 462""]; []",,"html"
"a2f8eac9-ad1e-4b88-a5e3-121724345cc9","Rushbond Plc v The JS Design Partnership LLP: Duty of Care and Pure Omissions in Negligence","[""[2021] EWCA Civ 1889"", ""[2022] PNLR 9""]; []",,"html"
"d7075ffc-2be9-49f1-99fa-d546502c0c70","Splitt Chartering APS & Ors v Saga Shipholding Norway AS & Ors","[""[2021] WLR(D) 625"", ""[2021] EWCA Civ 1880"", ""[2022] Bus LR 420"", ""[2022] 2 All ER (Comm) 873""]; []",,"html"
"d202a6eb-1ade-4ad2-97e8-565ee51a0123","Revenue And Customs v Lomas & Ors (Administrators of Lehman Brothers International (Europe))","[""[2018] BTC 5"", ""[2017] EWCA Civ 2124"", ""[2018] Bus LR 730"", ""[2018] STI 259"", ""[2018] STC 385""]; []",,"html"
"a2f5463c-4e9a-4e3e-b711-3d66548699ff","Stevenson v The Secretary of State for Work and Pensions","[""[2017] EWCA Civ 2123""]; []",,"html"
"890f7358-25f2-4b8a-810a-1740aa0be7bb","L v F [2017] EWCA Civ 2121 - Second Appeal on Child Relocation","[""[2018] 2 FCR 417"", ""[2018] 2 FLR 608"", ""[2018] 4 WLR 141"", ""[2017] EWCA Civ 2121""]; []",,"html"
"5aaf3307-a875-481c-b3a7-4f8657b7ab03","Kason Kek-Gardner Ltd v Process Components Ltd [2017] EWCA Civ 2132","[""[2017] EWCA Civ 2132""]; []",,"html"
"5da92288-1430-4969-a0b4-c741183ef090","Zuma's Choice Pet Products Ltd & Anor v Azumi Ltd & Ors","[""[2017] EWCA Civ 2133""]; []",,"html"
"d6938848-6263-4913-8294-68c6e5aca496","Xerox (UK) Ltd & Ors v Zeb [2017] EWCA Civ 2137","[""[2017] EWCA Civ 2137""]; []",,"html"
"ef641dbc-1816-4d59-908e-37f6138c54dc","Termhouse (Clarendon Court) Management Ltd v Al-Balhaa","[""2022] HLR 15"", ""[2021] EWCA Civ 1881"", ""[2022] WLR 1529"", ""[2022] 1 WLR 1529""]; []",,"html"
"169af2c4-c5a9-4cce-bc40-a627cdda1dc5","Anwar v Secretary of State for the Home Department","[""[2018] Imm AR 660"", ""[2018] WLR 2591"", ""[2017] EWCA Civ 2134"", ""[2018] 1 WLR 2591"", ""[2017] WLR(D) 841"", ""[2018] INLR 127""]; []",,"html"
"5b33cfd5-3b78-46e1-959e-734df6b8204d","GSD Law Ltd v Wardman & Ors [2017] EWCA Civ 2144","[""2018] WLR 4205"", ""[2017] EWCA Civ 2144"", ""[2018] 1 WLR 4205"", ""[2017] 6 Costs LR 1253"", ""[2017] WLR(D) 838""]; []",,"html"
"8a2b39f5-2594-4fd4-a082-0cb438d1dd5a","Griffiths v Tickle & Ors","[""2021] EWCA Civ 1882"", ""2022] EMLR 11"", ""2022] 2 FCR 126""]; []",,"html"
"9d951685-a846-4961-ad37-c8fe827c1c34","L (Children), Re [2017] EWCA Civ 2173 - Appeal Against Adoption Orders","[""[2017] EWCA Civ 2173""]; []",,"html"
"aa62926f-8556-4cb2-97d0-a4248d9f3d13","SE (Mauritius) & Anor v The Secretary of State for the Home Department [2017] EWCA Civ 2145","[""[2017] EWCA Civ 2145""]; []",,"html"
"90a7d34d-8c23-48ee-a4b6-7f993bc4f252","Farrar v Leongreen Ltd [2017] EWCA Civ 2211","[""[2017] EWCA Civ 2211""]; []",,"html"
"fa1d4c40-4801-4353-bbe8-f12765ee6f92","Teva Pharma - Produtos Farmaceuticos Lda & Anor v AstraZeneca - Produtos Farmaceuticos Lda & Anr [2017] EWCA Civ 2135","[""[2017] EWCA Civ 2135""]; []",,"html"
"8df7b447-d546-4a69-a153-fa58196b0f7b","LHS, R (on the application of) v The First-Tier Tribunal (Criminal Injuries Compensation Chamber) & Anor [2017] EWCA Civ 2138","[""[2017] EWCA Civ 2138""]; []",,"html"
"c88f4d39-8e7e-4fc4-89ec-ef44a914a46c","E & F (Minors: Blood Transfusion) [2021] EWCA Civ 1888","[""[2021] EWCA Civ 1888"", ""[2022] Fam 130"", ""[2022] WLR 1132"", ""(2022) 184 BMLR 48"", ""[2022] 1 WLR 1132"", ""[2022] 2 WLR 395"", ""[2021] WLR(D) 627"", ""[2022] 1 FLR 1255""]; []",,"html"
"f2c35805-f9cf-4129-a35f-ebc9704dc03d","Cook v Swansea City Council [2017] EWCA Civ 2142","[""[2017] EWCA Civ 2142""]; []",,"html"
"b35fd108-74bf-47ee-827f-9a2df4bf0489","Salekipour & Anor v Parmar [2017] EWCA Civ 2141","[""[2018] QB 833"", ""[2017] EWCA Civ 2141"", ""[2018] 2 WLR 1090""]; []",,"html"
"6750396f-23b7-4764-8206-421da14e6258","Whaleys (Bradford) Limited v Bennett & Anor [2017] EWCA Civ 2143","[""[2017] EWCA Civ 2143""]; []",,"html"
"0dcbed84-c156-4a68-8ed1-5965dc040938","Bowen v Secretary of State for Justice","[""[2017] EWCA Civ 2181"", ""[2018] 1 WLR 2170"", ""[2017] EWCA Civ 2181""]; []",,"html"
"7996066b-1cf5-46a7-8875-178ae96491a1","Burns v The Financial Conduct Authority [2017] EWCA Civ 2140","[""[2017] EWCA Civ 2140"", ""[2018] 1 WLR 4161""]; []",,"html"
"5c5e44cb-2a70-4ceb-85ca-2bb91738d68c","M (Children), Re [2017] EWCA Civ 2164: Family Court Appeal on Transgender Parent-Child Contact","[""[2017] EWCA Civ 2164"", ""[2018] 4 WLR 60"", ""[2018] 2 FLR 800"", ""[2018] 2 FCR 559"", ""[2018] WLR(D) 165"", ""[2018] 3 All ER 316""]; []",,"html"
"b9d892af-9c42-4794-a3e7-173d4f587f18","W Portsmouth and Company Ltd v Lowin","[""2018] 2 All ER 896"", ""[2017] WLR(D) 851"", ""[2017] EWCA Civ 2172"", ""[2018] WLR 1890"", ""[2018] 1 Costs LO 1"", ""[2018] 1 WLR 1890""]; []",,"html"
"086b9cfe-b8c4-4e90-bf6e-484b430f5888","R (W2 and IA) v Secretary of State for the Home Department","[""[2018] WLR(D) 1"", ""[2018] 1 WLR 2380"", ""[2017] EWCA Civ 2146"", ""[2018] WLR 2380""]; []",,"html"
"00d633cd-161d-40f2-a0fa-6778bb3db7f1","Saab Seaeye Ltd v Atlas Elektronik GmbH & Anor [2017] EWCA Civ 2175","[""2017] EWCA Civ 2175""]; []",,"html"
"68fd0222-c069-4c66-afb2-36be2230ee20","Austin v Haynes [2021] EWCA Civ 1919","[""[2021] EWCA Civ 1919""]; []",,"html"
"42f687db-87bf-470c-a958-775b88a74982","L-S (A Child) [2017] EWCA Civ 2177 - Hague Convention Case on Child Abduction","[""[2018] 1 FCR 429"", ""[2017] EWCA Civ 2177"", ""[2018] 1 FLR 1373""]; []",,"html"
"c09a8062-2dca-4c75-a548-075833d679f2","CN & Anor v Poole Borough Council [2017] EWCA Civ 2185","[""[2018] 2 FLR 565"", ""[2017] EWCA Civ 2185"", ""(2018) 21 CCL Rep 5"", ""[2018] 2 WLR 1693"", ""[2018] HLR 17""]; []",,"html"
"3270a586-0daa-4101-aa8d-2269c825343d","Lewis v Warner [2017] EWCA Civ 2182","[""2017"", ""EWCA Civ 2182""]; [""[2017] EWCA Civ 2182""]",,"html"
"e4df3db3-524d-4685-a84c-baa73ac5d598","Collins v Lawrence [2017] EWCA 2268 Civ","[""2017] EWCA 2268 Civ""]; []",,"html"
"d994cb50-0c4e-4cc4-a4d0-d2a5a48af77e","Lawrence v NCL (Bahamas) Ltd [2017] EWCA Civ 2222","[""2017] EWCA Civ 2222""]; []",,"html"
"22ab8ca4-b295-460e-a30b-38b0a8f39f0c","CDE v NOP [2021] EWCA Civ 1908: Conflict Between Open Justice and Arbitral Confidentiality","[""[2022] 2 All ER (Comm) 691"", ""[2022] 4 WLR 6"", ""[2021] EWCA Civ 1908"", ""[2021] WLR(D) 632""]; []",,"html"
"c246e54e-f660-4ebb-ba7e-9dd1f577240c","Metropolitan Housing Trust Ltd v TM","[""[2022] WLR 2161"", ""[2022] 1 WLR 2161"", ""[2021] WLR(D) 639"", ""[2022] HLR 16"", ""[2021] EWCA Civ 1890""]; []",,"html"
"71cd4995-e726-4ac0-861a-ef9b3e0c3f4d","Rochford v WNS Global Services (UK) Ltd & Ors [2017] EWCA Civ 2205","[""[2017] EWCA Civ 2205""]; []",,"html"
"945dbe9f-d118-4573-80e8-d215e61469e4","The British Medical Association, R (on the application of) v General Medical Council & Or","[""[2017] EWCA Civ 2191"", ""[2018] 4 WLR 31""]; []",,"html"
"5cdbdf4d-72b4-4c1b-899f-2b99a0f344af","Royal Devon & Exeter NHS Foundation Trust v Atos IT Services UK Ltd","[""[2017] EWCA Civ 2196""]; []",,"html"
"c009622e-9e72-4c9c-a114-e74deba95ac2","Revenue and Customs (HMRC) v London Clubs Management Ltd","[""[2019] STC 274"", ""[2018] EWCA Civ 2210"", ""[2019] LLR 1"", ""[2019] 1 WLR 1"", ""[2019] WLR 1""]; []",,"html"
"d3e360f3-e401-45d6-a6e2-74621ce8da3b","Re M (A Child) [2017] EWCA Civ 2356: Appeal on Child Relocation","[""[2017] EWCA Civ 2356""]; []",,"html"
"e740d8a5-358e-479f-bd7e-c3d458ca9f77","Prince Fahd Bin Abdul Aziz v Harb [2017] EWCA Civ 2215","[""[2017] EWCA Civ 2215"", ""[2018] 1 WLR 2709"", ""[2018] WLR 2709""]; []",,"html"
"f69a3141-307f-45a6-8d0f-19c09404571a","Gilham v Ministry of Justice [2017] EWCA Civ 2220","[""[2018] 3 All ER 521"", ""[2017] EWCA Civ 2220"", ""[2018] ICR 827"", ""[2018] IRLR 315""]; []",,"html"
"22c29f9e-fea8-4381-9290-734093ac8ce3","Jones & Ors v Mahmut & Anr [2017] EWCA Civ 2362","[""2018] 1 WLR 6051"", ""[2018] WLR 6051"", ""[2017] EWCA Civ 2362""]; []",,"html"
"a4a983ff-35d7-489b-9e81-b5d81c701c7c","Decoulos v Axel Springer Schweiz AG & Ors [2017] EWCA 2632 Civ","[""[2017] EWCA 2632 Civ""]; []",,"html"
"03895de8-a98f-4134-99c5-f7dbe7499ea4","KK (Sri Lanka) v Secretary of State for the Home Department","[""2017] EWCA Civ 2412""]; []",,"html"
"1d513dd3-9986-44d7-b29e-25d2bfb8c82b","M (A Child) [2017] EWCA Civ 2445: Appeal of Finding of Non-Penetrative Sexual Abuse","[""[2017] EWCA Civ 2445""]; []",,"html"
"47b925dd-4b2b-44b5-bd5d-1f20e1804d6f","Agumba v The Secretary of State for the Home Department [2017] EWCA Civ 2660","[""[2017] EWCA Civ 2660""]; []",,"html"
"dcfe95dd-f4bd-42e9-8e3e-f51e619d0fce","KM (Algeria) v The Secretary of State for the Home Department","[""2017] EWCA Civ 2662""]; []",,"html"
"61140c4f-2395-407c-9e5e-788ff70bf2cf","G (A Child) [2017] EWCA Civ 2638","[""[2017] EWCA Civ 2638""]; []",,"html"
"cf087e89-040f-425d-93eb-f153467247e1","Okekearu v London Borough of Camden [2017] EWCA Civ 2683","[""[2017] EWCA Civ 2683""]; []",,"html"
"a86d4177-5880-40f7-afd5-c5abee0757ea","B-S (A Child), Re [2017] EWCA Civ 2680","[""[2017] EWCA Civ 2680""]; []",,"html"
"029dc95c-69ad-4b44-bde7-408622fcedc2","Ali v The Secretary of State for the Home Department [2017] EWCA Civ 2688","[""[2017] EWCA Civ 2688""]; []",,"html"
"cd67c449-5b09-48a9-8688-c59a962e008c","Manchester City Council v Secretary of State for Housing, Communities and Local Government [2021] EWCA Civ 1920","[""[2021] EWCA Civ 1920""]; []",,"html"
"627782a5-874e-4138-8c16-21b0a1b8d68e","Illumina Cambridge Ltd v Latvia MGI Tech SIA & Ors [2021] EWCA Civ 1924","[""[2021] EWCA Civ 1924""]; []",,"html"
"a9df4e50-061b-452e-833f-94a56f00856d","In the Matter of S (A Child) [2017] EWCA Civ 2695","[""[2017] EWCA Civ 2695""]; []",,"html"
"970f7b44-64a0-461a-b30f-b814c242a1db","W-L (A Child) [2017] EWCA Civ 2690","[""[2017] EWCA Civ 2690""]; []",,"html"
"eeed94e7-318e-4748-bf54-707d972ba20d","Nixon & Anor v Secretary of State for the Home Department","[""2017] EWCA Civ 2694""]; []",,"html"
"c62f897d-99de-494a-b893-b99dcea76eff","Campbell v London Borough of Croydon [2017] EWCA Civ 2693","[""[2017] EWCA Civ 2693""]; []",,"html"
"9722747e-d192-4e67-a3c3-1320b3a1f8c7","London Borough of Ealing v C (Children) [2017] EWCA Civ 2696","[""[2017] EWCA Civ 2696""]; []",,"html"
"a3153920-a2a6-4c8f-88bd-49d059441710","Afzal, R (On the Application Of) v Secretary of State for the Home Department","[""[2022] INLR 264"", ""[2021] EWCA Civ 1909"", ""[2021] WLR(D) 637"", ""[2022] 4 WLR 21""]; []",,"html"
"c208643d-73b6-4dcc-ab02-055e2e5f64db","Miller, R (On the Application Of) v The College of Policing","[""[2021] EWCA Civ 1926"", ""[2022] 1 WLR 4987"", ""[2022] WLR(D) 55""]; []",,"html"
"04445230-6b9f-48ca-bbca-c6a019dc70cf","Ted Baker Plc & Anor v Axa Insurance UK Plc & Ors","[""[2017] EWCA Civ 4097""]; []",,"html"
"1360dc9a-d098-4e78-abeb-22aac91d5713","Chadha v HM Senior Coroner for West London [2017] EWCA Civ 2710","[""[2017] EWCA Civ 2710""]; []",,"html"
"b0601ba3-a3f1-4d05-9f11-d4f154b0a676","Gurung v Secretary of State for the Home Department","[""[2017] EWCA Civ 2697""]; []",,"html"
"683dbd28-daaf-4064-8aa1-815c556ed4ca","Manderson v Secretary of State for the Home Department [2017] EWCA Civ 2715","[""[2017] EWCA Civ 2715""]; []",,"html"
"c8be27ef-cde3-49ff-bb0d-12fbbe8a2c55","Crowther v Crowther [2017] EWCA Civ 2698","[""[2017] EWCA Civ 2698""]; []",,"html"
"4cdc18fe-c8e6-4e1c-8143-84231a68cf0f","Pricewaterhousecoopers LLP v BTI 2014 LLC [2021] EWCA Civ 9","[""[2021] EWCA Civ 9""]; []",,"html"
"739220b7-b921-4cbc-a4cb-5e7fc9e968da","Secretariat Consulting PTE Ltd & Ors v A Company [2021] EWCA Civ 6","[""[2021] EWCA Civ 6"", ""[2021] 4 WLR 20"", ""[2021] BLR 167"", ""[2021] 4 All ER 348""]; []",,"html"
"9af85024-86fc-435c-8b66-5467017abe29","Ikram v Secretary of State for Housing, Communities And Local Government & Ors [2021] EWCA Civ 2","[""[2021] EWCA Civ 2""]; []",,"html"
"04831f1f-a744-4c59-8b99-66af48b9f614","Rattan v Kuwad (Rev 1) [2021] EWCA Civ 1","[""[2021] 1 WLR 3141"", ""[2021] WLR 3141"", ""[2021] EWCA Civ 1""]; []",,"html"
"bb436bbb-3a78-4c5a-ad55-c0751d94d813","Allsop v Banner Jones Ltd (t/a Banner Jones Solicitors) - [2021] EWCA Civ 7","[""[2021] PNLR 17"", ""[2021] 4 All ER 397"", ""[2021] 3 WLR 1317"", ""[2022] Ch 55"", ""[2021] 2 FCR 509"", ""[2021] EWCA Civ 7""]; []",,"html"
"750feb0b-6423-48f9-91c9-decbb170728a","Friends of the Earth Ltd, R (On the Application Of) v Secretary of State for Transport","[""2021] PTSR 941"", ""[2021] Env LR 22"", ""[2021] EWCA Civ 13"", ""[2021] Costs LR 1""]; []",,"html"
"a5994165-c327-4034-a3d2-cc0aaf64e3ec","Zuberi v Lexlaw Ltd [2021] EWCA Civ 16: Interpretation of Damages-Based Agreements","[""[2021] 1 WLR 2729"", ""[2021] EWCA Civ 16"", ""[2021] 4 All ER 494"", ""[2021] Costs LR 13"", ""[2021] WLR 2729""]; []",,"html"
"010d8e18-724e-4eff-b5ae-bcbfe19c8bf6","Paul Newman New Homes Ltd v Secretary of State for Housing, Communities And Local Government","[""[2021] EWCA Civ 15"", ""[2021] PTSR 1054""]; []",,"html"
"e428cc25-0cb5-4b07-8620-2cbcd7a74f78","WA (Palestinian Territories) v The Secretary of State for the Home Department","[""[2021] EWCA Civ 12"", ""[2021] Imm AR 727"", ""[2021] 1 WLR 2117"", ""[2021] WLR 2117""]; []",,"html"
"f6001a99-5658-4684-9e50-ad6bdb76a3b1","Motorola Solutions, Inc & Anor v Hytera Communications Corporation Ltd & Anor","[""[2021] QB 744"", ""[2021] 2 All ER 960"", ""[2021] 2 WLR 679"", ""[2021] EWCA Civ 11""]; []",,"html"
"efc834a0-2561-445a-bbfc-6044aa5e9cf9","Secretary of State for the Home Department v NF","[""[2021] Imm AR 679"", ""[2021] EWCA Civ 17""]; []",,"html"
"9e60dfcf-3073-43ec-89e1-d950564d77ad","Z v University Hospitals Plymouth NHS Trust (NO 2)","[""[2021] EWCA Civ 22"", ""[2021] COPLR 342""]; []",,"html"
"1b9c4fd1-cef2-452e-9dd8-eca29d1d5f47","Tinkler v Ferguson & Ors [2021] EWCA Civ 18","[""[2021] WLR(D) 73"", ""[2021] 4 WLR 27"", ""[2021] EWCA Civ 18"", ""[2021] EMLR 12""]; []",,"html"
"d4aa404e-7154-4793-81d5-a3909d8bff25","Sutton v Norwich City Council","[""[2021] EWCA Civ 20"", ""[2021] 1 WLR 1691""]; []",,"html"
"d4b14ac9-e2d6-48b9-9573-fbbb2a4f3d17","Taj, R (On the Application Of) v The Secretary of State for the Home Department","[""[2021] 4 All ER 1159"", ""[2021] EWCA Civ 19"", ""[2021] WLR 1850"", ""[2021] INLR 527"", ""[2021] 1 WLR 1850"", ""[2021] Imm AR 748"", ""[2021] WLR(D) 41""]; []",,"html"
"ab5f59a7-90ec-44b0-8f32-8515ce9d7b03","Adedeji v University Hospitals Birmingham NHS Foundation Trust [2021] EWCA Civ 23","[""[2021] EWCA Civ 23"", ""[2021] ICR D5""]; []",,"html"
"cf3510f1-2dc3-4b08-80a5-e45eceb98db4","Aviva Investors Ground Rent GP Ltd & Anor v Williams & Ors","[""2021] WLR 2061"", ""[2021] 1 WLR 2061"", ""[2021] EWCA Civ 27"", ""[2021] WLR(D) 37"", ""[2021] 1 P & CR DG2""]; []",,"html"
"f538eb04-8621-4cfb-9bf0-3442811eb23f","Sarnoff v YZ [2021] EWCA Civ 26 - Disclosure Orders Against Non-Parties","[""[2021] EWCA Civ 26"", ""[2021] ICR 545""]; []",,"html"
"d3e3ff13-b437-49e6-8a83-48cc2b7c2483","Wray v General Osteopathic Council [2021] EWCA Civ 1940","[""[2021] EWCA Civ 1940"", ""[2022] 1 WLR 1626"", ""[2022] WLR 1626"", ""[2022] ICR 638"", ""[2021] WLR(D) 636""]; []",,"html"
"31abc0b3-66ec-4411-83e2-0cf88beaaac8","Kawasaki Kisen Kaisha Ltd v James Kemball Ltd [2021] EWCA Civ 33","[""[2021] EWCA Civ 33"", ""[2021] 2 All ER (Comm) 1102"", ""[2021] 3 All ER 978""]; []",,"html"
"2a27a953-d6c3-4c5a-a40d-5055a5d77cdb","FA (Sudan), R (On the Application Of) v Secretary of State for the Home Department","[""[2021] WLR(D) 54"", ""[2021] EWCA Civ 59"", ""[2021] 4 WLR 22""]; []",,"html"
"7174bd3b-4d42-4c75-9c5b-811522e2240f","Large v Hart & Anor [2021] EWCA Civ 24","[""2021] BLR 189"", ""[2021] EWCA Civ 24"", ""[2021] PNLR 13"", ""[2021] TCLR 2""]; []",,"html"
"d71d3bfe-0dc8-4d5a-a937-bdbfea2a15b9","Wright v Granath [2021] EWCA Civ 28","[""[2021] 4 WLR 24"", ""[2021] EWCA Civ 28"", ""[2021] 1 CLC 189"", ""[2021] 3 All ER 924"", ""[2021] WLR(D) 38"", ""[2021] EMLR 11""]; []",,"html"
"b32e5756-162d-419f-8aff-8b8f476d97fc","Jersey Choice Ltd v HM Treasury [2021] EWCA Civ 1941","[""[2021] EWCA Civ 1941"", ""[2022] WLR(D) 10""]; []",,"html"
"146c2cbc-700d-44cf-a845-0bdf46059c2d","Head v The Culver Heating Co Ltd [2021] EWCA Civ 34","[""2021""]; []",,"html"
"6a645e12-01cd-42f1-9ac8-b6050443b65b","The White Lion Hotel (A Partnership) v James [2021] EWCA Civ 31","[""2021] PIQR P11"", ""[2021] EWCA Civ 31"", ""[2021] QB 1153"", ""[2021] 2 WLR 911""]; []",,"html"
"7111d693-e960-4450-b94c-057520511361","Travel Counsellors Ltd v Trailfinders Ltd [2021] EWCA Civ 38","[""[2021] IRLR 450"", ""[2021] EWCA Civ 38""]; []",,"html"
"36fef077-011c-43cb-af4e-6619dd8b8977","Lowe v The Secretary of State for the Home Department [2021] EWCA Civ 62","[""[2021] Imm AR 792"", ""[2021] EWCA Civ 62""]; []",,"html"
"6f009114-1b8b-4356-a939-b518461f53d3","Rowe & Ors v Ingenious Media Holdings PLC & Ors [2021] EWCA Civ 29","[""2021 EWCA Civ 29"", ""2021 WLR 3189"", ""2021 Costs LR 315"", ""2021 1 WLR 3189""]; []",,"html"
"db21ddb8-c086-4a4a-bc32-54f972770cbe","Asda Stores Ltd, R (On the Application Of) v Leeds City Council","[""[2021] EWCA Civ 32"", ""[2021] WLR(D) 79"", ""[2021] PTSR 1382""]; []",,"html"
"431517e1-06a2-4b55-9c73-e01d869faf57","M, R (On the Application Of) v The Chief Constable of Sussex Police","[""[2021] EWCA Civ 42""]; []",,"html"
"9f8eb78d-6879-452d-a94c-5401657ba1b8","JB (A Child), Re (Sexual Abuse Allegations) [2021] EWCA Civ 46","[""[2021] EWCA Civ 46""]; []",,"html"
"966f28d8-c0d9-441a-a50b-9cba9b1ec9ff","GD and AH v. A Local Authority and Others: DD (Removal under ICO) [2021] EWCA Civ 36","[""[2021] EWCA Civ 36""]; []",,"html"
"e96ab3ad-ded5-4d66-9fa4-9407e306dde6","ClientEarth, R (on the application of) v Secretary of State for Business, Energy and Industrial Strategy & Anor","[""[2021] PTSR 1400"", ""[2021] EWCA Civ 43"", ""[2021] WLR(D) 44""]; []",,"html"
"54ff55da-78a4-4c97-b360-c189b351c9be","Faiz & Ors v Burnley Borough Council","[""2021] Ch 303"", ""[2021] 2 WLR 1115"", ""[2021] EWCA Civ 55"", ""[2021] 1 P & CR DG20"", ""[2021] WLR(D) 53""]; []",,"html"
"996671fb-7337-4364-acf7-ecaf124007c4","Rees v Commissioner of Police of the Metropolis [2021] EWCA Civ 49","[""[2021] EWCA Civ 49""]; []",,"html"
"3e50d912-c21c-4186-810a-b8191500184b","Nectrus Ltd v UCP PLC [2021] EWCA Civ 57","[""2021] EWCA Civ 57""]; []",,"html"
"9de6038c-bfcf-4fcc-a559-e56ad6722195","Bath Rugby Ltd v Greenwood & Ors [2021] EWCA Civ 1927: Restrictive Covenant and Its Enforceability","[""[2021] EWCA Civ 1927""]; []",,"html"
"1b127560-f0e1-4a85-8dd7-6b46d3ab9b5b","Finch v Baker [2021] EWCA Civ 72","[""[2021] EWCA Civ 72""]; []",,"html"
"550c6d99-4e9a-4b03-b179-b797c9fcb171","Jalla & Ors v Shell International Trading and Shipping Company & Anor","[""[2021] BLR 276"", ""[2021] EWCA Civ 63"", ""[2021] Env LR 26""]; []",,"html"
"5722cb4b-113f-486b-a929-246c76643654","Monkhill Ltd v Secretary of State for Housing, Communities and Local Government & Anor","[""2021] EWCA Civ 74"", ""[2021] WLR(D) 98"", ""[2021] PTSR 1432""]; []",,"html"
"ec2236fc-ca68-4fb7-855a-77349c91a141","Irwell Insurance Company Ltd v Watson & Ors [2021] EWCA Civ 67","[""[2021] ICR 1034"", ""[2021] 4 All ER 805"", ""[2021] EWCA Civ 67"", ""[2021] Lloyd's Rep IR 145"", ""[2021] WLR(D) 58""]; []",,"html"
"615d49c6-3d9f-438b-b1b9-1b2bc4529341","Global Energy Horizons Corporation v Gray","[""[2021] Costs LR 133"", ""[2021] EWCA Civ 123""]; []",,"html"
"2ac97049-9fe9-4ea0-af5b-5ad518f2d2a7","Mozumder v Secretary of State for the Home Department","[""[2021] Imm AR 808"", ""[2021] Costs LR 357"", ""[2021] EWCA Civ 138""]; []",,"html"
"82a2924b-a32a-4aa2-ae65-e2ef22c3c741","Clin v Walter Lilly & Co. Ltd [2021] EWCA Civ 136","[""194 Con LR 26"", ""[2021] WLR 2753"", ""[2021] JPL 1210"", ""[2021] BLR 259"", ""[2021] 1 WLR 2753"", ""[2021] EWCA Civ 136"", ""[2021] WLR(D) 85""]; []",,"html"
"ef848a3c-16a6-4557-8ff1-3023953d88b4","Tomanovic & Ors v Foreign and Commonwealth Office [2021] EWCA Civ 117","[""2021] EWCA Civ 117""]; []",,"html"
"09519016-518a-43d3-8cd4-a57d5cd16ebc","T and R, Re (Refusal of Placement Order) [2021] EWCA Civ 71","[""[2021] EWCA Civ 71""]; []",,"html"
"707f3728-c595-4a8f-bdcd-1425299676ed","Secretary of State for the Home Department v FWF & Anor, R (On the Application Of)","[""[2021] EWCA Civ 88"", ""[2021] 1 WLR 3781""]; []",,"html"
"e261f4f9-819b-45b6-b209-478e7892609c","Cornerstone Telecommunications Infrastructure v Ashloch Ltd & Anor (Rev 2)","[""[2021] WLR(D) 67"", ""[2021] EWCA Civ 90""]; []",,"html"
"20302d7f-93c0-4f17-bb0c-2087a4acf1c6","Croydon London Borough Council v Kalonga [2021] EWCA Civ 77","[""2021] QB 962"", ""[2021] 2 WLR 1069"", ""[2021] WLR(D) 63"", ""[2021] EWCA Civ 77""]; []",,"html"
"98aa9dac-3d8a-4d23-a731-f1b8c920d82f","Revenue and Customs v News Corp UK & Ireland Ltd","[""[2021] BVC 2"", ""[2023] BVC 7"", ""[2021] 2 All ER 1276"", ""[2021] EWCA Civ 91"", ""[2021] STC 273"", ""[2021] STI 670""]; []",,"html"
"e935ca1c-f6b8-459e-bbe2-dba37f8795a6","Primekings Holding Ltd & Ors v King & Ors (Re Kings Solutions Group Ltd) [2021] EWCA Civ 1943","[""[2022] Bus LR 184"", ""[2022] 2 BCLC 464"", ""[2022] BCC 529"", ""[2021] WLR(D) 635"", ""[2021] EWCA Civ 1943""]; []",,"html"
"9cdbfdb6-8932-4ee1-b4b3-5f1e0257eb3a","Noble Chartering Inc v Priminds Shipping Hong Kong Co Ltd ""Tai Prize"" [2021] EWCA Civ 87","[""2021 EWCA Civ 87"", ""2021 2 Lloyd's Rep 36"", ""2021 1 CLC 304"", ""2021 2 All ER (Comm) 866""]; []",,"html"
"d8942524-7e14-46b2-953c-a1eca28ae6cb","Soriano v Forensic News LLC & Ors (Rev1) [2021] EWCA Civ 1952","[""[2022] QB 533"", ""[2022] WLR(D) 9"", ""[2022] 2 WLR 807"", ""[2021] EWCA Civ 1952"", ""[2022] EMLR 12""]; []",,"html"
"99aa4a92-e9de-4dcc-8c24-28e298f0af59","Al-Siri v Secretary of State for the Home Department","[""[2021] EWCA Civ 113"", ""[2021] WLR 2137"", ""[2021] INLR 263"", ""[2021] WLR(D) 81"", ""[2021] 1 WLR 2137""]; []",,"html"
"cfca5ba2-f97e-414f-ad0b-b695440d712e","HMRC v SSE Generation Ltd [2021] EWCA Civ 105","[""[2021] STI 690"", ""[2021] STC 369"", ""[2021] BTC 6"", ""[2021] EWCA Civ 105""]; []",,"html"
"82f32e38-32c4-402c-94a7-847fb41df19a","Gladman Developments Ltd v Secretary of State for Housing, Communities and Local Government","[""[2021] WLR(D) 82"", ""[2021] PTSR 1450"", ""[2021] EWCA Civ 104""]; []",,"html"
"45f965c6-65c2-44c7-8382-a67c6dbd009f","Lockett v Minstrell Recruitment Ltd [2021] EWCA Civ 102","[""[2021] EWCA Civ 102""]; []",,"html"
"da1e5d59-2a67-4ae0-9f49-9fcbe629034f","AS (Afghanistan) v Secretary of State for the Home Department","[""[2021] EWCA Civ 195""]; []",,"html"
"dd348d82-2a53-443f-9df3-cacc3fb272dd","Derhalli v Derhalli [2021] EWCA Civ 112","[""2022] 1 All ER 815"", ""[2021] 2 FLR 1097"", ""[2021] EWCA Civ 112""]; []",,"html"
"edb65d59-279f-45c3-9ff4-c8e3146298c0","Hussain v Vaswani & Ors [2021] EWCA Civ 146","[""[2021] EWCA Civ 146""]; []",,"html"
"d88dd451-fdc8-4f02-8035-422083c48ee7","Re G (Abduction: Consent/Discretion) [2021] EWCA Civ 139","[""[2021] 2 WLR 1013"", ""[2021] WLR(D) 87"", ""[2021] Fam 239"", ""[2021] EWCA Civ 139""]; []",,"html"
"3348784c-9c7e-4f87-b5be-9a7f0607f829","Fairford Water Ski Club Ltd v Cohoon & Anor","[""2021 BCC 498"", ""2021 2 All ER (Comm) 1085"", ""2021 EWCA Civ 143"", ""2021 1 BCLC 493""]; []",,"html"
"3e12fb2b-a7ed-4ae4-827f-7115439e323a","FD v A Local Authority and Others [2021] EWCA Civ 149","[""[2021] EWCA Civ 149""]; []",,"html"
"3d376c87-1c30-4a6a-86a6-729429c6da6c","Ocado Group PLC & Anr v McKeeve [2021] EWCA Civ 145","[""[2021] EWCA Civ 145""]; []",,"html"
"e0bf970e-ead5-4285-abbb-6e4cc6731e37","Rights: Community: Action v Secretary of State for Housing, Communities and Local Government","[""[2022] PTSR 907"", ""[2021] EWCA Civ 1954"", ""[2022] WLR(D) 12"", ""[2022] Env LR 21"", ""[2022] JPL 843"", ""[2023] 1 P & CR 12""]; []",,"html"
"d1c34b40-ca07-41ac-be04-f52393d978ca","Phones 4U Ltd v EE Ltd & Ors [2021] EWCA Civ 116","[""[2022] 1 All ER (Comm) 220"", ""[2021] WLR(D) 75"", ""[2021] EWCA Civ 116"", ""[2021] 1 WLR 3270"", ""[2022] 1 All ER 239"", ""[2021] WLR 3270"", ""[2021] ICR 1279""]; []",,"html"
"88f32a97-f90e-4b37-84c2-084f427a123d","Chelluri v Air India Ltd [2021] EWCA Civ 1953","[""[2021] EWCA Civ 1953"", ""[2022] 2 All ER (Comm) 172"", ""[2022] Bus LR 286"", ""[2021] WLR(D) 642""]; []",,"html"
"8d46cc3a-929d-490c-9bea-4c3dcff03b15","Her Majesty's Revenue and Customs v Carrington","[""[2021] EWCA Civ 174""]; []",,"html"
"64755b5a-f95c-45e1-aa69-a6d047430d4d","R (Children: Control of Court Documents) [2021] EWCA Civ 162","[""[2021] 1 FCR 705"", ""[2021] WLR 2534"", ""[2021] EWCA Civ 162"", ""[2021] 1 WLR 2534"", ""[2021] WLR(D) 101""]; []",,"html"
"e8d2c7a5-f9aa-477f-a2d4-e7b1cd9c67ba","Kalsi & Ors, R (On the Application Of) v The Secretary of State for the Home Department","[""[2021] EWCA Civ 184"", ""[2021] Imm AR 859""]; []",,"html"
"508ac52d-8a70-4403-9e78-8d4631c5a506","Revenue and Customs v MCX Dunlin (UK) Ltd","[""[2021] BTC 8"", ""[2021] EWCA Civ 186"", ""[2021] STC 474"", ""[2021] STI 764""]; []",,"html"
"28da03e6-3463-4c70-be3a-d89911abdad8","Procter & Anor v Procter & Ors [2021] EWCA Civ 167","[""[2022] 1 All ER 358"", ""[2021] Ch 395"", ""[2021] EWCA Civ 1804"", ""[2022] STI 39"", ""[2022] STC 157"", ""[2021] EWCA Civ 167"", ""[2022] 1 WLR 2277"", ""[2021] BTC 34"", ""[2021] 2 WLR 1249"", ""[2021] WLR(D) 97""]; []",,"html"
"1d57c59f-1c5a-49e1-98dc-7840974dedf8","A (A Child) (1980 Hague Convention: Set Aside) [2021] EWCA Civ 194","[""2021 EWCA Civ 194""]; []",,"html"
"87724cc5-bbc5-419b-9997-154521b6e8dc","Leech Homes Ltd v Northumberland County Council [2021] EWCA Civ 198","[""[2021] EWCA Civ 198"", ""[2021] 4 WLR 102""]; []",,"html"
"2f7b21ce-37b8-4421-af71-540097896752","Project for the Registration of Children as British Citizens & Anor, R v Secretary of State for the Home Department","[""[2021] WLR(D) 107"", ""[2021] 1 WLR 3049"", ""[2021] Imm AR 965"", ""[2021] 4 All ER 445"", ""[2021] INLR 424"", ""[2021] EWCA Civ 193""]; []",,"html"
"06e7539c-cdc3-41ca-8c95-588b3b16c62c","Unite the Union v Alec McFadden [2021] EWCA Civ 199","[""2021 IRLR 354"", ""2021 EWCA Civ 199""]; []",,"html"
"9d03afe3-4b0d-4677-b339-180d02060188","Quantum Actuarial LLP v Quantum Advisory Ltd [2021] EWCA Civ 227","[""[2021] EWCA Civ 227""]; []",,"html"
"6fd9db9b-e4a2-4189-88e4-ec17d4628c9d","Bilta (UK) Ltd & Ors v Tradition Financial Services Ltd [2021] EWCA Civ 221","[""[2021] EWCA Civ 221""]; []",,"html"
"dc4d9f92-bb62-427a-9632-dbe1df2a1318","Eynsham Cricket Club v Revenue & Customs [2021] EWCA Civ 225","[""2021] EWCA Civ 225"", ""[2021] 1 WLR 3220"", ""[2021] WLR(D) 112"", ""[2021] STC 496"", ""[2021] STI 1148"", ""[2021] 3 All ER 369"", ""[2021] BVC 3""]; []",,"html"
"cf7bf881-b6a3-4c91-ae35-e505b1e5a8c1","IPCOM GmbH & Co Kg v Vodafone Group Plc & ors [2021] EWCA Civ 205","[""[2021] Bus LR 813"", ""[2021] RPC 10"", ""[2021] EWCA Civ 205"", ""[2021] WLR(D) 105""]; []",,"html"
"4a1b81ee-604f-4703-87d5-9186511a732b","Pigot v The Environment Agency: Rights and Responsibilities Regarding River Use","[""[2021] EWCA Civ 213"", ""[2021] Env LR 27"", ""[2021] PTSR 1225"", ""[2021] LLR 474"", ""[2021] WLR(D) 106""]; []",,"html"
"2bfd8178-4f2b-412d-b1f3-6f42f183c422","Page v Lord Chancellor & Anor [2021] EWCA Civ 254","[""2021] EWCA Civ 254"", ""[2021] WLR(D) 124"", ""[2021] ICR 912"", ""[2021] IRLR 377"", ""[2022] ICR 924""]; []",,"html"
"4b432ed8-900a-4c07-a9b1-2943769f2db6","Butters & Anor v Hayes [2021] EWCA Civ 252","[""[2021] 1 WLR 2886"", ""[2021] EWCA Civ 252"", ""[2021] WLR(D) 121"", ""[2021] WLR 2886"", ""[2021] 4 All ER 1185""]; []",,"html"
"fe7aab09-b7bc-4255-a98e-dbbbd366ac21","Bhamani & Ors v Sattar & Ors [2021] EWCA Civ 243","[""[2021] EWCA Civ 243""]; [""[2020] EWHC 2488 (Ch)""]",,"html"
"abb8d556-371d-4ea8-b44e-8c44d24ed0e0","Open Spaces Society v Secretary of State for Environment, Food and Rural Affairs","[""[2021] EWCA Civ 241"", ""[2021] WLR(D) 126"", ""[2021] PTSR 1295""]; []",,"html"
"67abc4a7-14a4-43bc-848f-b98458660411","Ratcliffe v Ratcliffe [2021] EWCA Civ 247","[""[2021] EWCA Civ 247""]; []",,"html"
"70829dc2-c174-4afb-b6b2-05ad625bbe33","Dale v Banga & Ors [2021] EWCA Civ 240","[""[2021] EWCA Civ 240""]; []",,"html"
"8afbdd81-49af-42b7-bb8a-cee6736898b3","CFL Finance Ltd v Laser Trust & Anor [2021] EWCA Civ 228","[""[2021] Costs LR 231"", ""[2021] EWCA Civ 228"", ""[2021] ECC 4"", ""[2021] WLR(D) 114"", ""[2020] CTLC 338"", ""[2021] BPIR 487"", ""[2021] 4 All ER 717""]; []",,"html"
"42fbe147-0f84-4308-b404-95722724c27d","Page v NHS Trust Development Authority","[""2021] WLR(D) 125"", ""[2021] EWCA Civ 255"", ""[2021] IRLR 391"", ""[2021] ICR 941""]; []",,"html"
"d6083298-233c-449d-9fb3-27dfca3e6411","UD v DN (Schedule 1, Children Act 1989; Capital Provision) [2021] EWCA Civ 1947","[""[2021] EWCA Civ 1947"", ""[2022] 2 WLR 1047"", ""[2022] WLR(D) 11"", ""[2022] Fam 289""]; []",,"html"
"cb43b5ef-a8db-4afe-a9b8-fc186cb5ca07","Manek & Ors v IIFL Wealth (UK) Ltd & Ors [2021] EWCA Civ 264","[""[2021] EWCA Civ 264""]; []",,"html"
"29213179-c6d4-4710-8a7c-ec3fb0ba2ec4","Independent Workers Union of Great Britain v Secretary of State for Business, Energy and Industrial Strategy","[""[2021] IRLR 363"", ""[2021] WLR(D) 129"", ""[2021] ICR 729"", ""[2021] EWCA Civ 260""]; []",,"html"
"105cacbe-faee-4093-93f8-e6f95b2889fa","Paccar Inc & Ors v Road Haulage Association Ltd & Ors [2021] EWCA Civ 299","[""[2021] WLR 3648"", ""[2021] 1 WLR 3648"", ""[2021] EWCA Civ 299"", ""[2021] Costs LR 259"", ""[2021] 4 All ER 737"", ""[2022] 1 All ER (Comm) 51"", ""[2021] WLR(D) 140""]; []",,"html"
"50e1e5bd-7e29-4805-9f85-faa481208508","Re H (Children: Findings of Fact) [2021] EWCA Civ 319","[""[2021] EWCA Civ 319""]; []",,"html"
"9938ae56-badb-4193-a08e-e13a694c7827","A (Child Abduction: Article 13b) [2021] EWCA Civ 328","[""[2021] EWCA Civ 328""]; []",,"html"
"6998575a-fea6-4586-bc94-d9f3d44fa771","Basma v Manchester University Hospitals NHS Foundation Trust & Anor [2021] EWCA Civ 278","[""(2021) 181 BMLR 36"", ""[2021] EWCA Civ 278"", ""[2021] Med LR 259""]; []",,"html"
"2bbe1523-aff1-4b68-a749-7672c0d465b9","Satyam Enterprises Ltd v Burton & Anor [2021] EWCA Civ 287","[""2021] EWCA Civ 287""]; []",,"html"
"fdf47c09-fea8-46f8-b001-93b6fa08790b","AdActive Media Inc v Ingrouille [2021] EWCA Civ 313","[""[2021] EWCA Civ 313""]; []",,"html"
"1cf2f614-6019-4455-81f9-6ef87955bdbe","Eastern Power Networks Plc & Ors v Revenue And Customs [2021] EWCA Civ 283","[""2021] WLR(D) 136"", ""[2021] STI 1145"", ""[2021] BTC 9"", ""[2021] EWCA Civ 283"", ""[2021] 1 WLR 4742"", ""[2021] WLR 4742"", ""[2021] STC 568""]; [""[2021] WLR(D) 136"", ""[2021] STI 1145"", ""[2021] BTC 9""]",,"html"
"9de51d61-5b67-41c3-9429-717e793b083e","Cuciurean v The Secretary of State for Transport & Anor","[""[2021] EWCA Civ 357""]; []",,"html"
"fe011f6f-fe6b-41c0-bca0-3a63e2854c20","Barry Congregation of Jehovah's Witnesses v BXB [2021] EWCA Civ 356","[""[2021] EWCA Civ 356"", ""[2021] PIQR P15"", ""[2021] WLR(D) 154"", ""[2021] 4 WLR 42"", ""[2021] 4 All ER 518""]; []",,"html"
"66a944f8-7985-472a-bc02-dcaa41de4df8","Republic of Mozambique v Credit Suisse International & Ors [2021] EWCA Civ 329","[""[2021] EWCA Civ 329""]; []",,"html"
"32e27f71-a09e-47e4-93c6-ef2574a5897d","City & Country Bramshill Ltd v Secretary of State for Housing, Communities and Local Government","[""[2021] EWCA Civ 320"", ""[2021] 1 WLR 5761"", ""[2021] WLR(D) 149""]; []",,"html"
"9caf7232-f031-4d18-b4e3-b44bf614cdb1","Begum v Maran (UK) Ltd","[""2021] EWCA Civ 326"", ""[2022] 1 All ER (Comm) 940""]; []",,"html"
"ec78e346-8b5e-4313-a615-4024a7aeb6c4","Eckland v Chief Constable of the Avon and Somerset Constabulary (Rev3)","[""[2022] WLR(D) 15"", ""[2022] ICR 606"", ""[2021] EWCA Civ 1961""]; []",,"html"
"08ec79c4-3ad3-48d7-a2dd-e25963222b3c","Wahid, R (On the Application Of) v Entry Clearance Officer","[""[2021] EWCA Civ 346""]; []",,"html"
"28a3c82e-4ee6-4653-b08e-6c16e08e8817","Canada Square Operations Ltd v Potter [2021] EWCA Civ 339","[""[2021] EWCA Civ 339"", ""[2021] CTLC 1"", ""[2021] 2 All ER (Comm) 1319"", ""[2021] 4 All ER 1036"", ""[2021] 3 WLR 777"", ""[2022] QB 1""]; []",,"html"
"a1787aa8-3208-4d55-b92e-076ece53d184","Royal Bank of Scotland Plc v AB [2021] EWCA Civ 345","[""[2021] EWCA Civ 345""]; []",,"html"
"a7f7f496-b15f-4043-930a-7ae9450fa5a2","Morley (t/a Morley Estates) v The Royal Bank of Scotland Plc","[""[2021] EWCA Civ 338""]; []",,"html"
"8eb6d04c-c40a-48f7-bfb2-5382b3076398","Privacy International & Ors v Secretary of State for Foreign and Commonwealth Affairs & Ors","[""[2021] QB 1087"", ""[2021] HRLR 8"", ""[2021] EWCA Civ 330"", ""[2022] 1 All ER 25"", ""[2021] WLR(D) 144"", ""[2021] 2 WLR 1333""]; []",,"html"
"63d2c1b3-0f4b-4b50-98cb-21ec694c2814","End Violence Against Women Coalition, R (On the Application Of) v Director of Public Prosecutions","[""2021] 1 WLR 5829"", ""[2021] WLR(D) 152"", ""[2021] EWCA Civ 350"", ""[2021] 2 Cr App R 2""]; []",,"html"
"5ea3b79d-c9aa-4e92-9b91-f2bdd2a392cc","L, M and P v Devon County Council [2021] EWCA Civ 358","[""[2021] EWCA Civ 358"", ""(2021) 24 CCL Rep 201"", ""[2021] ELR 420""]; []",,"html"
"273fa467-00ba-4976-93f2-72a8b26c141f","Hussain & Anor v Secretary of State for the Home Department [2021] EWCA Civ 2781","[""[2021] EWCA Civ 2781"", ""[2022] 4 WLR 4""]; []",,"html"
"be3e081b-db95-4167-a80d-64d010444112","Turani & Anor v Secretary of State for the Home Department","[""[2021] EWCA Civ 348"", ""[2021] 1 WLR 5793"", ""[2022] 1 All ER 254"", ""[2021] WLR(D) 153"", ""[2021] Imm AR 998""]; []",,"html"
"5f278938-7ea9-4712-a92d-5950c9e62d61","Ras Al Khaimah Investment Authority v Azima [2021] EWCA Civ 349","[""[2021] EWCA Civ 349""]; []",,"html"
"8abcbd1f-7f26-48b5-a403-1d846cbb8d86","Seabrook v Adam [2021] EWCA Civ 382","[""2021] WLR(D) 170"", ""[2021] EWCA Civ 382"", ""[2021] Costs LR 505"", ""[2021] 4 WLR 54"", ""[2021] RTR 28""]; []",,"html"
"24f085a5-06e1-4cd4-8c2d-f11d7a7e820d","The Secretary of State for the Home Department v Tariq [2021] EWCA Civ 378","[""[2021] Imm AR 1035"", ""[2021] EWCA Civ 378""]; []",,"html"
"f5ee0684-beb7-41c9-a444-78ba304d15fe","Anderson & Ors v Basildon District Council","[""[2021] EWCA Civ 363""]; []",,"html"
"1004d73f-cf54-4226-8e62-96375c01a304","Worcestershire County Council v Secretary of State for Health and Social Care [2021] EWCA Civ 1957","[""[2022] MHLR 57"", ""[2022] WLR(D) 14"", ""[2021] EWCA Civ 1957"", ""(2022) 186 BMLR 1"", ""(2022) 25 CCL Rep 177"", ""[2022] PTSR 833""]; []",,"html"
"28d897f5-f708-4c68-b2bc-c6427a315140","Parfitt v Guy's and St Thomas' Children's NHS Foundation Trust & Anor [2021] EWCA Civ 362","[""2021] Med LR 323"", ""2021] EWCA Civ 362""]; []",,"html"
"241bf608-0fb1-4532-b4d9-5831cf3ae9fd","Athena Capital Fund SICAV-FIS S.A v Crownmark Ltd","[""2021] EWCA Civ 414"", ""[2022] 1 BCLC 25""]; []",,"html"
"3d2d9320-702f-450a-a952-5910cbb0781e","Ngnoguem v Milton Keynes Council","[""[2021] WLR(D) 189"", ""[2021] EWCA Civ 396"", ""[2021] WLR 5147"", ""[2021] 1 WLR 5147""]; []",,"html"
"5b394d57-ab56-4a29-ae8a-ac422d0df40e","Blackbushe Airport Ltd v Hampshire County Council, R (On the Application of) & Ors","[""2022 QB 103"", ""2021 3 WLR 567"", ""2021 JPL 1342"", ""2021 EWCA Civ 398"", ""2021 WLR(D) 162"", ""2022 1 All ER 524""]; []",,"html"
"c6650704-2478-4e08-8c7d-752ba8d09b2d","Secretary of State for the Home Department v Starkey [2021] EWCA Civ 421","[""[2021] EWCA Civ 421"", ""[2021] Imm AR 1106""]; []",,"html"
"ba7ce78d-1e86-454d-aa8d-c18eb6774b2f","Chuan-Hui & Ors v K Group Holdings Inc & Ors","[""[2021] WLR(D) 179"", ""[2021] EWCA Civ 403""]; []",,"html"
"e2b33909-8ea1-4a5a-94e0-b819820b017c","Steer v Stormsure Ltd [2021] EWCA Civ 887 | Interim Relief in Employment Law","[""[2021] WLR(D) 336"", ""[2021] ICR 1671"", ""[2021] EWCA Civ 887"", ""[2021] IRLR 762""]; []",,"html"
"323ec1c2-a175-4296-93f5-1d5e65fb1764","Depp II v News Group Newspapers Ltd & Anor","[""[2021] EWCA Civ 423""]; []",,"html"
"83232884-a49e-4146-9351-8acee9ee71ab","UK Gymnastics Ltd & Ors v British Amateur Gymnastics Association [2021] EWCA Civ 425","[""[2021] EWCA Civ 425""]; []",,"html"
"9f920875-17d9-4aac-a868-2d7c00ade136","Vestel Elektronik Sanayi Ve Ticaret A.S. & Anor v Access Advance LLC & Anor","[""[2021] EWCA Civ 440"", ""[2021] WLR(D) 178"", ""[2021] 4 WLR 60""]; []",,"html"
"85b5b785-6968-4c02-9cc3-fedb9bce062a","Newman v Southampton City Council & Ors [2021] EWCA Civ 437","[""[2021] 1 WLR 2900"", ""[2021] 3 FCR 753"", ""[2021] WLR(D) 182"", ""[2021] EMLR 16"", ""[2022] 1 FLR 97"", ""[2021] EWCA Civ 437""]; []",,"html"
"1a4fcd2c-0863-4e09-81be-ef316424e562","A, B and C (Children), Re (Rev 1) [2021] EWCA Civ 451","[""[2021] EWCA Civ 451""]; []",,"html"
"823b4677-292b-44a3-b63d-e4f587fe36a0","M (Special Guardianship Order: Leave To Apply To Discharge) [2021] EWCA Civ 442","[""[2021] WLR(D) 209"", ""[2021] 3 WLR 1203"", ""[2022] Fam 53"", ""[2021] EWCA Civ 442""]; []",,"html"
"c266392d-1ded-4257-ba06-d8dc50a1f171","City of London v Various Leaseholders of Great Arthur House [2021] EWCA Civ 431","[""[2021] EWCA Civ 431""]; []",,"html"
"e5082efc-9efd-41dc-a114-62caceb174ba","Keshwala & Anor v Bhalsod & Anor [2021] EWCA Civ 492","[""2021] WLR 4004"", ""[2021] 1 WLR 4004"", ""[2021] WLR(D) 207"", ""[2021] EWCA Civ 492""]; []",,"html"
"bd5e3034-a6ac-4ea8-b441-52b90e6b228e","Lipton & Anor v BA City Flyer Ltd","[""[2021] WLR(D) 180"", ""[2021] EWCA Civ 454"", ""[2021] 1 WLR 2545"", ""[2022] 1 All ER 120"", ""[2021] WLR 2545"", ""[2021] 1 Lloyd's Rep 484""]; []",,"html"
"7f8dc863-0a7e-418c-b558-5b1c59cff9fd","Adams v Options UK Personal Pensions LLP [2021] EWCA Civ 474","[""2022] 1 BCLC 325"", ""[2021] EWCA Civ 474"", ""[2021] Bus LR 1568""]; []",,"html"
"f0022e90-d6b2-4255-aa84-750a85644748","Wood v Commercial First Business Ltd & Ors","[""2021 CTLC 65"", ""2022 Ch 123"", ""2021 EWCA Civ 471"", ""2021 WLR(D) 193"", ""2021 2 P & CR DG8"", ""2021 3 WLR 395"", ""2021 2 BCLC 669""]; []",,"html"
"c275239a-3da3-47b5-bdee-8c667a74c98f","Mujahid, R (On the Application Of) v First Tier Tribunal (Immigration and Asylum Chamber)","[""2021"", ""1 WLR 3404"", ""2021 WLR(D) 188"", ""2021 EWCA Civ 449"", ""2021 INLR 517""]; []",,"html"
"487b93ce-f29b-46a3-a396-ca4acc6406e7","TuneIn Inc v Warner Music UK Ltd & Anor [2021] EWCA Civ 441","[""[2021] EWCA Civ 441"", ""[2022] 2 All ER 35"", ""[2021] EMLR 18"", ""[2021] RPC 11"", ""[2021] WLR(D) 183"", ""[2021] ECDR 14"", ""[2021] Bus LR 1119""]; [""[2019] EWHC 2923 (Ch)""]",,"html"
"da62fc88-b84f-4c9a-824a-b9319703da35","H-N and Others (Children) (Domestic Abuse: Finding of Fact Hearings)","[""[2021] EWCA Civ 448"", ""[2022] 1 WLR 2681"", ""[2022] WLR 2681"", ""[2022] 1 All ER 475"", ""[2021] 2 FLR 1116"", ""[2022] 1 FCR 129""]; []",,"html"
"f37388a0-a94e-437d-a99a-6558997a4ace","F (A Child: Adjournment) [2021] EWCA Civ 469","[""[2021] EWCA Civ 469""]; []",,"html"
"3580dae3-cc89-4eeb-91ca-447c00f35511","Davis v Lloyds Bank Plc [2021] EWCA Civ 557 - Appeal on Breach of Statutory Duty","[""[2021] EWCA Civ 557""]; []",,"html"
"2ee3768b-49d9-45f5-856c-1a58f20a6cc7","P (A Child) (Interim Separation) [2021] EWCA Civ 499","[""[2021] EWCA Civ 499""]; []",,"html"
"3d74a849-5167-4d5f-858b-4a7641757776","P (Discharge of Party), Re [2021] EWCA Civ 512","[""[2021] EWCA Civ 512"", ""[2021] WLR(D) 215"", ""[2021] 1 WLR 3098""]; []",,"html"
"070ca15a-1e4b-45dd-8472-c705fdaddcb8","Michael Wilson & Partners Ltd v Sinclair & Ors","[""[2021] 4 WLR 63"", ""[2021] WLR(D) 213"", ""[2021] EWCA Civ 505""]; []",,"html"
"0ab04abc-298d-49dd-a566-34253a50979d","OT Computers Ltd v Infineon Technologies AG & Anor","[""[2021] 4 All ER 1095"", ""[2021] QB 1183"", ""[2021] EWCA Civ 501"", ""[2021] BPIR 986"", ""[2021] WLR(D) 200"", ""[2021] 3 WLR 61""]; []",,"html"
"5c36f85a-9b94-48b9-a52c-d40e022edffa","Infinity Distribution Ltd v The Khan Partnership LLP","[""[2021] WLR 4630"", ""[2021] EWCA Civ 565"", ""[2021] 1 WLR 4630"", ""[2021] WLR(D) 222""]; []",,"html"
"f2dbd1ac-676b-4071-9d54-f0b41e6d79dd","Corbyn v Millett [2021] EWCA Civ 567 - Libel Appeal Analysis","[""[2021] EWCA Civ 567"", ""[2021] EMLR 19""]; []",,"html"
"544deed6-b377-4f15-af1a-d13ec3026c3f","IGE USA Investments Ltd & Ors v Revenue And Customs","[""[2021] EWCA Civ 534"", ""[2021] 3 WLR 313"", ""[2021] WLR(D) 199"", ""[2021] Ch 423"", ""[2021] STC 887""]; []",,"html"
"3ed98197-2320-488d-a3b9-64dce9d7d6cd","MR (Pakistan) & Anor v Secretary of State for Justice & Orse [2021] EWCA Civ 541","[""2021] EWCA Civ 541"", ""[2021] WLR(D) 197"", ""[2021] 4 WLR 79""]; []",,"html"
"21bfdf24-b757-477e-9f0a-d9f3c37ffbd2","National Union of Professional Foster Carers v The Certification Officer [2021] EWCA Civ 548","[""[2021] WLR(D) 206"", ""[2021] EWCA Civ 548"", ""[2021] IRLR 588"", ""[2021] ICR 1397"", ""[2021] 4 All ER 826""]; []",,"html"
"92bd14e9-7c50-43aa-a20b-ca5bdecfe54c","Stanford International Bank Ltd v HSBC Bank Plc","[""2021] EWCA Civ 535"", ""[2021] WLR(D) 214"", ""[2021] 1 BCLC 711"", ""[2021] 1 WLR 3507"", ""[2022] 1 All ER (Comm) 556""]; []",,"html"
"328c2c9a-1fdf-47b2-8ba1-5718904876af","Berkeley Square Holdings Ltd & Ors v Lancer Property Asset Management Ltd & Ors","[""[2021] WLR 4877"", ""[2021] 1 WLR 4877"", ""[2021] WLR(D) 210"", ""[2021] EWCA Civ 551""]; []",,"html"
"14f7595c-efb1-40bc-9642-5c8d9f28f4c0","D (A Child) [2021] EWCA Civ 787","[""[2021] EWCA Civ 787""]; []",,"html"
"8677b256-7025-402a-b1da-7d69ca314e47","M Sport Ltd, R (On the Application Of) v Her Majesty's Revenue And Customs","[""[2021] EWCA Civ 561"", ""[2021] WLR(D) 208"", ""[2021] 4 WLR 62"", ""[2021] BTC 12"", ""[2021] STI 1437"", ""[2021] STC 943""]; []",,"html"
"f9d0491b-eda1-493d-a944-28c8891bb87a","Yoo Design Services Ltd v Iliv Realty PTE Ltd","[""[2021] EWCA Civ 560""]; []",,"html"
"66ad5573-d9f7-4bd3-9835-5bd9498ecb1b","Kelly v PGA European Tour [2021] EWCA Civ 559","[""2021] ICR 1124"", ""[2021] WLR(D) 217"", ""[2021] EWCA Civ 559"", ""[2021] IRLR 575""]; []",,"html"
"d28743ce-ff97-49e6-9349-40f0dab33acb","Zurich Insurance PLC v Niramax Group Ltd [2021] EWCA Civ 590","[""[2021] EWCA Civ 590""]; []",,"html"
"0199f711-8f61-4b47-ad43-1ed8c9fb142c","Rai v The Crown Court sitting at Winchester","[""[2021] Crim LR 795"", ""[2021] EMLR 21"", ""[2021] EWCA Civ 604"", ""[2021] 2 Cr App R 20""]; []",,"html"
"195cc77e-3bda-4e25-afb4-d10c3d73f674","Hudson v Royal Borough of Windsor and Maidenhead & Ors","[""[2021] EWCA Civ 592"", ""[2021] 1 WLR 5588"", ""[2021] WLR(D) 240"", ""[2022] 1 P & CR 19"", ""[2022] Env LR 2"", ""[2022] 1 All ER 948""]; []",,"html"
"c8878e64-e01e-4967-b499-12748dbce6aa","Secretary of State for Transport v Curzon Park Ltd & Ors [2021] EWCA Civ 651","[""2021] EWCA Civ 651"", ""[2021] WLR(D) 260"", ""[2021] PTSR 1560""]; []",,"html"
"e024147d-94bc-40fe-9784-df8b63565b0e","Aster Communities v Kerry Chapman & Ors [2021] EWCA Civ 660","[""[2021] EWCA Civ 660"", ""[2021] WLR(D) 269"", ""[2021] 4 WLR 74""]; []",,"html"
"ade5ef1b-5f76-4626-8fc5-517f5ee049f8","Dodika Ltd & Ors v United Luck Group Holdings Ltd [2021] EWCA Civ 638","[""[2021] EWCA Civ 638""]; []",,"html"
"fa5a29d9-af14-420b-a650-f10de11f6153","Glossop Cartons and Print Ltd & Ors v Contact (Print & Packaging) Ltd & Ors","[""[2021] WLR 4297"", ""[2022] 1 All ER (Comm) 799"", ""[2021] EWCA Civ 639"", ""[2021] 1 WLR 4297""]; []",,"html"
"f0a70eb3-8bfe-4b23-b2ff-5b0f08ad9b5d","Addison Lee Ltd v Lange & Ors [2021] EWCA Civ 594","[""[2021] EWCA Civ 594""]; []",,"html"
"3c1625fb-8252-4ffe-831d-05c106a0a0e8","Her Majesty's Customs And Excise v Devon Waste Management Ltd & Ors","[""[2021] STC 990"", ""[2021] WLR(D) 231"", ""[2022] Env LR 1"", ""[2021] EWCA Civ 584"", ""[2021] 4 WLR 89""]; []",,"html"
"9d940ba8-25c8-4f5d-8120-d9748ca3ea22","S (A Child) [2021] EWCA Civ 605","[""[2021] EWCA Civ 605""]; []",,"html"
"54bf937f-91c8-4e57-83f4-67a3877df702","All Answers Ltd v W & Anor [2021] EWCA Civ 606","[""[2021] EWCA Civ 606"", ""[2021] IRLR 612""]; []",,"html"
"90f5bc68-cc95-4299-a967-d5b2208f47cf","CHF & Ors, R (On the Application Of) v Newick Church of England Primary School & Anor [2021] EWCA Civ 613","[""[2021] EWCA Civ 613""]; []",,"html"
"88042e1c-e857-4c03-9860-d22ccdb0a678","City of London Police v Geldart [2021] EWCA Civ 611","[""[2021] WLR(D) 242"", ""[2021] ICR 1329"", ""[2021] EWCA Civ 611"", ""[2021] IRLR 749""]; []",,"html"
"f5308cdc-c694-4460-967f-44a6cf7e109a","TD (Albania) v Secretary of State for the Home Department","[""[2021] EWCA Civ 619""]; []",,"html"
"ff08b98e-50bd-4079-920f-541c52d04229","Khan v Revenue & Customs","[""2021] BTC 13"", ""[2021] STC 954"", ""[2021] STI 1515"", ""[2022] 1 WLR 539"", ""[2022] WLR 539"", ""[2021] EWCA Civ 624""]; []",,"html"
"cd9ea2e1-633c-4b07-b8bc-180da216b237","Stokoe Partnership Solicitors v Grayson & Ors [2021] EWCA Civ 626","[""[2021] EWCA Civ 626"", ""[2021] WLR(D) 261"", ""[2021] 4 WLR 87""]; []",,"html"
"242cfe0f-4fb2-484a-9b1d-9937a0a39b66","Manek & Ors v IIFL Wealth (UK) Ltd & Ors","[""[2021] EWCA Civ 625""]; []",,"html"
"526d9904-5b0c-4a83-87d4-3a2efae5f873","Sastry & Anor v General Medical Council [2021] EWCA Civ 623","[""[2021] ICR 1565"", ""[2021] WLR 5029"", ""[2021] WLR(D) 256"", ""(2021) 180 BMLR 1"", ""[2021] 1 WLR 5029"", ""[2021] EWCA Civ 623"", ""[2021] Med LR 401""]; []",,"html"
"d504d453-05a6-4b98-a9aa-b574b6ed60b7","SDI Retail Services Ltd v Rangers Football Club Ltd","[""2021] EWCA Civ 790""]; []",,"html"
"039fb2b5-f428-43f4-97b4-d3411108e4f0","F & G, Re (Discharge of Special Guardianship Order) (Rev1)","[""[2022] Fam 78"", ""[2021] 3 WLR 1225"", ""[2021] WLR(D) 252"", ""[2021] EWCA Civ 622""]; []",,"html"
"3aea19c0-9f48-40ac-acae-3e30ee6aa003","DPP Law Ltd v Greenberg [2021] EWCA Civ 672","[""[2021] EWCA Civ 672"", ""[2021] IRLR 1016""]; []",,"html"
"4bbd1eaf-1c32-437c-86bb-b3f2b97f0ab8","Lifestyle Equities C.V. & Anor v Ahmed & Anor [2021] EWCA Civ 675","[""2021] WLR(D) 270"", ""[2021] EWCA Civ 675"", ""[2021] Bus LR 1020""]; []",,"html"
"768c29ef-8d04-4e13-9cd6-174aaf62195f","Royal Mail PLC v Office of Communications & Anor [2021] EWCA Civ 669","[""2021] Bus LR 1045"", ""[2021] WLR(D) 266"", ""[2021] EWCA Civ 669""]; []",,"html"
"e8d3a8c1-09a0-45ef-8224-dd5f52ff663f","Wang & Anor, R (On the Application Of) v Secretary of State for the Home Department","[""[2021] WLR(D) 271"", ""[2021] Imm AR 1339"", ""[2021] EWCA Civ 679"", ""[2021] 4 WLR 70""]; []",,"html"
"ea29a7ee-aabc-43d3-a4f6-6d6009925230","Sciortino v Beaumont","[""2021""]; [""[2021] 3 WLR 343"", ""[2021] PNLR 21"", ""[2021] EWCA Civ 786"", ""[2021] WLR(D) 317"", ""[2021] Ch 365""]",,"html"
"dd922a79-51a4-4d6e-b4b3-998d7ea5f18a","Wisbey v Commissioner of the City of London Police & Anr","[""2021 EWCA Civ 650"", ""2021 IRLR 691"", ""2021 ICR 1485"", ""2021 WLR(D) 264""]; []",,"html"
"0d4e6d98-b729-46c7-a1e5-39e3f126d142","Alta Trading UK Ltd v Bosworth [2021] EWCA Civ 687","[""2021] EWCA Civ 687"", ""[2022] IRLR 313"", ""[2021] ICR 1358"", ""[2021] WLR(D) 285"", ""[2021] 2 CLC 358""]; []",,"html"
"d74e03dc-4c15-4a5e-9ebe-c591f116b9e1","Facebook, Inc. & Anor v The Competition And Markets Authority [2021] EWCA Civ 701","[""[2021] Bus LR 1178"", ""[2022] 1 All ER (Comm) 33"", ""[2021] EWCA Civ 701"", ""[2021] WLR(D) 277""]; []",,"html"
"b3046c9b-3dbb-489d-986c-bbc98aaa9660","Dansingani & Anor v Canara Bank [2021] EWCA Civ 714","[""[2021] EWCA Civ 714""]; []",,"html"
"e30a732e-7630-4ece-b818-96ac256e40dd","Akter v Secretary of State for the Home Department [2021] EWCA Civ 704","[""[2021] EWCA Civ 704""]; []",,"html"
"d1502f02-54c2-4ad2-86b3-72cdd5286574","Sivier v Riley [2021] EWCA Civ 713","[""[2021] EMLR 22"", ""[2021] EWCA Civ 713"", ""[2021] WLR(D) 282"", ""[2021] 4 WLR 84""]; []",,"html"
"c7cdd824-80c3-4805-8ef6-f6ff47f20715","The Electronic Collar Manufacturers Association & Anor v The Secretary of State for the Environment, Food and Rural Affairs","[""[2021] EWCA Civ 666""]; []",,"html"
"e9bbaede-aa07-4dbf-a856-5a9a8185ccc1","Donovan & Anor v Grainmarket Asset Management LLP [2021] EWCA Civ 686","[""[2021] EWCA Civ 686""]; []",,"html"
"b1977a3f-d25d-4291-a7fb-9cd2237eae2c","TFS Stores Ltd v The Designer Retail Outlet Centres (Mansfield) General Partner Ltd & Ors","[""[2021] WLR(D) 288"", ""[2021] Bus LR 1407"", ""[2021] EWCA Civ 688""]; []",,"html"
"99dc0496-7024-4c46-b882-2cb4a0423e85","Natwest Markets Plc & Anor v Bilta (UK) Ltd & Ors [2021] EWCA Civ 680","[""[2021] EWCA Civ 680""]; []",,"html"
"f48fc5bd-e1bf-4698-8432-4d6a97dddef4","KM v Secretary of State for the Home Department","[""[2021] Imm AR 1361"", ""[2021] EWCA Civ 693""]; []",,"html"
"4ae81e18-c605-4f6b-9f81-5ba8683cf675","Gell v 32 St John's Road (Eastbourne) Management Company Ltd [2021] EWCA Civ 789","[""[2021] EWCA Civ 789"", ""[2021] 1 WLR 6094"", ""[2021] WLR(D) 322""]; []",,"html"
"3b0c69c0-48eb-45e1-9e15-c64945d67f9d","Potanina v Potanin [2021] EWCA Civ 702","[""2021] WLR(D) 279"", ""[2021] EWCA Civ 702"", ""[2021] 3 WLR 967"", ""[2022] Fam 23""]; []",,"html"
"2c8bed8b-0add-4965-bd1f-aa4f59c94e01","Elliott v Hattens Solicitors (a firm) [2021] EWCA Civ 720","[""[2022] 1 All ER 635"", ""[2021] WLR(D) 292"", ""[2021] PNLR 25"", ""[2021] EWCA Civ 720""]; []",,"html"
"2570d70a-6c09-4d61-80b1-fdccbe06f568","Thomas v Luv One Luv All Promotions Ltd & Anor [2021] EWCA Civ 732","[""[2021] EWCA Civ 732"", ""[2022] 1 All ER 383"", ""[2021] WLR(D) 296"", ""[2022] 4 WLR 9"", ""[2021] FSR 34""]; []",,"html"
"e17690e4-b565-4446-be5b-0256f3c90656","Septo Trading Inc v Tintrade Ltd","[""[2021] EWCA Civ 718""]; []",,"html"
"beb4c0af-13b9-4358-9d43-49f74a7d4ff7","TT (Children) [2021] EWCA Civ 742 - Discharge of Care Order Appeal","[""[2022] Fam 213"", ""[2021] EWCA Civ 742"", ""[2021] WLR(D) 298"", ""[2021] 3 WLR 1249""]; []",,"html"
"516f9f6b-b28f-4145-9b3d-916ef66cf4ac","N (Children) [2021] EWCA Civ 785","[""[2021] EWCA Civ 785""]; []",,"html"
"9a799194-1fd2-4bb1-b5df-bfcf70965182","H-M (Children) [2021] EWCA Civ 748","[""[2021] EWCA Civ 748""]; []",,"html"
"d720eac9-44cd-4d92-9889-e7595a36932e","Haris v General Medical Council","[""(2021) 181 BMLR 58"", ""[2021] Med LR 498"", ""[2021] EWCA Civ 763""]; []",,"html"
"2ada2b1b-392d-4151-825e-52208d49a710","Lenkor Energy Trading DMCC v Puri: Appeal on Illegality and Enforcement of Judgments","[""[2021] EWCA Civ 770""]; []",,"html"
"43c32b26-6e77-4e2f-9e72-afe9f24f64d0","Laci v Secretary of State for the Home Department","[""2021 INLR 641"", ""2021 EWCA Civ 769"", ""2021 4 WLR 86"", ""2021 Imm AR 1410"", ""2021 WLR(D) 297""]; []",,"html"
"3b4b619b-346a-4214-97e7-d3b59de6b39b","Heathrow Airport Ltd & Ors v Her Majesty's Treasury (Rev 1) [2021] EWCA Civ 783","[""[2021] BVC 16"", ""[2021] STC 1203"", ""[2021] EWCA Civ 783""]; []",,"html"
"76457be2-a55e-4b5f-8fa4-2614fe50a2a2","Jallow v Secretary of State for the Home Department","[""[2021] Imm AR 1437"", ""[2021] EWCA Civ 788""]; []",,"html"
"8450ad33-b36a-4ab2-8fdd-7255224624fd","Britvic Plc v Britvic Pensions Ltd & Anor","[""2021] WLR(D) 330"", ""[2022] 2 All ER 457"", ""[2021] EWCA Civ 867"", ""[2021] ICR 1648"", ""[2022] IRLR 537"", ""[2021] Pens LR 16""]; []",,"html"
"5e48060b-4f27-436f-bdee-40229d3aa8f2","EMFC Loan Syndications LLP v The Resort Group Plc","[""[2022] 1 WLR 717"", ""[2021] EWCA Civ 844"", ""[2021] WLR(D) 328""]; []",,"html"
"b43a181d-4507-45c6-85a6-91051b1a024d","R (Care Proceedings Joinder of Foster Carers) [2021] EWCA Civ 875","[""[2021] 4 WLR 104"", ""[2022] 1 All ER 146"", ""[2021] WLR(D) 341"", ""[2022] 1 FLR 395"", ""[2021] EWCA Civ 875""]; []",,"html"
"715b37d5-694c-4b25-b4a6-244d8ed0cb2b","Fiberweb Geosynthetics Ltd v Geofabrics Ltd","[""[2021] EWCA Civ 854""]; []",,"html"
"c129a108-997e-4c92-81d0-494a94a36337","Steer v Stormsure Ltd [2021] EWCA Civ 887","[""[2021] WLR(D) 336"", ""[2021] ICR 1671"", ""[2021] EWCA Civ 887"", ""[2021] IRLR 762""]; []",,"html"
"980664d4-6e5c-403d-aa66-1a8a2a8edde8","Munir v Revenue And Customs","[""[2021] EWCA Civ 799""]; []",,"html"
"dbe0c664-e736-4727-8df4-ed27fc522458","Chalcot Training Ltd v Ralph & Anor [2021] EWCA Civ 795","[""2022] 1 BCLC 199"", ""[2021] BCC 815"", ""[2021] EWCA Civ 795"", ""[2021] STC 1352"", ""[2021] BTC 18""]; []",,"html"
"897af7ec-93dd-4080-a5e4-052b70da9be7","Re L (A Child: Step-Parent Adoption) [2021] EWCA Civ 801","[""[2021] EWCA Civ 801""]; []",,"html"
"7f87dbec-6d7e-4348-ab33-269e35680022","Gregor Fisken Ltd v Carl [2021] EWCA Civ 792","[""[2021] EWCA Civ 792"", ""[2022] 1 All ER (Comm) 526"", ""[2021] 4 WLR 91""]; []",,"html"
"36821e13-0ec1-4e84-9341-c9367cd608b9","Robinson v Al-Qasimi [2021] EWCA Civ 862","[""2021] EWCA Civ 862"", ""[2021] WLR(D) 332"", ""[2021] IRLR 774"", ""[2021] ICR 1533""]; []",,"html"
"32144f46-c024-4aa1-84b0-752991587e01","Mobeen v Secretary of State for the Home Department [2021] EWCA Civ 886","[""[2021] EWCA Civ 886""]; []",,"html"
"e1e338c3-b6dc-4e51-a39b-422579694f4f","The Open Rights Group & Anor v The Secretary of State for the Home Department & Anor","[""[2021] HRLR 10"", ""[2021] EWCA Civ 800"", ""[2021] 1 WLR 3611"", ""[2021] WLR 3611"", ""[2021] WLR(D) 303""]; []",,"html"
"7ee39bd3-9fa5-4e34-b6df-b6fe4791ecd3","Flynn v The London Borough of Southwark Council & Anor [2021] EWCA Civ 827","[""[2021] EWCA Civ 827""]; []",,"html"
"52c042b1-1d1c-4591-94c0-de3ac662ac12","Nuffield Health v London Borough of Merton [2021] EWCA Civ 826","[""2021] WLR(D) 318"", ""[2021] EWCA Civ 826"", ""[2022] Ch 1"", ""[2021] 3 WLR 838""]; []",,"html"
"b1b90149-2680-4542-b1b2-f9ac340b7e3e","Lopes, R (On the Application Of) v Secretary of State for the Home Department","[""[2021] EWCA Civ 805""]; []",,"html"
"56f4b936-dea5-4437-8bf4-f2f5b204aa71","European Film Bonds A/S & Ors v Lotus Holdings LLC & Ors [2021] EWCA Civ 807","[""[2021] EWCA Civ 807""]; []",,"html"
"31e2ce62-2c7a-4742-abd2-e194ac9b5c2f","M (Children: Applications By Email) [2021] EWCA Civ 806","[""2021] WLR(D) 321"", ""[2021] EWCA Civ 806"", ""[2021] 4 WLR 100""]; []",,"html"
"25e81c48-dd00-4a8b-98ff-b6b233f2c1f1","Zedra Trust Company (Jersey) Ltd v The Hut Group Ltd & Ors","[""[2021] BCC 970"", ""[2021] EWCA Civ 904"", ""[2021] 2 BCLC 373""]; []",,"html"
"f6622c0f-5896-40c9-b13e-fde6f64ce99c","Patel v London Borough of Hackney [2021] EWCA Civ 897","[""[2022] PTSR 1652"", ""[2021] EWCA Civ 897""]; []",,"html"
"16e6caaa-ee0f-40ed-8b3b-815148d7d9f4","Akbar v The Secretary of State for Justice [2021] EWCA Civ 898","[""[2021] 4 WLR 94"", ""[2021] WLR(D) 350"", ""[2021] EWCA Civ 898""]; []",,"html"
"e4d0d8f2-1d41-4f68-a749-839252ecf132","MS (Zimbabwe) v Secretary of State for the Home Department [2021] EWCA Civ 941","[""[2021] EWCA Civ 941""]; []",,"html"
"87d36928-7669-48bb-8abd-37a455c79bb6","Royal Opera House Covent Garden Foundation v Commissioners for Her Majesty's Revenue and Customs","[""[2021] STI 1718"", ""[2021] BVC 12"", ""[2021] EWCA Civ 910"", ""[2021] STC 1374""]; []",,"html"
"14fbf5ed-e461-4972-bd71-90c5a840c930","Broadcasting Investment Group Ltd & Ors v Smith & Anor [2021] EWCA Civ 912","[""[2021] EWCA Civ 912"", ""[2022] 1 BCLC 178"", ""[2022] 1 WLR 1"", ""[2021] WLR(D) 349""]; []",,"html"
"28f145c1-be75-4b81-b744-62832110fd38","A (Children) (Abduction: Article 13(b)) [2021] EWCA Civ 939","[""2021] EWCA Civ 939"", ""[2021] WLR(D) 359"", ""[2021] 4 WLR 99""]; []",,"html"
"12aa692a-9033-4bb1-9306-aa1e605a9a30","AE (Iraq) v The Secretary of State for the Home Department [2021] EWCA Civ 948","[""[2021] EWCA Civ 948"", ""[2021] Imm AR 1499""]; []",,"html"
"05b4cfd2-de76-4fc6-9a45-ad0a36ea8695","NA (Bangladesh) & Ors v Secretary of State for the Home Department","[""2021] EWCA Civ 953"", ""[2021] 1 WLR 4670"", ""[2021] Imm AR 1521"", ""[2021] INLR 573"", ""[2021] WLR(D) 356""]; []",,"html"
"aed28efb-eef4-4113-8750-5b51280a471b","Des Pallieres v Des Pallieres [2021] EWCA Civ 955","[""[2021] EWCA Civ 955"", ""[2021] WLR(D) 358"", ""[2021] 4 WLR 96""]; []",,"html"
"f8e2312f-d7ca-4cc6-8b54-bdc3d0828506","Minister v Hathaway & Anor [2021] EWCA Civ 936","[""[2021] EWCA Civ 936"", ""[2021] WLR(D) 353""]; []",,"html"
"72f1b1f6-1d8c-45e1-a78a-f8249ab87004","Milton Keynes Hospitals NHS Foundation Trust v HM Revenue & Customs","[""2021 BVC 13"", ""2021 EWCA Civ 942"", ""2021 STC 1395"", ""2021 STI 1749""]; []",,"html"
"20955288-a329-49db-84b9-58bf35ff4ddd","The Independent Workers Union of Great Britain v The Central Arbitration Committee","[""2021] IRLR 796"", ""[2022] ICR 84"", ""[2022] 2 All ER 1105"", ""[2021] WLR(D) 357"", ""[2021] EWCA Civ 952""]; []",,"html"
"edcb5a1d-e65a-4f04-a3aa-74554a13ac56","Monsolar IQ Ltd v Woden Park Ltd [2021] EWCA Civ 961","[""[2021] EWCA Civ 961""]; []",,"html"
"00b4f537-07df-4292-ad33-1820d2dca417","Goodinson v PRA Group (UK) Ltd [2021] EWCA Civ 957","[""2021] 1 WLR 5249"", ""[2021] EWCA Civ 957"", ""[2021] WLR 5249"", ""[2021] WLR(D) 361""]; []",,"html"
"95ba120e-4335-483a-9fe4-db59c4c97a3c","Moore & Anor v Secretary of State for Work and Pensions [2021] EWCA Civ 970","[""[2021] EWCA Civ 970""]; []",,"html"
"943f2fb8-52dc-4dc8-90f8-ec2d43a7b75e","Avison Young Ltd v Jackson (Valuation Officer) [2021] EWCA Civ 969","[""[2021] EWCA Civ 969""]; []",,"html"
"fec3b86a-75f6-42f9-8b6c-4c5f561eb3d1","Reprieve & Ors, R (On the Application Of) v The Prime Minister","[""[2022] QB 447"", ""[2021] EWCA Civ 972"", ""[2022] 2 All ER 279"", ""[2021] WLR(D) 365"", ""[2022] 2 WLR 1""]; []",,"html"
"488eb48d-0894-4d27-b1f7-dc52925caa6a","Valbonne Estates Ltd v Cityvalue Estates Ltd & Anor [2021] EWCA Civ 973","[""[2021] EWCA Civ 973""]; []",,"html"
"1c7d71e9-5ce8-48e1-93e7-334dbd92b856","Smith v The Royal Bank of Scotland Plc","[""[2021] Costs LR 677"", ""[2021] EWCA Civ 977""]; []",,"html"
"d953a7a2-8569-4b90-a2f2-2478c6b87c96","McGaw v The Welsh Ministers [2021] EWCA Civ 976","[""[2021] EWCA Civ 976""]; [""[2020] EWHC 2588 (Admin)""]",,"html"
"9ccc40cd-b4fc-4130-b7b2-abe622a93c7e","Travelers Insurance Company Ltd v Armstrong & Anor","[""[2021] EWCA Civ 978"", ""[2021] Lloyd's Rep IR 454"", ""[2022] 1 All ER (Comm) 1366""]; []",,"html"
