draft_id,search_id,citation,citation_kind,predicted_citation_status,predicted_holding_accuracy,predicted_reasoning_grounding,holding_score,grounding_score,holding_source,cited_authority_retrieved,best_passage_rank,best_passage_case_id,best_passage_chunk_id,best_passage_chunk_type,holding_evidence,grounding_evidence,notes,case_doc_id,input_type,citation_index,in_validation_sample,citation_verification_status,adjudicated_holding_accuracy,adjudicated_reasoning_grounding,holding_accuracy_R1,holding_accuracy_R2,reasoning_grounding_R1,reasoning_grounding_R2
cmst45vlc000h04l7f6nlqawg,cmst43r4x000b04l747yntyz2,[2000] 1 WLR 377,report,not_found_in_corpus_registry,unclear,no,0.0000,0.1321,none,False,14,50f3324e-7e20-444c-b5c6-18d53dfb80ed,50f3324e-7e20-444c-b5c6-18d53dfb80ed_case_analysis,case_analysis,authoritative judgment text unavailable; holding cannot be verified from a citation alone,"cited authority absent from the linked retrieval; closest passage rank 14 (case_analysis, score=0.132): Case Analysis and Reasoning: Precedent Strength Assessment (7/10): • The court's ruling addresses significant points of financial regulatory law, particularly the COBS rules, making it potentially influential. • The case has a reasonable chance of being cited in future cases concerning financial misrepresentations and obligations of banks towards non-sophist",authority was not found in the supplied corpus registry,skeleton-args-ca2015008373-db13b0c8e36da3c2,synthetic,1,yes,not_found_in_corpus_registry,partial,no,partial,partial,no,no
cmmxpdot1000h04i8q3aleh7a,cmmxp9veu000b04i838upwih8,English v Emery Reimbold & Strick Ltd [2002] EWCA Civ 605,neutral,in_corpus_not_retrieved,unclear,no,0.0000,0.0624,none,False,14,4685ad0e-87e7-4f59-8991-823ab27d9393,4685ad0e-87e7-4f59-8991-823ab27d9393_legal_reasoning,legal_reasoning,authoritative judgment text unavailable; holding cannot be verified from a citation alone,"cited authority absent from the linked retrieval; closest passage rank 14 (legal_reasoning, score=0.062): Reasoning: The excerpt outlines that the court applied established authorities on duty of care for omissions vs. positive actions and examined whether police intervention could create a duty. The Master noted that a duty of care for public authorities in tort hinges on whether intervention makes matters worse or whether control/assumption of responsibility c",authority was found in the corpus but not in the linked retrieval,karpasitis-v-hertfordshire-county-council,real,1,yes,in_corpus_not_retrieved,yes,no,yes,yes,no,no
cmm0ckscr000t04i312fc6edg,cmm0chr9w000n04i37bx1uiqp,Armitage v Nurse [1998] Ch 241,unknown,not_found_in_corpus_registry,unclear,no,0.0000,0.1842,none,False,10,8c2741c2-7eeb-471a-91de-bc6accd97a3c,8c2741c2-7eeb-471a-91de-bc6accd97a3c_case_analysis,case_analysis,authoritative judgment text unavailable; holding cannot be verified from a citation alone,"cited authority absent from the linked retrieval; closest passage rank 10 (case_analysis, score=0.184): • confidence_precedent"":0.85, Confidence: 85% Complexity Score Assessment (8/10): • Multiple intertwined issues: self-dealing, Transactions Clause, Exoneration Clause, meaning of ‘professed execution,’ ‘wilful wrongdoing,’ disclosure duties, and equitable compensation; heavy reliance on a spectrum of authorities; substantial factual background involving a de",authority was not found in the supplied corpus registry,skeleton-args-ca2018006090-aa90566cb5f6b5de,synthetic,1,yes,not_found_in_corpus_registry,partial,no,partial,partial,partial,no
cmm0ckscr000t04i312fc6edg,cmm0chr9w000n04i37bx1uiqp,Spread Trustee Co Ltd v Hutcheson [2011] UKPC 13,neutral,retrieved_and_cited,unclear,partial,0.0000,0.2561,none,True,7,cbf9a2bb-7b6f-41be-ba0f-1a84a1e459e6,cbf9a2bb-7b6f-41be-ba0f-1a84a1e459e6_case_analysis,case_analysis,authoritative judgment text unavailable; holding cannot be verified from a citation alone,"best linked passage rank 7 (case_analysis, score=0.256): Case Analysis and Reasoning: Precedent Strength Assessment (8/10): • The decision comes from the Court of Appeal (Civil Division), a high authority that affirms and clarifies the application of fiduciary-like duties and accounting remedies in equity. • The judgment relies on well-established equitable principles (accountability when control over assets is co",citation matched an authority in the linked retrieval,skeleton-args-ca2018006090-aa90566cb5f6b5de,synthetic,2,yes,not_found_in_corpus_registry,no,no,partial,no,partial,no
cmst419ew000k04ladhs06s0r,cmst3ztkq000e04labxjacu4p,Shamoon v Chief Constable of the Royal Ulster Constabulary,unknown,not_found_in_corpus_registry,unclear,no,0.0000,0.1185,none,False,4,9ae4bb2e-75ef-4733-a35d-66d61620f6e5,9ae4bb2e-75ef-4733-a35d-66d61620f6e5_case_analysis,case_analysis,authoritative judgment text unavailable; holding cannot be verified from a citation alone,"cited authority absent from the linked retrieval; closest passage rank 4 (case_analysis, score=0.119): Case Analysis and Reasoning: Precedent Strength Assessment (8/10): • The case is significant as it addresses novel interpretations of the Equality Act 2010, particularly concerning indirect discrimination and burden of proof. • The court's decision clarifies legal standards and facilitates claims of discrimination, contributing to future case law in employme",authority was not found in the supplied corpus registry,skeleton-args-ca2015000120-c8bbd9c0f403a8f6,synthetic,1,yes,not_found_in_corpus_registry,partial,no,partial,partial,no,no
cmst419ew000k04ladhs06s0r,cmst3ztkq000e04labxjacu4p,Igen Ltd v Wong,unknown,retrieved_and_cited,unclear,partial,0.0000,0.2225,none,True,5,3b44a16a-76b8-49d4-8f00-6e1767c46005,3b44a16a-76b8-49d4-8f00-6e1767c46005_case_analysis,case_analysis,authoritative judgment text unavailable; holding cannot be verified from a citation alone,"best linked passage rank 5 (case_analysis, score=0.223): Case Analysis and Reasoning: Precedent Strength Assessment (7/10): • The case reinforces existing legal standards regarding burden of proof in discrimination cases, particularly under the Race Relations Act. • Given the clarity of the holding and adherence to precedent (notably referencing Igen Ltd v Wong and Madarassy v Nomura), its rationale will likely be",citation matched an authority in the linked retrieval,skeleton-args-ca2015000120-c8bbd9c0f403a8f6,synthetic,2,yes,not_found_in_corpus_registry,yes,partial,yes,yes,yes,partial
cmmc4a8zu000h04jx2w3r0hzo,cmmc48b4h000b04jxrxrp3idf,R (Johnson) v SSHD,unknown,not_found_in_corpus_registry,unclear,no,0.0000,0.0955,none,False,1,1dbb4242-42ac-456f-989f-5098066d87ca,1dbb4242-42ac-456f-989f-5098066d87ca_legal_classification,legal_classification,authoritative judgment text unavailable; holding cannot be verified from a citation alone,"cited authority absent from the linked retrieval; closest passage rank 1 (legal_classification, score=0.095): Legal Classification: Primary Category: Administrative Law Legal Areas: Human Rights, Prison Law, Public Law Jurisdiction: England and Wales Court Level: appellate Legal Issues: Discrimination under Article 14 ECHR. Interpretation of the Repatriation of Prisoners Act 1984. Compatibility of statutory provisions with human rights Keywords: Repatriation of Pris",authority was not found in the supplied corpus registry,ca-2024-000255-ellis-v-ssj-appellant-skeleton,real,1,yes,not_found_in_corpus_registry,no,no,no,unclear,no,no
cmmc4a8zu000h04jx2w3r0hzo,cmmc48b4h000b04jxrxrp3idf,Flannery v Halifax Estate Agencies Ltd,unknown,not_found_in_corpus_registry,unclear,no,0.0000,0.1617,none,False,1,1dbb4242-42ac-456f-989f-5098066d87ca,1dbb4242-42ac-456f-989f-5098066d87ca_legal_classification,legal_classification,authoritative judgment text unavailable; holding cannot be verified from a citation alone,"cited authority absent from the linked retrieval; closest passage rank 1 (legal_classification, score=0.162): Legal Classification: Primary Category: Administrative Law Legal Areas: Human Rights, Prison Law, Public Law Jurisdiction: England and Wales Court Level: appellate Legal Issues: Discrimination under Article 14 ECHR. Interpretation of the Repatriation of Prisoners Act 1984. Compatibility of statutory provisions with human rights Keywords: Repatriation of Pris",authority was not found in the supplied corpus registry,ca-2024-000255-ellis-v-ssj-appellant-skeleton,real,2,yes,not_found_in_corpus_registry,partial,no,partial,partial,no,no
cms1u865i000904jxu5huyjg5,cms1u714o000304jxq0x5fnl6,[2002] EWCA Civ 605,neutral,in_corpus_not_retrieved,unclear,no,0.0000,0.0509,none,False,7,970ca77e-942d-4dd9-93e4-6d8ed2dcb401,970ca77e-942d-4dd9-93e4-6d8ed2dcb401_citations_precedents,citations_precedents,authoritative judgment text unavailable; holding cannot be verified from a citation alone,"cited authority absent from the linked retrieval; closest passage rank 7 (citations_precedents, score=0.051): Citations and Authorities: Neutral Citations: [2022] EWCA Civ 840 Law Reports: Referenced Cases: Secretary of State for Education and Science v Tameside MBC [1977] AC 1014, Gillick v West Norfolk and Wisbech AHA [1986] AC 112, 1951 Geneva Convention Relating to the Status of Refugees, Asylum and Immigration Appeals Act 1993, Immigration and Refugee Protectio",authority was found in the corpus but not in the linked retrieval,ca-2024-001541-the-king-on-the-application-of-respondent-skeleton,real,1,yes,in_corpus_not_retrieved,yes,no,yes,yes,no,no
cms1u865i000904jxu5huyjg5,cms1u714o000304jxq0x5fnl6,[2000] 1 WLR 377,report,not_found_in_corpus_registry,unclear,no,0.0000,0.0726,none,False,20,b293e967-2f36-4ecf-b32f-db6614193b8b,b293e967-2f36-4ecf-b32f-db6614193b8b_citations_precedents,citations_precedents,authoritative judgment text unavailable; holding cannot be verified from a citation alone,"cited authority absent from the linked retrieval; closest passage rank 20 (citations_precedents, score=0.073): Citations and Authorities: Neutral Citations: [2022] INLR 547, [2022] EWCA Civ 1057, [2022] WLR(D) 340, [2022] WLR 5381, [2022] 1 WLR 5381 Law Reports: Referenced Cases: Tribunal Procedure (Upper Tribunal) Rules 2008, Rule 43, Nationality, Immigration and Asylum Act 2002, ss. 82-106, Section 13(8) TCEA 2002, Asylum and Immigration (Treatment of Claimants, et",authority was not found in the supplied corpus registry,ca-2024-001541-the-king-on-the-application-of-respondent-skeleton,real,2,yes,not_found_in_corpus_registry,yes,no,partial,yes,no,no
cmomnx9nj000304jkyxxg2b0k,cmmxtwenv000304jr7vxcmpae,R (Burkett) v Hammersmith LBC [2002] 1 WLR 1593,report,retrieved_and_cited,unclear,no,0.0000,0.1206,none,True,17,3ff34419-ffbc-40f9-a087-a1cb1371d0e1,3ff34419-ffbc-40f9-a087-a1cb1371d0e1_legal_classification,legal_classification,authoritative judgment text unavailable; holding cannot be verified from a citation alone,"best linked passage rank 17 (legal_classification, score=0.121): Legal Classification: Primary Category: Administrative Law Legal Areas: Planning Law, Administrative Law Jurisdiction: England and Wales Court Level: Appellate Legal Issues: Procedural unfairness regarding notification of hearings. Whether residents had a reasonable opportunity to participate. Impact of planning policy on decision-making Keywords: procedural",citation matched an authority in the linked retrieval,greenfields--iow--limited-v-isle-of-wight-council---westridge-village-limited,real,1,yes,not_found_in_corpus_registry,no,no,no,no,partial,no
cmomnx9nj000304jkyxxg2b0k,cmmxtwenv000304jr7vxcmpae,Flannery v Halifax Estate Agencies Ltd [2000] 1 WLR 377,report,not_found_in_corpus_registry,unclear,no,0.0000,0.1396,none,False,17,3ff34419-ffbc-40f9-a087-a1cb1371d0e1,3ff34419-ffbc-40f9-a087-a1cb1371d0e1_legal_classification,legal_classification,authoritative judgment text unavailable; holding cannot be verified from a citation alone,"cited authority absent from the linked retrieval; closest passage rank 17 (legal_classification, score=0.140): Legal Classification: Primary Category: Administrative Law Legal Areas: Planning Law, Administrative Law Jurisdiction: England and Wales Court Level: Appellate Legal Issues: Procedural unfairness regarding notification of hearings. Whether residents had a reasonable opportunity to participate. Impact of planning policy on decision-making Keywords: procedural",authority was not found in the supplied corpus registry,greenfields--iow--limited-v-isle-of-wight-council---westridge-village-limited,real,2,yes,not_found_in_corpus_registry,partial,no,partial,partial,partial,no
cmmcal70d000h04k3e11w997v,cmmcaho67000b04k3d50f98in,[2002] EWCA Civ 605,neutral,in_corpus_not_retrieved,unclear,no,0.0000,0.0444,none,False,8,fcbf3975-3755-45fa-9124-191d1a392003,fcbf3975-3755-45fa-9124-191d1a392003_legal_classification,legal_classification,authoritative judgment text unavailable; holding cannot be verified from a citation alone,"cited authority absent from the linked retrieval; closest passage rank 8 (legal_classification, score=0.044): Legal Classification: Primary Category: Contract Dispute Legal Areas: Contract Law, Insurance Law, Commercial Law Jurisdiction: England and Wales Court Level: Appellate Legal Issues: Interpretation of indemnity clause in the SPA. Whether indemnity applies without client claims or complaints. Application of regulatory obligations regarding mis-selling Keyword",authority was found in the corpus but not in the linked retrieval,ew-cases-EWCA-Civ-2024-1110,real,1,yes,in_corpus_not_retrieved,yes,no,yes,yes,no,no
cmmcal70d000h04k3e11w997v,cmmcaho67000b04k3d50f98in,[2000] 1 WLR 377,report,not_found_in_corpus_registry,unclear,no,0.0000,0.1359,none,False,6,638613f3-f321-4ccd-8055-aebfec6cec82,638613f3-f321-4ccd-8055-aebfec6cec82_legal_classification,legal_classification,authoritative judgment text unavailable; holding cannot be verified from a citation alone,"cited authority absent from the linked retrieval; closest passage rank 6 (legal_classification, score=0.136): Legal Classification: Primary Category: Insurance Legal Areas: Insurance Law, Contract Law Jurisdiction: England and Wales Court Level: Appellate Legal Issues: Proper construction of insurance policy wording. Estoppel by convention regarding coverage. Misrepresentation in securing insurance coverage Keywords: insurance, business interruption, theft, policy c",authority was not found in the supplied corpus registry,ew-cases-EWCA-Civ-2024-1110,real,2,yes,not_found_in_corpus_registry,no,no,no,no,partial,no
cmm0k3nj8000h04l412ruhfxj,cmm0k0854000b04l440eijrw0,[2002] EWCA Civ 605,neutral,in_corpus_not_retrieved,unclear,no,0.0000,0.1153,none,False,2,d5d573a1-ee1c-4a42-99b1-728063f8ced3,d5d573a1-ee1c-4a42-99b1-728063f8ced3_legal_classification,legal_classification,authoritative judgment text unavailable; holding cannot be verified from a citation alone,"cited authority absent from the linked retrieval; closest passage rank 2 (legal_classification, score=0.115): Legal Classification: Primary Category: Public Law / Judicial Review Legal Areas: Administrative Law, Public International Law, Environmental Law, Climate Finance, Public Policy Jurisdiction: England and Wales Court Level: Court of Appeal (Civil Division) Legal Issues: Whether the funding decision complied with the UK's Paris Agreement obligations (Article 2",authority was found in the corpus but not in the linked retrieval,skeleton-args-ca2024001234-346b2d683b5c2099,synthetic,1,yes,in_corpus_not_retrieved,yes,no,yes,yes,no,no
cmm0k3nj8000h04l412ruhfxj,cmm0k0854000b04l440eijrw0,[2000] 1 WLR 377,report,not_found_in_corpus_registry,unclear,no,0.0000,0.1641,none,False,2,d5d573a1-ee1c-4a42-99b1-728063f8ced3,d5d573a1-ee1c-4a42-99b1-728063f8ced3_legal_classification,legal_classification,authoritative judgment text unavailable; holding cannot be verified from a citation alone,"cited authority absent from the linked retrieval; closest passage rank 2 (legal_classification, score=0.164): Legal Classification: Primary Category: Public Law / Judicial Review Legal Areas: Administrative Law, Public International Law, Environmental Law, Climate Finance, Public Policy Jurisdiction: England and Wales Court Level: Court of Appeal (Civil Division) Legal Issues: Whether the funding decision complied with the UK's Paris Agreement obligations (Article 2",authority was not found in the supplied corpus registry,skeleton-args-ca2024001234-346b2d683b5c2099,synthetic,2,yes,not_found_in_corpus_registry,yes,no,partial,yes,partial,no
cmmafut12000904l4kjskwky4,cmmafsf07000304l4huaorple,English v Emery Reimbold & Strick Ltd [2002] EWCA Civ 605,neutral,in_corpus_not_retrieved,unclear,no,0.0000,0.1510,none,False,7,36166c1f-7b4e-4e19-9f3e-ba06d04ac22a,36166c1f-7b4e-4e19-9f3e-ba06d04ac22a_case_analysis,case_analysis,authoritative judgment text unavailable; holding cannot be verified from a citation alone,"cited authority absent from the linked retrieval; closest passage rank 7 (case_analysis, score=0.151): Case Analysis and Reasoning: Precedent Strength Assessment (5/10): • The case involves established legal principles regarding ECHR interpretations, but lacks significant novel legal questions or accompanying robust case law specific to the prison context. • Judicial reasoning aligns with prior cases, though judicial opinions drawn from prior cases may limit ",authority was found in the corpus but not in the linked retrieval,skeleton-args-ca2025000412-e17d5e10793fe216,synthetic,1,yes,in_corpus_not_retrieved,yes,no,yes,yes,partial,no
cmmrr64va000h04jvzuquhz2y,cmmrr3vbb000b04jvglqzb8az,[2002] EWCA Civ 605,neutral,in_corpus_not_retrieved,unclear,no,0.0000,0.1379,none,False,19,e0841efc-ccd5-4584-a6eb-43b4c0d281dd,e0841efc-ccd5-4584-a6eb-43b4c0d281dd_legal_classification,legal_classification,authoritative judgment text unavailable; holding cannot be verified from a citation alone,"cited authority absent from the linked retrieval; closest passage rank 19 (legal_classification, score=0.138): Legal Classification: Primary Category: Civil Rights Legal Areas: Human Rights Law, Asylum Law, Criminal Law Jurisdiction: England and Wales Court Level: Appellate Legal Issues: Whether the CPS's decision to prosecute engaged Article 8 of the ECHR.. The proportionality of prosecuting an asylum seeker under the Identity Cards Act.. Interpretation of 'private ",authority was found in the corpus but not in the linked retrieval,ca-2024-000255-ellis-v-ssj-appellant-skeleton,real,1,yes,in_corpus_not_retrieved,yes,no,yes,yes,no,no
cmmrr64va000h04jvzuquhz2y,cmmrr3vbb000b04jvglqzb8az,[2000] 1 WLR 377,report,not_found_in_corpus_registry,unclear,no,0.0000,0.0751,none,False,19,e0841efc-ccd5-4584-a6eb-43b4c0d281dd,e0841efc-ccd5-4584-a6eb-43b4c0d281dd_legal_classification,legal_classification,authoritative judgment text unavailable; holding cannot be verified from a citation alone,"cited authority absent from the linked retrieval; closest passage rank 19 (legal_classification, score=0.075): Legal Classification: Primary Category: Civil Rights Legal Areas: Human Rights Law, Asylum Law, Criminal Law Jurisdiction: England and Wales Court Level: Appellate Legal Issues: Whether the CPS's decision to prosecute engaged Article 8 of the ECHR.. The proportionality of prosecuting an asylum seeker under the Identity Cards Act.. Interpretation of 'private ",authority was not found in the supplied corpus registry,ca-2024-000255-ellis-v-ssj-appellant-skeleton,real,2,yes,not_found_in_corpus_registry,yes,no,yes,yes,no,no
cmst4kl1t000h04js7g8j67zy,cmst4iu9u000b04jsb3vxyexj,Phones 4U Ltd v Phone4u.co.uk Internet Ltd,unknown,not_found_in_corpus_registry,unclear,no,0.0000,0.2870,none,False,2,b9f08a72-1e62-405b-9fe9-eaba231f1c88,b9f08a72-1e62-405b-9fe9-eaba231f1c88_case_analysis,case_analysis,authoritative judgment text unavailable; holding cannot be verified from a citation alone,"cited authority absent from the linked retrieval; closest passage rank 2 (case_analysis, score=0.287): Case Analysis and Reasoning: Precedent Strength Assessment (8/10): • Court of Appeal level provides strong binding authority for similar cases in the UK on bad-faith pleadings in trade mark registrations. • The decision clarifies the test under CPR 3.4(2)(a) for striking out bad-faith claims, indicating that a claim may proceed if there are objective indicia",authority was not found in the supplied corpus registry,skeleton-args-ca2019005474-f7265b45a4e3f0ae,synthetic,1,yes,not_found_in_corpus_registry,no,partial,no,partial,partial,partial
cmst4kl1t000h04js7g8j67zy,cmst4iu9u000b04jsb3vxyexj,Flannery v Halifax Estate Agencies Ltd,unknown,not_found_in_corpus_registry,unclear,no,0.0000,0.0684,none,False,5,b88b59e2-6c25-4730-93fe-b134e9a5176b,b88b59e2-6c25-4730-93fe-b134e9a5176b_case_analysis,case_analysis,authoritative judgment text unavailable; holding cannot be verified from a citation alone,"cited authority absent from the linked retrieval; closest passage rank 5 (case_analysis, score=0.068): Case Analysis and Reasoning: Precedent Strength Assessment (9/10): • A Court of Appeal decision on core trademark infringement (s.10(2) and s.10(3)) from a high-profile media dispute between a UK trademark holder and a major US studio. • Clarifies the interpretation of likelihood of confusion in light of average consumer, context, and interdependence between",authority was not found in the supplied corpus registry,skeleton-args-ca2019005474-f7265b45a4e3f0ae,synthetic,2,yes,not_found_in_corpus_registry,no,no,no,partial,no,no
cmm927sxp000304jp8fpwf2ew,cmm0cqleo000z04i321gtuvf1,Armitage v Nurse [1998] Ch 241,unknown,not_found_in_corpus_registry,unclear,no,0.0000,0.0849,none,False,9,cfb9db03-44c0-4604-926a-a76e01575d88,cfb9db03-44c0-4604-926a-a76e01575d88_case_analysis,case_analysis,authoritative judgment text unavailable; holding cannot be verified from a citation alone,"cited authority absent from the linked retrieval; closest passage rank 9 (case_analysis, score=0.085): • Not higher because it is Court of Appeal, not Supreme Court; factual specifics are highly tailored to this fund structure. Confidence: 88% Complexity Score Assessment (8/10): • Multiple parties across related entities and a layered fund structure (Fund, Investment Manager, Investment Adviser, and related offshore entities). • Diverse legal theories: breach",authority was not found in the supplied corpus registry,skeleton-args-ca2018006090-aa90566cb5f6b5de,synthetic,1,yes,not_found_in_corpus_registry,partial,no,partial,partial,partial,no
cmm927sxp000304jp8fpwf2ew,cmm0cqleo000z04i321gtuvf1,Flannery v Halifax Estate Agencies Ltd [2000] 1 WLR 377,report,not_found_in_corpus_registry,unclear,no,0.0000,0.1252,none,False,2,63f1ceea-1ae6-4e29-9f3b-c354ab3fba11,63f1ceea-1ae6-4e29-9f3b-c354ab3fba11_legal_reasoning,legal_reasoning,authoritative judgment text unavailable; holding cannot be verified from a citation alone,"cited authority absent from the linked retrieval; closest passage rank 2 (legal_reasoning, score=0.125): Accrual date of the cause of action (12 October 2007 vs 15 October 2007) and its impact on limitation.. Role of expert/accounting evidence in establishing whether steps were taken to ensure lawfulness of the distribution. Reasoning: The Court of Appeal held that, on the facts, the claim accrued on 12 October 2007 (distribution) and that section 21(1)(b) of t",authority was not found in the supplied corpus registry,skeleton-args-ca2018006090-aa90566cb5f6b5de,synthetic,2,yes,not_found_in_corpus_registry,partial,no,partial,partial,no,no
cmsbrc37v001x04l4t7r77h89,cmsbr997n001l04l4etg0c8qb,Gorringe v. Calderdale Metropolitan Borough Council [2004] 1 WLR 1057,report,retrieved_and_cited,unclear,partial,0.0000,0.1533,none,True,18,46a37196-4d76-45b8-bbe2-7c9ca8f38f3b,46a37196-4d76-45b8-bbe2-7c9ca8f38f3b_case_analysis,case_analysis,authoritative judgment text unavailable; holding cannot be verified from a citation alone,"best linked passage rank 18 (case_analysis, score=0.153): Case Analysis and Reasoning: Precedent Strength Assessment (7/10): • The case is at the appellate level, providing a strong precedent within the jurisdiction. • It addresses key issues in road traffic law, especially regarding duties of care and visibility. • Legal conclusions drawn from factual assessments reflect comprehensive judicial reasoning. Confidenc",citation matched an authority in the linked retrieval,ca-2023-002207-mr-demetrios-karpasitis-v-hertfordshire-county-appellant-skeleton,real,1,yes,retrieved_and_cited,no,partial,no,no,yes,partial
cmsbrc37v001x04l4t7r77h89,cmsbr997n001l04l4etg0c8qb,Flannery v Halifax Estate Agencies Ltd [2000] 1 WLR 377,report,not_found_in_corpus_registry,unclear,no,0.0000,0.2283,none,False,9,4685ad0e-87e7-4f59-8991-823ab27d9393,4685ad0e-87e7-4f59-8991-823ab27d9393_legal_reasoning,legal_reasoning,authoritative judgment text unavailable; holding cannot be verified from a citation alone,"cited authority absent from the linked retrieval; closest passage rank 9 (legal_reasoning, score=0.228): Reasoning: The excerpt outlines that the court applied established authorities on duty of care for omissions vs. positive actions and examined whether police intervention could create a duty. The Master noted that a duty of care for public authorities in tort hinges on whether intervention makes matters worse or whether control/assumption of responsibility c",authority was not found in the supplied corpus registry,ca-2023-002207-mr-demetrios-karpasitis-v-hertfordshire-county-appellant-skeleton,real,2,yes,not_found_in_corpus_registry,yes,no,yes,yes,no,no
cmmmudwct000304kzc6d15a3r,cmmmucao8000b04l4jyq8av83,Caparo Industries Plc v Dickman [1990] 2 AC 605,report,retrieved_and_cited,unclear,no,0.0000,0.0769,none,True,5,48712729-9a1b-4432-8f48-f5d5ad2ab7af,48712729-9a1b-4432-8f48-f5d5ad2ab7af_legal_classification,legal_classification,authoritative judgment text unavailable; holding cannot be verified from a citation alone,"best linked passage rank 5 (legal_classification, score=0.077): Legal Classification: Primary Category: Professional Negligence Legal Areas: Clinical Negligence, Legal Malpractice, Limitation of Actions Jurisdiction: England Court Level: Appellate Legal Issues: Duty of Care by solicitors and barristers. Limitation Act and knowledge requirements for negligence claims. Causation and loss attributed to legal negligence Keyw",citation matched an authority in the linked retrieval,skeleton-args-ca2021006069-a7200646d94c4a22,synthetic,1,yes,not_found_in_corpus_registry,yes,partial,yes,yes,partial,partial
cmmmudwct000304kzc6d15a3r,cmmmucao8000b04l4jyq8av83,Moore Stephens (a firm) v Stone Rolls Ltd [2009] UKHL 39,neutral,not_found_in_corpus_registry,unclear,no,0.0000,0.0016,none,False,17,948fc767-31a4-4c63-b735-df551b7244eb,948fc767-31a4-4c63-b735-df551b7244eb_procedural_history,procedural_history,authoritative judgment text unavailable; holding cannot be verified from a citation alone,"cited authority absent from the linked retrieval; closest passage rank 17 (procedural_history, score=0.002): Procedural History: Court: England and Wales Court of Appeal (Civil Division) Lower Court: Queen's Bench Division Judges: Lord Justice Coulson, Lord Justice Arnold, Lord Justice Phillips Case Number: CA-2021-003286/7 Last Hearing Date: 17 May 2022 Duration: 20 days",authority was not found in the supplied corpus registry,skeleton-args-ca2021006069-a7200646d94c4a22,synthetic,2,yes,not_found_in_corpus_registry,no,no,partial,no,no,no
cmmls2r93000304jme0bpsul9,cmmlryf16000304l5d3mrnfu5,[2002] EWCA Civ 605,neutral,in_corpus_not_retrieved,unclear,no,0.0000,0.1293,none,False,1,18a014eb-e365-4420-b07a-dfdd42f053ec,18a014eb-e365-4420-b07a-dfdd42f053ec_case_analysis,case_analysis,authoritative judgment text unavailable; holding cannot be verified from a citation alone,"cited authority absent from the linked retrieval; closest passage rank 1 (case_analysis, score=0.129): Case Analysis and Reasoning: Precedent Strength Assessment (7/10): • The case involved appellate review of equitable relief, establishing significant precedent in landlord-tenant relations. • The court's nuanced interpretation of statutory provisions will likely influence future cases involving relief from forfeiture. • The relationship between the tenant's ",authority was found in the corpus but not in the linked retrieval,skeleton-args-ca2023004634-299a4a730fe1f43a,synthetic,1,yes,in_corpus_not_retrieved,yes,no,yes,yes,partial,no
cmmdjqxh3000304kvs37yorn3,cmmdjmbqo000b04js13axm03c,English v Emery Reimbold & Strick Ltd [2002] EWCA Civ 605,neutral,in_corpus_not_retrieved,unclear,no,0.0000,0.2325,none,False,1,18a014eb-e365-4420-b07a-dfdd42f053ec,18a014eb-e365-4420-b07a-dfdd42f053ec_case_analysis,case_analysis,authoritative judgment text unavailable; holding cannot be verified from a citation alone,"cited authority absent from the linked retrieval; closest passage rank 1 (case_analysis, score=0.233): Case Analysis and Reasoning: Precedent Strength Assessment (7/10): • The case involved appellate review of equitable relief, establishing significant precedent in landlord-tenant relations. • The court's nuanced interpretation of statutory provisions will likely influence future cases involving relief from forfeiture. • The relationship between the tenant's ",authority was found in the corpus but not in the linked retrieval,skeleton-args-ca2023004634-299a4a730fe1f43a,synthetic,1,yes,in_corpus_not_retrieved,yes,no,yes,yes,partial,no
cmmdjqxh3000304kvs37yorn3,cmmdjmbqo000b04js13axm03c,Flannery v Halifax Estate Agencies Ltd [2000] 1 WLR 377,report,not_found_in_corpus_registry,unclear,no,0.0000,0.2980,none,False,8,7079fc72-6050-4668-ac32-14c3ce1d3b5c,7079fc72-6050-4668-ac32-14c3ce1d3b5c_case_analysis,case_analysis,authoritative judgment text unavailable; holding cannot be verified from a citation alone,"cited authority absent from the linked retrieval; closest passage rank 8 (case_analysis, score=0.298): Case Analysis and Reasoning: Precedent Strength Assessment (7/10): • The case involves significant legal principles grounded in property law, specifically concerning leasehold enfranchisement and rights to leaseback under established statutes. • The Court of Appeal's decision has implications for how leaseholders interpret their rights and obligations regard",authority was not found in the supplied corpus registry,skeleton-args-ca2023004634-299a4a730fe1f43a,synthetic,2,yes,not_found_in_corpus_registry,yes,no,yes,yes,partial,no
cmmc2zaji000h04l23a3cp61p,cmmc2vi4u000b04l2jn766kai,English v Emery Reimbold & Strick Ltd [2002] EWCA Civ 605,neutral,in_corpus_not_retrieved,unclear,no,0.0000,0.1196,none,False,4,040ab589-56f8-4251-905d-ade1d7b6bf28,040ab589-56f8-4251-905d-ade1d7b6bf28_metadata_summary,metadata_summary,authoritative judgment text unavailable; holding cannot be verified from a citation alone,"cited authority absent from the linked retrieval; closest passage rank 4 (metadata_summary, score=0.120): The judgment provides a detailed statutory interpretation of ICTA 1988 provisions governing underlying tax, the mixer cap, higher-level dividends and related concepts, and clarifies the relationship between actual, paid, and deemed taxes in the unilateral relief regime. Keywords: double taxation relief, foreign tax credit, Case V dividend, mixer cap, underly",authority was found in the corpus but not in the linked retrieval,skeleton-args-ca2022002088-9a827e5fc9cfa270,synthetic,1,yes,in_corpus_not_retrieved,yes,no,yes,yes,partial,no
cmmc2zaji000h04l23a3cp61p,cmmc2vi4u000b04l2jn766kai,Flannery v Halifax Estate Agencies Ltd [2000] 1 WLR 377,report,not_found_in_corpus_registry,unclear,no,0.0000,0.1009,none,False,1,43ef5de1-aec0-41aa-83ef-7f2ecf54e8b8,43ef5de1-aec0-41aa-83ef-7f2ecf54e8b8_legal_classification,legal_classification,authoritative judgment text unavailable; holding cannot be verified from a citation alone,"cited authority absent from the linked retrieval; closest passage rank 1 (legal_classification, score=0.101): Legal Classification: Primary Category: Tax Law Legal Areas: Taxation, Corporate Law, Capital Allowances Jurisdiction: England and Wales Court Level: appellate Legal Issues: Whether the vessels were used for a qualifying purpose under the Capital Allowances Act.. Whether obtaining writing-down allowances was a main object of the transaction. Keywords: Capita",authority was not found in the supplied corpus registry,skeleton-args-ca2022002088-9a827e5fc9cfa270,synthetic,2,yes,not_found_in_corpus_registry,yes,no,yes,yes,partial,no
cmmjtnsdx000904l4vhap8xwc,cmmjtjuc3000304l46doynpvf,English v Emery Reimbold & Strick Ltd [2002] EWCA Civ 605,neutral,in_corpus_not_retrieved,unclear,no,0.0000,0.2548,none,False,1,dfa97e6e-7e32-4c80-9f6f-5e4f398f9d82,dfa97e6e-7e32-4c80-9f6f-5e4f398f9d82_case_analysis,case_analysis,authoritative judgment text unavailable; holding cannot be verified from a citation alone,"cited authority absent from the linked retrieval; closest passage rank 1 (case_analysis, score=0.255): Case Analysis and Reasoning: Precedent Strength Assessment (8/10): • The case addresses the important issue of educational rights for prisoners, a relatively novel issue in human rights law, particularly before the European Court. • The reasoning provided by the Court was thorough, setting clear guidelines for future cases related to prisoner education. • Th",authority was found in the corpus but not in the linked retrieval,ca-2024-000255-ellis-v-ssj-appellant-skeleton,real,1,yes,in_corpus_not_retrieved,yes,no,yes,yes,partial,no
cmmjtnsdx000904l4vhap8xwc,cmmjtjuc3000304l46doynpvf,Flannery v Halifax Estate Agencies Ltd [2000] 1 WLR 377,report,not_found_in_corpus_registry,unclear,no,0.0000,0.2933,none,False,11,80701211-fe03-4dc0-972a-b2e5467876b9,80701211-fe03-4dc0-972a-b2e5467876b9_case_analysis,case_analysis,authoritative judgment text unavailable; holding cannot be verified from a citation alone,"cited authority absent from the linked retrieval; closest passage rank 11 (case_analysis, score=0.293): Case Analysis and Reasoning: Precedent Strength Assessment (8/10): • The case is set in the England and Wales Court of Appeal, a significant judicial level which enhances the precedent's weight. • It examines important legal principles regarding the rights of detainees under the European Convention, making it valuable for future similar cases. • The quality ",authority was not found in the supplied corpus registry,ca-2024-000255-ellis-v-ssj-appellant-skeleton,real,2,yes,not_found_in_corpus_registry,yes,no,yes,yes,partial,no
cmsbqvqsj000h04jnb8tn656h,cmsbquoo1000b04jnq0yxkb5g,English v Emery Reimbold & Strick Ltd [2002] EWCA Civ 605,neutral,in_corpus_not_retrieved,unclear,no,0.0000,0.1700,none,False,5,cee945fc-95ce-4ed4-b003-4212c8b3f652,cee945fc-95ce-4ed4-b003-4212c8b3f652_case_analysis,case_analysis,authoritative judgment text unavailable; holding cannot be verified from a citation alone,"cited authority absent from the linked retrieval; closest passage rank 5 (case_analysis, score=0.170): • It involved extensive factual disputes regarding the conditions and capabilities of decision-making processes within prisons. • Numerous parties were involved, including various administrative bodies and witnesses, complicating the legal analysis necessary. • The level of expertise required to navigate through prison law and the intricacies of the legislat",authority was found in the corpus but not in the linked retrieval,ca-2024-000255-the-king-on-the-application-of-appellant-skeleton,real,1,yes,in_corpus_not_retrieved,yes,no,yes,yes,partial,no
cmsbqvqsj000h04jnb8tn656h,cmsbquoo1000b04jnq0yxkb5g,Flannery v Halifax Estate Agencies Ltd [2000] 1 WLR 377,report,not_found_in_corpus_registry,unclear,no,0.0000,0.0973,none,False,11,22f5a58b-4272-4bb0-8476-e2d0333f5032,22f5a58b-4272-4bb0-8476-e2d0333f5032_case_analysis,case_analysis,authoritative judgment text unavailable; holding cannot be verified from a citation alone,"cited authority absent from the linked retrieval; closest passage rank 11 (case_analysis, score=0.097): Case Analysis and Reasoning: Precedent Strength Assessment (8/10): • The case is from the Court of Appeal, a significant level in the UK court hierarchy, which grants it considerable weight as precedent. • The legal issues addressed are relevant to ongoing human rights discussions, particularly concerning deportation practices and international human rights ",authority was not found in the supplied corpus registry,ca-2024-000255-the-king-on-the-application-of-appellant-skeleton,real,2,yes,not_found_in_corpus_registry,yes,no,yes,yes,partial,no
cmsbrvtc4001304jp5e4691on,cmsbrv0ui000x04jpfm1qjd05,English v Emery Reimbold & Strick Ltd [2002] EWCA Civ 605,neutral,in_corpus_not_retrieved,unclear,no,0.0000,0.2754,none,False,7,126904c3-76e4-4116-9766-06699aedc5c8,126904c3-76e4-4116-9766-06699aedc5c8_legal_classification,legal_classification,authoritative judgment text unavailable; holding cannot be verified from a citation alone,"cited authority absent from the linked retrieval; closest passage rank 7 (legal_classification, score=0.275): Legal Classification: Primary Category: Employment Law Legal Areas: Employment Rights, Discrimination Law, Contract Law Jurisdiction: England and Wales Court Level: Appellate Legal Issues: Whether Smith was a worker under the Employment Rights Act 1996.. Whether the contractual terms reflect a self-employment or worker relationship.. Interpretation of the 20",authority was found in the corpus but not in the linked retrieval,2023-002546-ryanair-dac-v-jason-lutz-appellant-skeleton,real,1,yes,in_corpus_not_retrieved,yes,no,yes,yes,no,no
cmsbrvtc4001304jp5e4691on,cmsbrv0ui000x04jpfm1qjd05,Flannery v Halifax Estate Agencies Ltd [2000] 1 WLR 377,report,not_found_in_corpus_registry,unclear,no,0.0000,0.0631,none,False,6,419e6b34-408a-4082-a957-00fb1a643683,419e6b34-408a-4082-a957-00fb1a643683_legal_classification,legal_classification,authoritative judgment text unavailable; holding cannot be verified from a citation alone,"cited authority absent from the linked retrieval; closest passage rank 6 (legal_classification, score=0.063): Role of mutuality of obligation and subordination in determining status for discrimination claims. Keywords: employment status, Equality Act 2010, Court of Appeal (Civil Division), interpreters, framework agreement, umbrella contract, mutuality of obligation, subordination, worker vs employee, per-assignment engagement",authority was not found in the supplied corpus registry,2023-002546-ryanair-dac-v-jason-lutz-appellant-skeleton,real,2,yes,not_found_in_corpus_registry,yes,no,yes,yes,no,no
cmsbrvtc4001304jp5e4691on,cmsbrv0ui000x04jpfm1qjd05,"Senior Courts Act 1981, s.35A",legislation,not_applicable_non_case_reference,n/a,no,0.0000,0.0926,none,False,7,126904c3-76e4-4116-9766-06699aedc5c8,126904c3-76e4-4116-9766-06699aedc5c8_legal_classification,legal_classification,holding accuracy is not applicable to this non-case reference,"best linked passage rank 7 (legal_classification, score=0.093): Legal Classification: Primary Category: Employment Law Legal Areas: Employment Rights, Discrimination Law, Contract Law Jurisdiction: England and Wales Court Level: Appellate Legal Issues: Whether Smith was a worker under the Employment Rights Act 1996.. Whether the contractual terms reflect a self-employment or worker relationship.. Interpretation of the 20",non-case reference,2023-002546-ryanair-dac-v-jason-lutz-appellant-skeleton,real,3,yes,not_applicable_non_case_reference,n/a,no,n/a,n/a,no,no
cmm0bebet000404jvmcxyqo4x,cmm0b91t5000e04ibf7gf6ujr,[2002] EWCA Civ 605,neutral,in_corpus_not_retrieved,unclear,no,0.0000,0.0923,none,False,1,e050e594-d197-45f1-ba15-7d110c0d93c4,e050e594-d197-45f1-ba15-7d110c0d93c4_outcome_holding,outcome_holding,authoritative judgment text unavailable; holding cannot be verified from a citation alone,"cited authority absent from the linked retrieval; closest passage rank 1 (outcome_holding, score=0.092): Case Outcome: Holding: The Court of Appeal held that the measure of indemnity under the Memorandum is the cost of reinstatement (the rebuilding of the property to a condition equal to that when new), up to the policy limits. A declaration addressing indemnity for reinstatement is appropriate, provided the wording accurately reflects insurable interest and no",authority was found in the corpus but not in the linked retrieval,skeleton-args-ca2016009836-d5eefd60a70a11d6,synthetic,1,yes,in_corpus_not_retrieved,yes,no,yes,yes,no,no
cmsbskr86000h04ji5a4thcht,cmsbsjzo7000b04ji6xjyj7y5,James v Greenwich BC [2008] IRLR 302,unknown,not_found_in_corpus_registry,unclear,no,0.0000,0.1505,none,False,2,f8755763-8d90-4b51-8a0a-d11efa528908,f8755763-8d90-4b51-8a0a-d11efa528908_citations_precedents,citations_precedents,authoritative judgment text unavailable; holding cannot be verified from a citation alone,"cited authority absent from the linked retrieval; closest passage rank 2 (citations_precedents, score=0.150): Citations and Authorities: Neutral Citations: [2022] EWCA Civ 189, [2022] ICR 854, [2022] WLR(D) 88, [2022] IRLR 437 Law Reports: Referenced Cases: Agency Workers Regulations 2010, SI 2010/93, Directive 2008/104/EC, Coles v Ministry of Defence [2016] ICR 55, Kocur (Court of Appeal) – referenced approach to interpretation, Recitals of the Directive (10-19) il",authority was not found in the supplied corpus registry,ca-2023-002537-storm-global-limited-v-jason-lutz-appellant-skeleton,real,1,yes,not_found_in_corpus_registry,partial,no,partial,no,partial,no
cmsbskr86000h04ji5a4thcht,cmsbsjzo7000b04ji6xjyj7y5,Uber BV v Aslam [2021] ICR 657,unknown,not_found_in_corpus_registry,unclear,no,0.0000,0.0649,none,False,5,24cdd790-fb66-4e79-895a-0d7f73047839,24cdd790-fb66-4e79-895a-0d7f73047839_legal_classification,legal_classification,authoritative judgment text unavailable; holding cannot be verified from a citation alone,"cited authority absent from the linked retrieval; closest passage rank 5 (legal_classification, score=0.065): Legal Classification: Primary Category: Employment Legal Areas: Employment Law, Discrimination Law, European Union Law Jurisdiction: England and Wales Court Level: Appellate Legal Issues: Determination of employee status under EU law and the Equality Act 2010.. Issues of discrimination concerning religious grounds when the airside pass was revoked. Keywords:",authority was not found in the supplied corpus registry,ca-2023-002537-storm-global-limited-v-jason-lutz-appellant-skeleton,real,2,yes,not_found_in_corpus_registry,partial,no,partial,partial,partial,no
cmmxktfx8000904johoqmmfkm,cmmxkq28b000304jo5eard9id,English v Emery Reimbold & Strick Ltd [2002] EWCA Civ 605,neutral,in_corpus_not_retrieved,unclear,no,0.0000,0.1687,none,False,16,4685ad0e-87e7-4f59-8991-823ab27d9393,4685ad0e-87e7-4f59-8991-823ab27d9393_legal_reasoning,legal_reasoning,authoritative judgment text unavailable; holding cannot be verified from a citation alone,"cited authority absent from the linked retrieval; closest passage rank 16 (legal_reasoning, score=0.169): The Master concluded there is a spectrum of potential liability and that the issue could be resolved only with more fact-finding, hence the strike-out could not be upheld. The grounds of appeal challenge (i) the assertion that the police owed a duty by actions that worsened the situation, (ii) that they had assumed sufficient control to create proximity, and",authority was found in the corpus but not in the linked retrieval,karpasitis-v-hertfordshire-county-council,real,1,yes,in_corpus_not_retrieved,yes,no,yes,yes,partial,no
cmmxktfx8000904johoqmmfkm,cmmxkq28b000304jo5eard9id,Flannery v Halifax Estate Agencies Ltd [2000] 1 WLR 377,report,not_found_in_corpus_registry,unclear,no,0.0000,0.1764,none,False,8,79ac9104-d023-4589-82c4-577d1cfc4c14,79ac9104-d023-4589-82c4-577d1cfc4c14_legal_classification,legal_classification,authoritative judgment text unavailable; holding cannot be verified from a citation alone,"cited authority absent from the linked retrieval; closest passage rank 8 (legal_classification, score=0.176): Legal Classification: Primary Category: Tort Legal Areas: Negligence, Personal Injury, Traffic Law Jurisdiction: England and Wales Court Level: Appellate Legal Issues: Was the defendant's breach of duty causative of the accident?. Did the coincidence of location fallacy apply in this case?. How should liability be apportioned between both parties? Keywords: ",authority was not found in the supplied corpus registry,karpasitis-v-hertfordshire-county-council,real,2,yes,not_found_in_corpus_registry,yes,no,yes,yes,partial,no
cmmxi2xkc000t04l8hsscxyvl,cmmxi0nl9000n04l8myv0bd76,Mamidoil v Okta [2001] 2 Lloyd's Rep 76,unknown,not_found_in_corpus_registry,unclear,no,0.0000,0.0646,none,False,19,be5b4e91-38ef-4caa-ae4f-eb81c3f7b722,be5b4e91-38ef-4caa-ae4f-eb81c3f7b722_case_analysis,case_analysis,authoritative judgment text unavailable; holding cannot be verified from a citation alone,"cited authority absent from the linked retrieval; closest passage rank 19 (case_analysis, score=0.065): Case Analysis and Reasoning: Precedent Strength Assessment (8/10): • This ruling comes from a court at the appellate level, which increases its weight in terms of legal precedent. • The case encompasses contract law and involves issues likely to recur, concerning terms of business agreements and the expectations of liability. • The decision clarifies procedu",authority was not found in the supplied corpus registry,ksy-juice-blends-uk-limited-v-citrosuco-gmbh,real,1,yes,not_found_in_corpus_registry,yes,partial,yes,yes,partial,no
cmmxi2xkc000t04l8hsscxyvl,cmmxi0nl9000n04l8myv0bd76,Chartbrook Ltd v Persimmon Homes Ltd [2009] UKHL 38,neutral,retrieved_and_cited,unclear,partial,0.0000,0.1964,none,True,7,2fdfa3b6-3d1a-4644-b9e6-2f97f850a87f,2fdfa3b6-3d1a-4644-b9e6-2f97f850a87f_case_analysis,case_analysis,authoritative judgment text unavailable; holding cannot be verified from a citation alone,"best linked passage rank 7 (case_analysis, score=0.196): Case Analysis and Reasoning: Precedent Strength Assessment (7/10): • The case involves established principles of contract law, particularly relating to repudiation and notice. • The judgment builds on prior case law but presents nuances regarding oral agreements and implied terms in contracts. • While it stands as precedential due to its assessment of non-pa",citation matched an authority in the linked retrieval,ksy-juice-blends-uk-limited-v-citrosuco-gmbh,real,2,yes,retrieved_and_cited,no,no,no,no,partial,no
cmsbj40n7000h04jwpx41ia5n,cmsbj2peo000b04jw4kua4pz9,English v Emery Reimbold & Strick Ltd [2002] EWCA Civ 605,neutral,in_corpus_not_retrieved,unclear,no,0.0000,0.1720,none,False,10,bfdd234f-62f5-43ff-afee-559e34362309,bfdd234f-62f5-43ff-afee-559e34362309_case_analysis,case_analysis,authoritative judgment text unavailable; holding cannot be verified from a citation alone,"cited authority absent from the linked retrieval; closest passage rank 10 (case_analysis, score=0.172): Case Analysis and Reasoning: Precedent Strength Assessment (7/10): • The case addresses significant issues in administrative law regarding the legal framework of public funding and procurement. • However, it concerns a specific aspect of legal aid reform without establishing a groundbreaking legal principle. • Court of Appeal judgments typically hold substan",authority was found in the corpus but not in the linked retrieval,ca-2024-001541-the-king-on-the-application-of-respondent-skeleton,real,1,yes,retrieved_id_citation_mismatch,partial,no,partial,partial,partial,no
cmsbj40n7000h04jwpx41ia5n,cmsbj2peo000b04jw4kua4pz9,Flannery v Halifax Estate Agencies Ltd [2000] 1 WLR 377,report,not_found_in_corpus_registry,unclear,no,0.0000,0.1221,none,False,15,a01023c5-c3f7-4474-b50b-b4e9f4534b7a,a01023c5-c3f7-4474-b50b-b4e9f4534b7a_case_analysis,case_analysis,authoritative judgment text unavailable; holding cannot be verified from a citation alone,"cited authority absent from the linked retrieval; closest passage rank 15 (case_analysis, score=0.122): Case Analysis and Reasoning: Precedent Strength Assessment (8/10): • The decision is from the Court of Appeal, a high level of authority and likely to be cited in similar TRO/TRO-related statutory interpretation cases. • Novel issue on the scope of 'restrict' under regulation 9(3)(b): expands beyond physical restrictions, thus broadening potential applicabil",authority was not found in the supplied corpus registry,ca-2024-001541-the-king-on-the-application-of-respondent-skeleton,real,2,yes,retrieved_id_citation_mismatch,partial,no,partial,partial,partial,no
cmm0ct5sl001504i3x6g18pvd,cmm0cqleo000z04i321gtuvf1,Armitage v Nurse [1998] Ch 241,unknown,not_found_in_corpus_registry,unclear,no,0.0000,0.1603,none,False,5,af98350e-e553-4a58-8a45-9d7b2067b530,af98350e-e553-4a58-8a45-9d7b2067b530_case_analysis,case_analysis,authoritative judgment text unavailable; holding cannot be verified from a citation alone,"cited authority absent from the linked retrieval; closest passage rank 5 (case_analysis, score=0.160): Case Analysis and Reasoning: Precedent Strength Assessment (7/10): • The case involves a notable ruling on the application of section 61 of the Trustee Act, which is frequently cited in trust law cases. • It clarifies standards for solicitors' conduct in the context of alleged breaches concerning trust funds in fraud cases, particularly focusing on the balan",authority was not found in the supplied corpus registry,skeleton-args-ca2018006090-aa90566cb5f6b5de,synthetic,1,yes,not_found_in_corpus_registry,partial,no,partial,partial,partial,no
cmm0ct5sl001504i3x6g18pvd,cmm0cqleo000z04i321gtuvf1,Spread Trustee Co Ltd v Hutcheson [2011] UKPC 13,neutral,not_found_in_corpus_registry,unclear,no,0.0000,0.0995,none,False,7,cbf9a2bb-7b6f-41be-ba0f-1a84a1e459e6,cbf9a2bb-7b6f-41be-ba0f-1a84a1e459e6_case_analysis,case_analysis,authoritative judgment text unavailable; holding cannot be verified from a citation alone,"cited authority absent from the linked retrieval; closest passage rank 7 (case_analysis, score=0.100): Case Analysis and Reasoning: Precedent Strength Assessment (8/10): • The decision comes from the Court of Appeal (Civil Division), a high authority that affirms and clarifies the application of fiduciary-like duties and accounting remedies in equity. • The judgment relies on well-established equitable principles (accountability when control over assets is co",authority was not found in the supplied corpus registry,skeleton-args-ca2018006090-aa90566cb5f6b5de,synthetic,2,yes,not_found_in_corpus_registry,partial,no,partial,partial,partial,no
cmlzy9ss300fz04i80p2yfbg1,cmlzy6by600ft04i8cpz0rrjt,English v Emery Reimbold & Strick Ltd [2002] EWCA Civ 605,neutral,in_corpus_not_retrieved,unclear,no,0.0000,0.1198,none,False,6,a86c8039-4dcd-41c2-bbee-f72673a10ba2,a86c8039-4dcd-41c2-bbee-f72673a10ba2_outcome_holding,outcome_holding,authoritative judgment text unavailable; holding cannot be verified from a citation alone,"cited authority absent from the linked retrieval; closest passage rank 6 (outcome_holding, score=0.120): Case Outcome: Holding: The Court of Appeal upheld the Secretary of State's funding decisions, concluding that the decisions were within legal bounds and appropriately considered regional disparities. Outcome: dismissed Precedent Strength: 7/10 Complexity Score: 8/10 Damages: 0 Legal Significance: Important case with notable legal impact",authority was found in the corpus but not in the linked retrieval,skeleton-args-ca2024001234-346b2d683b5c2099,synthetic,1,yes,in_corpus_not_retrieved,yes,no,yes,yes,no,no
cmlzy9ss300fz04i80p2yfbg1,cmlzy6by600ft04i8cpz0rrjt,Flannery v Halifax Estate Agencies Ltd [2000] 1 WLR 377,report,not_found_in_corpus_registry,unclear,no,0.0000,0.1093,none,False,6,a86c8039-4dcd-41c2-bbee-f72673a10ba2,a86c8039-4dcd-41c2-bbee-f72673a10ba2_outcome_holding,outcome_holding,authoritative judgment text unavailable; holding cannot be verified from a citation alone,"cited authority absent from the linked retrieval; closest passage rank 6 (outcome_holding, score=0.109): Case Outcome: Holding: The Court of Appeal upheld the Secretary of State's funding decisions, concluding that the decisions were within legal bounds and appropriately considered regional disparities. Outcome: dismissed Precedent Strength: 7/10 Complexity Score: 8/10 Damages: 0 Legal Significance: Important case with notable legal impact",authority was not found in the supplied corpus registry,skeleton-args-ca2024001234-346b2d683b5c2099,synthetic,2,yes,not_found_in_corpus_registry,no,no,partial,no,no,no
cmlzy9ss300fz04i80p2yfbg1,cmlzy6by600ft04i8cpz0rrjt,CPR Practice Direction 52D,rule,not_applicable_non_case_reference,n/a,no,0.0000,0.1141,none,False,10,f157dc58-8d24-4561-9b20-3df67da80a73,f157dc58-8d24-4561-9b20-3df67da80a73_citations_precedents,citations_precedents,holding accuracy is not applicable to this non-case reference,"best linked passage rank 10 (citations_precedents, score=0.114): Citations and Authorities: Neutral Citations: [2022] EWCA Civ 21, 200 Con LR 57, [2022] WLR(D) 54, [2022] PTSR 933 Law Reports: Referenced Cases: Public Contracts Regulations 2015 reg 32(2)(c), R v Rand [1866] LQR 1 B 230, Porter v. Magill [2001] UKHL 67, R (ex p Kirkstall Valley Campaign Ltd) v Secretary of State for the Environment [1996] 3 All ER 304, Loc",non-case reference,skeleton-args-ca2024001234-346b2d683b5c2099,synthetic,3,yes,not_applicable_non_case_reference,n/a,no,n/a,n/a,no,no
cmsbr4fhb000v04l4mgwtz5x1,cmsbr3gmj000p04l4jzoye2ph,English v Emery Reimbold & Strick Ltd [2002] EWCA Civ 605,neutral,in_corpus_not_retrieved,unclear,no,0.0000,0.2051,none,False,1,b9498527-3250-49cd-9d8e-ed7c0dda200e,b9498527-3250-49cd-9d8e-ed7c0dda200e_metadata_summary,metadata_summary,authoritative judgment text unavailable; holding cannot be verified from a citation alone,"cited authority absent from the linked retrieval; closest passage rank 1 (metadata_summary, score=0.205): Keywords: VAT, input tax, exempt supplies, hire purchase, partial exemption special method Precedent Strength: 7/10 (85% confidence) Precedent Reasoning: The case is from a reputable appellate court and involves significant questions of VAT law. The reasoning provided by the court is clear and expansive, contributing to the existing precedent in VAT disputes",authority was found in the corpus but not in the linked retrieval,ca-2024-000806-hippodrome-casino-ltd-v-hmrc-appellant-skeleton,real,1,yes,in_corpus_not_retrieved,yes,no,yes,yes,partial,no
cmm93eoww000904l4jttzk880,cmm93cs0n000304l46op6ul80,[2002] EWCA Civ 605,neutral,in_corpus_not_retrieved,unclear,no,0.0000,0.0575,none,False,6,ea179fd6-9cc0-4327-b94e-9bdff9e46c0c,ea179fd6-9cc0-4327-b94e-9bdff9e46c0c_legal_classification,legal_classification,authoritative judgment text unavailable; holding cannot be verified from a citation alone,"cited authority absent from the linked retrieval; closest passage rank 6 (legal_classification, score=0.058): Legal Classification: Primary Category: Medical Negligence Legal Areas: Tort Law, Negligence, Medical Law Jurisdiction: England and Wales Court Level: Appellate Legal Issues: Whether damages for pain, suffering, and loss of amenity were incorrectly denied.. Whether mental anguish regarding anticipated early death should be compensated. Keywords: Clinical Neg",authority was found in the corpus but not in the linked retrieval,skeleton-args-ca2019004792-59f1ed0831f20944,synthetic,1,yes,in_corpus_not_retrieved,yes,no,yes,yes,partial,no
cmm93eoww000904l4jttzk880,cmm93cs0n000304l46op6ul80,[2000] 1 WLR 377,report,not_found_in_corpus_registry,unclear,no,0.0000,0.1140,none,False,7,3b56f922-9884-43fd-9704-884f90c524db,3b56f922-9884-43fd-9704-884f90c524db_case_analysis,case_analysis,authoritative judgment text unavailable; holding cannot be verified from a citation alone,"cited authority absent from the linked retrieval; closest passage rank 7 (case_analysis, score=0.114): Case Analysis and Reasoning: Precedent Strength Assessment (7/10): • The decision sits in a Court of Appeal, which gives it strong persuasive force for similar negligent-misstatement cases within England and Wales. • The issues involve a well-trodden Hedley Byrne framework but apply it to a fact-specific scenario with limited trial evidence, reducing its rea",authority was not found in the supplied corpus registry,skeleton-args-ca2019004792-59f1ed0831f20944,synthetic,2,yes,not_found_in_corpus_registry,yes,no,partial,yes,partial,no
cmm93eoww000904l4jttzk880,cmm93cs0n000304l46op6ul80,[2015] UKSC 11,neutral,not_found_in_corpus_registry,unclear,no,0.0000,0.0939,none,False,2,127de7d1-1e96-4936-82d9-f933bbeb8539,127de7d1-1e96-4936-82d9-f933bbeb8539_metadata_summary,metadata_summary,authoritative judgment text unavailable; holding cannot be verified from a citation alone,"cited authority absent from the linked retrieval; closest passage rank 2 (metadata_summary, score=0.094): Keywords: Limitation Act 1980, constructive knowledge, personal injury, asbestos, statutory duty Precedent Strength: 7/10 (85% confidence) Precedent Reasoning: The case reflects significant legal principles, namely the interpretation of housing the Limitation Act regarding constructive knowledge and the discretionary powers under section 33. It addresses the",authority was not found in the supplied corpus registry,skeleton-args-ca2019004792-59f1ed0831f20944,synthetic,3,yes,not_found_in_corpus_registry,partial,partial,partial,partial,partial,partial
cmm920v38000b04ib8ug7hazg,cmm0cqleo000z04i321gtuvf1,Armitage v Nurse [1998] Ch 241,unknown,not_found_in_corpus_registry,unclear,no,0.0000,0.0111,none,False,6,0f564d6f-98e5-402b-abc8-a39f1fa33427,0f564d6f-98e5-402b-abc8-a39f1fa33427_case_analysis,case_analysis,authoritative judgment text unavailable; holding cannot be verified from a citation alone,"cited authority absent from the linked retrieval; closest passage rank 6 (case_analysis, score=0.011): • The financial implications of the estate and the condition of Tottenham House added layers of factual complexity. Confidence: 85% Legal Significance: Important case with notable legal impact",authority was not found in the supplied corpus registry,skeleton-args-ca2018006090-aa90566cb5f6b5de,synthetic,1,yes,not_found_in_corpus_registry,partial,no,partial,partial,partial,no
cmm920v38000b04ib8ug7hazg,cmm0cqleo000z04i321gtuvf1,Spread Trustee Co Ltd v Hutcheson [2011] UKPC 13,neutral,not_found_in_corpus_registry,unclear,no,0.0000,0.1720,none,False,2,63f1ceea-1ae6-4e29-9f3b-c354ab3fba11,63f1ceea-1ae6-4e29-9f3b-c354ab3fba11_legal_reasoning,legal_reasoning,authoritative judgment text unavailable; holding cannot be verified from a citation alone,"cited authority absent from the linked retrieval; closest passage rank 2 (legal_reasoning, score=0.172): Accrual date of the cause of action (12 October 2007 vs 15 October 2007) and its impact on limitation.. Role of expert/accounting evidence in establishing whether steps were taken to ensure lawfulness of the distribution. Reasoning: The Court of Appeal held that, on the facts, the claim accrued on 12 October 2007 (distribution) and that section 21(1)(b) of t",authority was not found in the supplied corpus registry,skeleton-args-ca2018006090-aa90566cb5f6b5de,synthetic,2,yes,not_found_in_corpus_registry,no,no,partial,no,partial,no
cmst7uoeu00d804l5ayb3b9q8,cmst7t5an00d204l5jrwmz7m1,Hedley Byrne & Co Ltd v Heller & Partners Ltd [1964],unknown,not_found_in_corpus_registry,unclear,no,0.0000,0.1269,none,False,3,cfb9db03-44c0-4604-926a-a76e01575d88,cfb9db03-44c0-4604-926a-a76e01575d88_legal_classification,legal_classification,authoritative judgment text unavailable; holding cannot be verified from a citation alone,"cited authority absent from the linked retrieval; closest passage rank 3 (legal_classification, score=0.127): Legal Classification: Primary Category: Civil Dispute – Fiduciary Duty, Constructive Trust, Dishonest Assistance, Knowing Receipt Legal Areas: Fiduciary Duty, Dishonest Assistance, Conspiracy, Constructive Trust / Equitable Proprietary Claim, Knowing Receipt, Company / Partnership Law, Offshore Fund / Investment Management Jurisdiction: Court of Appeal, Engl",authority was not found in the supplied corpus registry,skeleton-args-ca2022000651-1294462417e10289,synthetic,1,yes,not_found_in_corpus_registry,partial,no,partial,partial,partial,no
cmst7uoeu00d804l5ayb3b9q8,cmst7t5an00d204l5jrwmz7m1,Henderson v Merrett Syndicates Ltd [1995],unknown,not_found_in_corpus_registry,unclear,no,0.0000,0.0426,none,False,2,dbcf0178-be49-4907-95d1-ab35a968b855,dbcf0178-be49-4907-95d1-ab35a968b855_legal_reasoning,legal_reasoning,authoritative judgment text unavailable; holding cannot be verified from a citation alone,"cited authority absent from the linked retrieval; closest passage rank 2 (legal_reasoning, score=0.043): It discusses the interplay of domestic law with EU competition rights, including Courage and the post-Brexit context, and it notes that collateral benefit exceptions (Swynson) may allow certain reductions in damages while not restoring the original loss. The decision thus defers a full ruling on avoided loss, indicating these issues require trial-level factu",authority was not found in the supplied corpus registry,skeleton-args-ca2022000651-1294462417e10289,synthetic,2,yes,not_found_in_corpus_registry,partial,no,partial,partial,partial,no
cmst7uoeu00d804l5ayb3b9q8,cmst7t5an00d204l5jrwmz7m1,Bolam v Friern Hospital Management Committee [1957],unknown,not_found_in_corpus_registry,unclear,no,0.0000,0.1059,none,False,15,83821fb0-ba9c-43e6-bb47-76a85327b471,83821fb0-ba9c-43e6-bb47-76a85327b471_legal_classification,legal_classification,authoritative judgment text unavailable; holding cannot be verified from a citation alone,"cited authority absent from the linked retrieval; closest passage rank 15 (legal_classification, score=0.106): Legal Classification: Primary Category: Financial Services Regulation Legal Areas: Commercial Law, Banking Law, Regulatory Compliance Jurisdiction: England and Wales Court Level: Appellate Legal Issues: Did the banks owe a duty of care to the appellants in conducting the review?. Was reliance on the review agreement justified for imposing common law duty?. A",authority was not found in the supplied corpus registry,skeleton-args-ca2022000651-1294462417e10289,synthetic,3,yes,not_found_in_corpus_registry,partial,no,partial,partial,partial,no
cmst7uoeu00d804l5ayb3b9q8,cmst7t5an00d204l5jrwmz7m1,Flannery v Halifax Estate Agencies Ltd [2000] 1 WLR 377,report,not_found_in_corpus_registry,unclear,no,0.0000,0.0022,none,False,20,f0022e90-d6b2-4255-aa84-750a85644748,f0022e90-d6b2-4255-aa84-750a85644748_procedural_history,procedural_history,authoritative judgment text unavailable; holding cannot be verified from a citation alone,"cited authority absent from the linked retrieval; closest passage rank 20 (procedural_history, score=0.002): Procedural History: Court: England and Wales Court of Appeal (Civil Division) Lower Court: High Court of Justice in the Business and Property Courts Judges: Lord Justice David Richards, Lord Justice Males, Lady Justice Elisabeth Laing Case Number: A3/2019/2949 and A3/2020/1424 Last Hearing Date: 31 March 2021 Duration: 263 days",authority was not found in the supplied corpus registry,skeleton-args-ca2022000651-1294462417e10289,synthetic,4,yes,not_found_in_corpus_registry,no,no,no,no,no,no
cmmsi1xqb000h04jsef3v6skf,cmmshur54000b04jsgyo6bz98,English v Emery Reimbold & Strick Ltd [2002] EWCA Civ 605,neutral,in_corpus_not_retrieved,unclear,no,0.0000,0.1077,none,False,7,0b882e45-d34e-49f7-baae-3d5657d1ccc6,0b882e45-d34e-49f7-baae-3d5657d1ccc6_case_analysis,case_analysis,authoritative judgment text unavailable; holding cannot be verified from a citation alone,"cited authority absent from the linked retrieval; closest passage rank 7 (case_analysis, score=0.108): Case Analysis and Reasoning: Precedent Strength Assessment (8/10): • The case involves a significant court (High Court), which adds weight to its authority. • The legal issues are fairly novel regarding the interpretation of maintenance duties under the Highways Act 1980. • The ruling offers clarity on the obligations of local authorities, potentially making",authority was found in the corpus but not in the linked retrieval,karpasitis-v-hertfordshire-county-council,real,1,yes,in_corpus_not_retrieved,yes,no,yes,yes,partial,no
cmmsi1xqb000h04jsef3v6skf,cmmshur54000b04jsgyo6bz98,Flannery v Halifax Estate Agencies Ltd [2000] 1 WLR 377,report,not_found_in_corpus_registry,unclear,no,0.0000,0.1773,none,False,7,0b882e45-d34e-49f7-baae-3d5657d1ccc6,0b882e45-d34e-49f7-baae-3d5657d1ccc6_case_analysis,case_analysis,authoritative judgment text unavailable; holding cannot be verified from a citation alone,"cited authority absent from the linked retrieval; closest passage rank 7 (case_analysis, score=0.177): Case Analysis and Reasoning: Precedent Strength Assessment (8/10): • The case involves a significant court (High Court), which adds weight to its authority. • The legal issues are fairly novel regarding the interpretation of maintenance duties under the Highways Act 1980. • The ruling offers clarity on the obligations of local authorities, potentially making",authority was not found in the supplied corpus registry,karpasitis-v-hertfordshire-county-council,real,2,yes,not_found_in_corpus_registry,partial,no,partial,partial,partial,no
cmsbsvvmu001x04jittsrlhz0,cmsbsuhsv001r04jiv19ukl8u,[2002] EWCA Civ 605,neutral,in_corpus_not_retrieved,unclear,no,0.0000,0.3409,none,False,6,a1a08eab-f66f-48ea-a2b4-e885be7c07df,a1a08eab-f66f-48ea-a2b4-e885be7c07df_case_analysis,case_analysis,authoritative judgment text unavailable; holding cannot be verified from a citation alone,"cited authority absent from the linked retrieval; closest passage rank 6 (case_analysis, score=0.341): Case Analysis and Reasoning: Precedent Strength Assessment (8/10): • The case involves important issues in pharmaceutical patent law, particularly regarding the validity of patents under the criterion of obviousness. • The court provided a detailed explanation of patent sciences, which may lead to the case being cited in future patent disputes. • The case's ",authority was found in the corpus but not in the linked retrieval,ca-2024-0023525 & ca-2024-002295-modernatx-inc-v-pfizer-limited-others-respondent-skeleton,real,1,yes,in_corpus_not_retrieved,yes,no,yes,yes,partial,no
cmsbr3045000j04l4tkps7ymp,cmsbr1xgb000d04l4kki35x9j,HMRC v Volkswagen Financial Services (Case C-153/17),unknown,not_found_in_corpus_registry,unclear,no,0.0000,0.2138,none,False,1,b9498527-3250-49cd-9d8e-ed7c0dda200e,b9498527-3250-49cd-9d8e-ed7c0dda200e_metadata_summary,metadata_summary,authoritative judgment text unavailable; holding cannot be verified from a citation alone,"cited authority absent from the linked retrieval; closest passage rank 1 (metadata_summary, score=0.214): Keywords: VAT, input tax, exempt supplies, hire purchase, partial exemption special method Precedent Strength: 7/10 (85% confidence) Precedent Reasoning: The case is from a reputable appellate court and involves significant questions of VAT law. The reasoning provided by the court is clear and expansive, contributing to the existing precedent in VAT disputes",authority was not found in the supplied corpus registry,ca-2024-000806-hippodrome-casino-ltd-v-hmrc-appellant-skeleton,real,1,yes,not_found_in_corpus_registry,yes,yes,yes,partial,partial,no
cmsbr3045000j04l4tkps7ymp,cmsbr1xgb000d04l4kki35x9j,St Helen’s School Northwood v RCC,unknown,not_found_in_corpus_registry,unclear,no,0.0000,0.0518,none,False,1,b9498527-3250-49cd-9d8e-ed7c0dda200e,b9498527-3250-49cd-9d8e-ed7c0dda200e_metadata_summary,metadata_summary,authoritative judgment text unavailable; holding cannot be verified from a citation alone,"cited authority absent from the linked retrieval; closest passage rank 1 (metadata_summary, score=0.052): Keywords: VAT, input tax, exempt supplies, hire purchase, partial exemption special method Precedent Strength: 7/10 (85% confidence) Precedent Reasoning: The case is from a reputable appellate court and involves significant questions of VAT law. The reasoning provided by the court is clear and expansive, contributing to the existing precedent in VAT disputes",authority was not found in the supplied corpus registry,ca-2024-000806-hippodrome-casino-ltd-v-hmrc-appellant-skeleton,real,2,yes,not_found_in_corpus_registry,partial,yes,yes,partial,partial,no
cmsbr3045000j04l4tkps7ymp,cmsbr1xgb000d04l4kki35x9j,Flannery v Halifax Estate Agencies Ltd [2000] 1 WLR 377,report,not_found_in_corpus_registry,unclear,no,0.0000,0.0905,none,False,18,34f65455-ab57-4843-8247-69713c6d5d1d,34f65455-ab57-4843-8247-69713c6d5d1d_legal_classification,legal_classification,authoritative judgment text unavailable; holding cannot be verified from a citation alone,"cited authority absent from the linked retrieval; closest passage rank 18 (legal_classification, score=0.091): Legal Classification: Primary Category: Tax Law Legal Areas: Value Added Tax, European Union Law, Administrative Law Jurisdiction: England and Wales Court Level: Appellate Legal Issues: Is Iveco's claim for VAT repayments time-barred?. What are the implications of the Sixth Directive on VAT claims in this case?. Under what conditions can a taxable amount be ",authority was not found in the supplied corpus registry,ca-2024-000806-hippodrome-casino-ltd-v-hmrc-appellant-skeleton,real,3,yes,retrieved_id_citation_mismatch,partial,no,partial,partial,partial,no
cmmxgyd9z000h04kttryogau2,cmmxgv6n0000b04kt94o7km5w,[2002] EWCA Civ 605,neutral,in_corpus_not_retrieved,unclear,no,0.0000,0.0612,none,False,4,4685ad0e-87e7-4f59-8991-823ab27d9393,4685ad0e-87e7-4f59-8991-823ab27d9393_legal_reasoning,legal_reasoning,authoritative judgment text unavailable; holding cannot be verified from a citation alone,"cited authority absent from the linked retrieval; closest passage rank 4 (legal_reasoning, score=0.061): Reasoning: The excerpt outlines that the court applied established authorities on duty of care for omissions vs. positive actions and examined whether police intervention could create a duty. The Master noted that a duty of care for public authorities in tort hinges on whether intervention makes matters worse or whether control/assumption of responsibility c",authority was found in the corpus but not in the linked retrieval,karpasitis-v-hertfordshire-county-council,real,1,yes,in_corpus_not_retrieved,yes,no,yes,yes,no,no
cmmxgyd9z000h04kttryogau2,cmmxgv6n0000b04kt94o7km5w,[2000] 1 WLR 377,report,not_found_in_corpus_registry,unclear,no,0.0000,0.0562,none,False,4,4685ad0e-87e7-4f59-8991-823ab27d9393,4685ad0e-87e7-4f59-8991-823ab27d9393_legal_reasoning,legal_reasoning,authoritative judgment text unavailable; holding cannot be verified from a citation alone,"cited authority absent from the linked retrieval; closest passage rank 4 (legal_reasoning, score=0.056): Reasoning: The excerpt outlines that the court applied established authorities on duty of care for omissions vs. positive actions and examined whether police intervention could create a duty. The Master noted that a duty of care for public authorities in tort hinges on whether intervention makes matters worse or whether control/assumption of responsibility c",authority was not found in the supplied corpus registry,karpasitis-v-hertfordshire-county-council,real,2,yes,retrieved_id_citation_mismatch,yes,no,yes,yes,no,no
cmmxgyd9z000h04kttryogau2,cmmxgv6n0000b04kt94o7km5w,"Senior Courts Act 1981, s.35A",legislation,not_applicable_non_case_reference,n/a,no,0.0000,0.0478,none,False,17,0b882e45-d34e-49f7-baae-3d5657d1ccc6,0b882e45-d34e-49f7-baae-3d5657d1ccc6_outcome_holding,outcome_holding,holding accuracy is not applicable to this non-case reference,"best linked passage rank 17 (outcome_holding, score=0.048): Case Outcome: Holding: The court affirmed that the Crown Court properly assessed the state of the highway and its ruling that extensive repairs were not necessary was upheld. Outcome: defendant Precedent Strength: 8/10 Complexity Score: 6/10 Damages: 3344.43 Legal Significance: Important case with notable legal impact",non-case reference,karpasitis-v-hertfordshire-county-council,real,3,yes,not_applicable_non_case_reference,n/a,no,n/a,n/a,no,no
cmmxgyd9z000h04kttryogau2,cmmxgv6n0000b04kt94o7km5w,[2020] 4 WLR 55,report,not_found_in_corpus_registry,unclear,no,0.0000,0.0569,none,False,1,bc30491e-9ae6-48da-90d0-71d8a8069b22,bc30491e-9ae6-48da-90d0-71d8a8069b22_legal_classification,legal_classification,authoritative judgment text unavailable; holding cannot be verified from a citation alone,"cited authority absent from the linked retrieval; closest passage rank 1 (legal_classification, score=0.057): Legal Classification: Primary Category: Negligence Legal Areas: Tort, Public Law, Road Safety Law, Statutory Interpretation Jurisdiction: United Kingdom Court Level: Supreme Court Legal Issues: Duty of care of highway authorities in negligence cases. Interpretation of statutory duties under the Road Traffic Act 1988. Liability in common law versus statutory ",authority was not found in the supplied corpus registry,karpasitis-v-hertfordshire-county-council,real,4,yes,retrieved_id_citation_mismatch,no,partial,no,no,partial,no
cmst49zw4001104l7neqlaa0v,cmst47zkn000v04l7hdoa66wv,[2002] EWCA Civ 605,neutral,in_corpus_not_retrieved,unclear,no,0.0000,0.1099,none,False,11,7bc4d59e-cc60-4942-af27-745ffc1ad26d,7bc4d59e-cc60-4942-af27-745ffc1ad26d_case_analysis,case_analysis,authoritative judgment text unavailable; holding cannot be verified from a citation alone,"cited authority absent from the linked retrieval; closest passage rank 11 (case_analysis, score=0.110): • Issues of reasonable reliance, scope of retainer, and whether advice constitutes a positive duty add to complexity, particularly given Bolam and White v Jones references. • Three-judge appellate panel, high-value prime properties, and cross-cutting areas of contract, tort, professional negligence, and property/energy law further increase complexity. Confid",authority was found in the corpus but not in the linked retrieval,skeleton-args-ca2024009268-0b828a88e0027426,synthetic,1,yes,in_corpus_not_retrieved,yes,no,yes,yes,no,no
cmst49zw4001104l7neqlaa0v,cmst47zkn000v04l7hdoa66wv,[2000] 1 WLR 377,report,not_found_in_corpus_registry,unclear,no,0.0000,0.1862,none,False,2,2bd10c54-07db-4985-85eb-0568607ef9f3,2bd10c54-07db-4985-85eb-0568607ef9f3_case_analysis,case_analysis,authoritative judgment text unavailable; holding cannot be verified from a citation alone,"cited authority absent from the linked retrieval; closest passage rank 2 (case_analysis, score=0.186): Case Analysis and Reasoning: Precedent Strength Assessment (8/10): • The case sets important standards on the level of care expected from solicitors in advising clients, particularly in negligence claims. • It highlights the critical need for clear communication and understanding of clients' rights in specialized scenarios such as compensation schemes. • Giv",authority was not found in the supplied corpus registry,skeleton-args-ca2024009268-0b828a88e0027426,synthetic,2,yes,not_found_in_corpus_registry,yes,no,yes,yes,partial,no
cmsbracw1001r04l4az8ukhd1,cmsbr997n001l04l4etg0c8qb,Gorringe v. Calderdale Metropolitan Borough Council,unknown,retrieved_and_cited,unclear,no,0.0000,0.0498,none,True,11,70c75405-8cba-40e2-92ff-8302ea4f6789,70c75405-8cba-40e2-92ff-8302ea4f6789_legal_classification,legal_classification,authoritative judgment text unavailable; holding cannot be verified from a citation alone,"best linked passage rank 11 (legal_classification, score=0.050): Legal Classification: Primary Category: Tort Legal Areas: Negligence, Public Liability, Highways Act Jurisdiction: England and Wales Court Level: Appellate Legal Issues: Was the road defect a danger according to the standards of the Highway Act?. Did the defendant take reasonable steps to maintain the highway?. Can the council be held liable for Griffiths' i",citation matched an authority in the linked retrieval,ca-2023-002207-mr-demetrios-karpasitis-v-hertfordshire-county-appellant-skeleton,real,1,yes,retrieved_and_cited,no,partial,no,no,partial,partial
cmsbracw1001r04l4az8ukhd1,cmsbr997n001l04l4etg0c8qb,Yetkin v London Borough of Newham,unknown,retrieved_and_cited,unclear,no,0.0000,0.0957,none,True,2,bc30491e-9ae6-48da-90d0-71d8a8069b22,bc30491e-9ae6-48da-90d0-71d8a8069b22_legal_classification,legal_classification,authoritative judgment text unavailable; holding cannot be verified from a citation alone,"best linked passage rank 2 (legal_classification, score=0.096): Legal Classification: Primary Category: Negligence Legal Areas: Tort, Public Law, Road Safety Law, Statutory Interpretation Jurisdiction: United Kingdom Court Level: Supreme Court Legal Issues: Duty of care of highway authorities in negligence cases. Interpretation of statutory duties under the Road Traffic Act 1988. Liability in common law versus statutory ",citation matched an authority in the linked retrieval,ca-2023-002207-mr-demetrios-karpasitis-v-hertfordshire-county-appellant-skeleton,real,2,yes,retrieved_and_cited,partial,partial,partial,partial,partial,partial
cmlzphr57000h04jtqrwbfiyf,cmlzpfjvk000b04jtl1v4uh8a,Neilson v. Poole [1969] 20 P&CR 909,unknown,not_found_in_corpus_registry,unclear,no,0.0000,0.0907,none,False,2,f4d639ad-f27c-47ba-a62c-bfc0c4c9430e,f4d639ad-f27c-47ba-a62c-bfc0c4c9430e_legal_reasoning,legal_reasoning,authoritative judgment text unavailable; holding cannot be verified from a citation alone,"cited authority absent from the linked retrieval; closest passage rank 2 (legal_reasoning, score=0.091): Legal Analysis: Legal Issues: Whether the Defendants should be permitted to amend their Defence and Counterclaim (discretion in case management and pleading amendments).. Whether an adverse possession claim under the Land Registration Act 2002 can be pleaded in a case involving registered land and a claimed licensee.. Whether the pleadings properly defined t",authority was not found in the supplied corpus registry,skeleton-args-ca2022008247-6c5b4a1058f7a82b,synthetic,1,yes,not_found_in_corpus_registry,partial,no,no,partial,partial,no
cmlzphr57000h04jtqrwbfiyf,cmlzpfjvk000b04jtl1v4uh8a,J A Pye (Oxford) Ltd v. Graham [2002] UKHL 30,neutral,not_found_in_corpus_registry,unclear,no,0.0000,0.1605,none,False,1,34dfb3bd-01bb-45bf-b18a-fce4ecb24b45,34dfb3bd-01bb-45bf-b18a-fce4ecb24b45_case_analysis,case_analysis,authoritative judgment text unavailable; holding cannot be verified from a citation alone,"cited authority absent from the linked retrieval; closest passage rank 1 (case_analysis, score=0.161): Case Analysis and Reasoning: Precedent Strength Assessment (7/10): • The decision sits within a Court of Appeal framework and engages well-established principles on adverse possession and registering errors. • Judicial reasoning is thorough, drawing on LRA 2002 provisions, prior case law on possession and paper title, and the proper approach to new evidence ",authority was not found in the supplied corpus registry,skeleton-args-ca2022008247-6c5b4a1058f7a82b,synthetic,2,yes,retrieved_id_citation_mismatch,partial,no,partial,partial,no,no
cmmsiews2000304lgc3ooyg67,cmmshur54000b04jsgyo6bz98,Chapman v. Mid and South Sussex NHS Foundation Trust [2023] EWHC 1290 (KB),neutral,not_found_in_corpus_registry,unclear,no,0.0000,0.1580,none,False,1,bc30491e-9ae6-48da-90d0-71d8a8069b22,bc30491e-9ae6-48da-90d0-71d8a8069b22_legal_reasoning,legal_reasoning,authoritative judgment text unavailable; holding cannot be verified from a citation alone,"cited authority absent from the linked retrieval; closest passage rank 1 (legal_reasoning, score=0.158): Legal Analysis: Legal Issues: Duty of care of highway authorities in negligence cases. Interpretation of statutory duties under the Road Traffic Act 1988. Liability in common law versus statutory breaches Reasoning: The ruling highlighted that the council's statutory duties under the Road Traffic Act did not impose liability for negligent failure to warn, pa",authority was not found in the supplied corpus registry,karpasitis-v-hertfordshire-county-council,real,1,yes,not_found_in_corpus_registry,no,yes,no,no,yes,no
cmmsiews2000304lgc3ooyg67,cmmshur54000b04jsgyo6bz98,Flannery v Halifax Estate Agencies Ltd [2000] 1 WLR 377,report,not_found_in_corpus_registry,unclear,no,0.0000,0.0143,none,False,3,aeeec773-897a-43bf-a319-7d0c8a133974,aeeec773-897a-43bf-a319-7d0c8a133974_citations_precedents,citations_precedents,authoritative judgment text unavailable; holding cannot be verified from a citation alone,"cited authority absent from the linked retrieval; closest passage rank 3 (citations_precedents, score=0.014): Estates (1990) Ltd v Secretary of State for the Environment [2001] L&TR 32, Symes v Phillips [2005] EWCA Civ 663 Citation Count: 14",authority was not found in the supplied corpus registry,karpasitis-v-hertfordshire-county-council,real,2,yes,not_found_in_corpus_registry,partial,no,partial,partial,partial,no
cmlzpblc7000304jv62ixuvp8,cmlzp9luh000304l29ip4sjki,English v Emery Reimbold & Strick Ltd [2002] EWCA Civ 605,neutral,in_corpus_not_retrieved,unclear,no,0.0000,0.0906,none,False,10,99e499ed-5641-4f75-8c33-a3c4e6031823,99e499ed-5641-4f75-8c33-a3c4e6031823_case_analysis,case_analysis,authoritative judgment text unavailable; holding cannot be verified from a citation alone,"cited authority absent from the linked retrieval; closest passage rank 10 (case_analysis, score=0.091): Case Analysis and Reasoning: Precedent Strength Assessment (7/10): • The issue engages a high-level, frequently cited domain of private international law (state immunity) with a clear statutory framework (State Immunity Act 1978) and significant maritime context (Admiralty in rem). • The Court of Appeal sits at a high level of authority to interpret the immu",authority was found in the corpus but not in the linked retrieval,skeleton-args-ca2022002088-9a827e5fc9cfa270,synthetic,1,yes,in_corpus_not_retrieved,yes,no,yes,yes,no,no
cmlzpblc7000304jv62ixuvp8,cmlzp9luh000304l29ip4sjki,Flannery v Halifax Estate Agencies Ltd [2000] 1 WLR 377,report,not_found_in_corpus_registry,unclear,no,0.0000,0.0030,none,False,1,d23d9f9f-4d0a-455a-bab1-0ce1a023b722,d23d9f9f-4d0a-455a-bab1-0ce1a023b722_legal_classification,legal_classification,authoritative judgment text unavailable; holding cannot be verified from a citation alone,"cited authority absent from the linked retrieval; closest passage rank 1 (legal_classification, score=0.003): Whether the UT’s reversal on Issue 1 should stand in light of the Court’s procedural ruling on Ground 2 Keywords: capital allowances, Ramsay principle, CAA 2001, section 61(1)(a), section 11, composite transactions, Court of Appeal (Civil Division), tax litigation, Upper Tribunal, First-tier Tribunal",authority was not found in the supplied corpus registry,skeleton-args-ca2022002088-9a827e5fc9cfa270,synthetic,2,yes,not_found_in_corpus_registry,yes,no,yes,yes,no,no
cmlzpblc7000304jv62ixuvp8,cmlzp9luh000304l29ip4sjki,"Senior Courts Act 1981, s.35A",legislation,not_applicable_non_case_reference,n/a,no,0.0000,0.0027,none,False,1,d23d9f9f-4d0a-455a-bab1-0ce1a023b722,d23d9f9f-4d0a-455a-bab1-0ce1a023b722_legal_classification,legal_classification,holding accuracy is not applicable to this non-case reference,"best linked passage rank 1 (legal_classification, score=0.003): Whether the UT’s reversal on Issue 1 should stand in light of the Court’s procedural ruling on Ground 2 Keywords: capital allowances, Ramsay principle, CAA 2001, section 61(1)(a), section 11, composite transactions, Court of Appeal (Civil Division), tax litigation, Upper Tribunal, First-tier Tribunal",non-case reference,skeleton-args-ca2022002088-9a827e5fc9cfa270,synthetic,3,yes,not_applicable_non_case_reference,n/a,no,n/a,n/a,no,no
cmsbtbxft002t04jic4baeo3l,cmsbtb7sw002n04jipbuqxu0i,[2002] EWCA Civ 605,neutral,in_corpus_not_retrieved,unclear,no,0.0000,0.2011,none,False,1,a1a08eab-f66f-48ea-a2b4-e885be7c07df,a1a08eab-f66f-48ea-a2b4-e885be7c07df_case_analysis,case_analysis,authoritative judgment text unavailable; holding cannot be verified from a citation alone,"cited authority absent from the linked retrieval; closest passage rank 1 (case_analysis, score=0.201): Case Analysis and Reasoning: Precedent Strength Assessment (8/10): • The case involves important issues in pharmaceutical patent law, particularly regarding the validity of patents under the criterion of obviousness. • The court provided a detailed explanation of patent sciences, which may lead to the case being cited in future patent disputes. • The case's ",authority was found in the corpus but not in the linked retrieval,ca-2024-002325 & ca-2024-002295-modernatx-inc-v-pfizer-limited-others-appellant-skeleton,real,1,yes,in_corpus_not_retrieved,yes,no,yes,yes,partial,no
cms1ps00j000j04jsbxrn9wrj,cms1pq4rm000d04js91x46eaf,English v Emery Reimbold & Strick Ltd [2002] EWCA Civ 605,neutral,in_corpus_not_retrieved,unclear,no,0.0000,0.0874,none,False,6,9a3c763e-b455-414d-b2b1-1140496a3cc4,9a3c763e-b455-414d-b2b1-1140496a3cc4_factual_summary,factual_summary,authoritative judgment text unavailable; holding cannot be verified from a citation alone,"cited authority absent from the linked retrieval; closest passage rank 6 (factual_summary, score=0.087): Factual Summary: Parties: The Queen (on the application of Kent County Council) v The Secretary of State for Health v London Borough of Sutton v London Borough of Barking and Dagenham Key Facts: NA was a disabled adult requiring residential accommodation.. NHS funding was provided until it was ceased in February 2010.. There was a dispute between Kent, Sutto",authority was found in the corpus but not in the linked retrieval,ca-2024-001541-the-king-on-the-application-of-respondent-skeleton,real,1,yes,in_corpus_not_retrieved,yes,no,yes,yes,no,no
cms1ps00j000j04jsbxrn9wrj,cms1pq4rm000d04js91x46eaf,Flannery v Halifax Estate Agencies Ltd [2000] 1 WLR 377,report,not_found_in_corpus_registry,unclear,no,0.0000,0.0508,none,False,15,90743ee0-c75d-4140-93eb-89a3938f7523,90743ee0-c75d-4140-93eb-89a3938f7523_procedural_history,procedural_history,authoritative judgment text unavailable; holding cannot be verified from a citation alone,"cited authority absent from the linked retrieval; closest passage rank 15 (procedural_history, score=0.051): Procedural History: Court: England and Wales Court of Appeal (Civil Division) Lower Court: High Court of Justice, King's Bench Division, Planning Court [2022] EWHC 2031 (Admin) Judges: Sir Keith Lindblom, Senior President of Tribunals, Lord Justice Singh, Lady Justice Elisabeth Laing Case Number: CA-2022-001599 Last Hearing Date: 25 May 2023 Duration: 1500 d",authority was not found in the supplied corpus registry,ca-2024-001541-the-king-on-the-application-of-respondent-skeleton,real,2,yes,retrieved_id_citation_mismatch,no,no,partial,no,no,no
cmst80ckg000h04i9rasplurj,cmst7yrwi000b04i90ncdwp78,[2002] EWCA Civ 605,neutral,in_corpus_not_retrieved,unclear,no,0.0000,0.1537,none,False,3,65645a3e-7e49-4a88-ba46-adb686908b02,65645a3e-7e49-4a88-ba46-adb686908b02_case_analysis,case_analysis,authoritative judgment text unavailable; holding cannot be verified from a citation alone,"cited authority absent from the linked retrieval; closest passage rank 3 (case_analysis, score=0.154): Case Analysis and Reasoning: Precedent Strength Assessment (8/10): • The court hierarchy (Court of Appeal) contributes significant weight to the decision as it sets important precedents in consumer credit and data protection law. • The novel interpretation of the intersection between the Consumer Credit Act and Data Protection Act is likely to be cited by fu",authority was found in the corpus but not in the linked retrieval,skeleton-args-ca2022004921-cb64a3102cee5019,synthetic,1,yes,in_corpus_not_retrieved,yes,no,yes,yes,partial,no
cmst80ckg000h04i9rasplurj,cmst7yrwi000b04i90ncdwp78,[2000] 1 WLR 377,report,not_found_in_corpus_registry,unclear,no,0.0000,0.1060,none,False,14,d1c34b40-ca07-41ac-be04-f52393d978ca,d1c34b40-ca07-41ac-be04-f52393d978ca_case_analysis,case_analysis,authoritative judgment text unavailable; holding cannot be verified from a citation alone,"cited authority absent from the linked retrieval; closest passage rank 14 (case_analysis, score=0.106): Case Analysis and Reasoning: Precedent Strength Assessment (8/10): • The case involved significant legal principles regarding disclosure obligations and privacy rights, which are frequently litigated in civil cases. • The clarity and detail in the judgment provide a strong basis for future citations. • The court's decision in balancing public interest in dis",authority was not found in the supplied corpus registry,skeleton-args-ca2022004921-cb64a3102cee5019,synthetic,2,yes,not_found_in_corpus_registry,yes,no,yes,yes,partial,no
cmsbrqmhv000j04jp78i2n3gf,cmsbrpoz0000d04jp4gktumzo,English v Emery Reimbold & Strick Ltd [2002] EWCA Civ 605,neutral,in_corpus_not_retrieved,unclear,no,0.0000,0.2035,none,False,20,43d4ac89-b448-44d9-9932-c5736983a48f,43d4ac89-b448-44d9-9932-c5736983a48f_metadata_summary,metadata_summary,authoritative judgment text unavailable; holding cannot be verified from a citation alone,"cited authority absent from the linked retrieval; closest passage rank 20 (metadata_summary, score=0.204): Complexity: 7/10 (75% confidence) Complexity Reasoning: Single, narrowly-defined issue framed as a question of law under a specialized arbitration clause (GAFTA Default Clause (c)) Involves understanding of contractual terms (free out, non-payment clause) and their interaction with damages, plus the valuation standard under a commercial contract fo…",authority was found in the corpus but not in the linked retrieval,ca-2024-001951-ksy-juice-blends-uk-limited-v-skeleton,real,1,yes,in_corpus_not_retrieved,yes,no,yes,yes,partial,no
cmsbrqmhv000j04jp78i2n3gf,cmsbrpoz0000d04jp4gktumzo,Flannery v Halifax Estate Agencies Ltd [2000] 1 WLR 377,report,not_found_in_corpus_registry,unclear,no,0.0000,0.2265,none,False,16,2d2f67c0-33b8-47de-ade5-124c90fc1a95,2d2f67c0-33b8-47de-ade5-124c90fc1a95_metadata_summary,metadata_summary,authoritative judgment text unavailable; holding cannot be verified from a citation alone,"cited authority absent from the linked retrieval; closest passage rank 16 (metadata_summary, score=0.227): Keywords: contract interpretation, pre-contractual negotiations, Balancing Payment, Minimum Guaranteed Residential Unit Value, Additional Residential Payment, House of Lords, commercial law Precedent Strength: 8/10 (85% confidence) Precedent Reasoning: The case was decided by the House of Lords, which adds significant weight to its precedent value as it is a",authority was not found in the supplied corpus registry,ca-2024-001951-ksy-juice-blends-uk-limited-v-skeleton,real,2,yes,not_found_in_corpus_registry,yes,no,yes,yes,partial,no
cmsbr021t001104jndbjo02xo,cmsbqyu3t000v04jnza4ym1n9,Flannery v Halifax Estate Agencies Ltd,unknown,not_found_in_corpus_registry,unclear,no,0.0000,0.1415,none,False,19,379d4f20-62f5-403b-a082-fa36b82fe1c1,379d4f20-62f5-403b-a082-fa36b82fe1c1_metadata_summary,metadata_summary,authoritative judgment text unavailable; holding cannot be verified from a citation alone,"cited authority absent from the linked retrieval; closest passage rank 19 (metadata_summary, score=0.142): Keywords: Judicial Review, Planning Law, Administrative Law, European Community Law, Time Limits, Environmental Impact Precedent Strength: 8/10 (85% confidence) Precedent Reasoning: Court hierarchy – The decision comes from the House of Lords, the highest court, which inherently lends authority and weight to its rulings. Legal novelty – The case involved sig",authority was not found in the supplied corpus registry,ca-2024-002003-greenfields-iow-limited-v-isle-of-appellant-skeleton,real,1,yes,not_found_in_corpus_registry,partial,no,partial,partial,no,no
cmsbr021t001104jndbjo02xo,cmsbqyu3t000v04jnza4ym1n9,English v Emery Reimbold & Strick Ltd [2002] EWCA Civ 605,neutral,in_corpus_not_retrieved,unclear,no,0.0000,0.2260,none,False,19,379d4f20-62f5-403b-a082-fa36b82fe1c1,379d4f20-62f5-403b-a082-fa36b82fe1c1_metadata_summary,metadata_summary,authoritative judgment text unavailable; holding cannot be verified from a citation alone,"cited authority absent from the linked retrieval; closest passage rank 19 (metadata_summary, score=0.226): Keywords: Judicial Review, Planning Law, Administrative Law, European Community Law, Time Limits, Environmental Impact Precedent Strength: 8/10 (85% confidence) Precedent Reasoning: Court hierarchy – The decision comes from the House of Lords, the highest court, which inherently lends authority and weight to its rulings. Legal novelty – The case involved sig",authority was found in the corpus but not in the linked retrieval,ca-2024-002003-greenfields-iow-limited-v-isle-of-appellant-skeleton,real,2,yes,in_corpus_not_retrieved,partial,no,partial,partial,no,no
cmmxtzd4o000904jrjc2hdwrx,cmmxtwenv000304jr7vxcmpae,Regina v. London Borough of Hammersmith and Fulham (Burkett) [2002] UKHL 23,neutral,retrieved_and_cited,unclear,partial,0.0000,0.1970,none,True,17,3ff34419-ffbc-40f9-a087-a1cb1371d0e1,3ff34419-ffbc-40f9-a087-a1cb1371d0e1_legal_classification,legal_classification,authoritative judgment text unavailable; holding cannot be verified from a citation alone,"best linked passage rank 17 (legal_classification, score=0.197): Legal Classification: Primary Category: Administrative Law Legal Areas: Planning Law, Administrative Law Jurisdiction: England and Wales Court Level: Appellate Legal Issues: Procedural unfairness regarding notification of hearings. Whether residents had a reasonable opportunity to participate. Impact of planning policy on decision-making Keywords: procedural",citation matched an authority in the linked retrieval,greenfields--iow--limited-v-isle-of-wight-council---westridge-village-limited,real,1,yes,retrieved_and_cited,partial,partial,partial,partial,yes,no
cmmxtzd4o000904jrjc2hdwrx,cmmxtwenv000304jr7vxcmpae,R (Worcestershire Acute Hospitals NHS Trust) v Malvern Hills District Council [2023] EWHC 1995 (Admin),neutral,not_found_in_corpus_registry,unclear,no,0.0000,0.2983,none,False,11,8d10f639-afdd-4cee-893d-c3b4fbaefe7b,8d10f639-afdd-4cee-893d-c3b4fbaefe7b_legal_classification,legal_classification,authoritative judgment text unavailable; holding cannot be verified from a citation alone,"cited authority absent from the linked retrieval; closest passage rank 11 (legal_classification, score=0.298): Legal Classification: Primary Category: Planning Law Legal Areas: Public Law, Administrative Law, Planning Law Jurisdiction: England and Wales Court Level: Appellate Legal Issues: Did the Forest of Dean District Council breach its statutory duty in granting planning permission?. Was the section 106 agreement compliant with the Community Infrastructure Levy R",authority was not found in the supplied corpus registry,greenfields--iow--limited-v-isle-of-wight-council---westridge-village-limited,real,2,yes,not_found_in_corpus_registry,partial,no,partial,partial,partial,no
cmmxsk5kn000h04ldd570wr09,cmmxsgyjb000b04ld1tvzyr07,R (Burkett) v Hammersmith LBC [2002] 1 WLR 1593,report,retrieved_and_cited,unclear,partial,0.0000,0.2983,none,True,3,f36914c7-32ec-4f23-9909-c4ece2be9d33,f36914c7-32ec-4f23-9909-c4ece2be9d33_case_analysis,case_analysis,authoritative judgment text unavailable; holding cannot be verified from a citation alone,"best linked passage rank 3 (case_analysis, score=0.298): Case Analysis and Reasoning: Precedent Strength Assessment (8/10): • The case involved a detailed evaluation of the principles governing local government decisions, particularly relating to bias and procedural fairness. • Its findings are likely to influence future local government planning procedures and how bias is assessed in similar cases, thereby establ",citation matched an authority in the linked retrieval,greenfields--iow--limited-v-isle-of-wight-council---westridge-village-limited,real,1,yes,not_found_in_corpus_registry,no,no,no,no,partial,no
cmmf22axa000h04jxcpnnecs0,cmmf20sg7000b04jxh5i54iyz,English v Emery Reimbold & Strick Ltd [2002] EWCA Civ 605,neutral,in_corpus_not_retrieved,unclear,no,0.0000,0.1176,none,False,10,d8a97814-f000-467c-a202-ef9226a745e4,d8a97814-f000-467c-a202-ef9226a745e4_case_analysis,case_analysis,authoritative judgment text unavailable; holding cannot be verified from a citation alone,"cited authority absent from the linked retrieval; closest passage rank 10 (case_analysis, score=0.118): Case Analysis and Reasoning: Precedent Strength Assessment (9/10): • Court of Appeal level (high authority) enhancing precedential weight in the UK tax context. • Clear statutory interpretation of s1219(3)(a), with explicit distinction between 'expenses of management' and 'capital expenditure'. • Reinforces application of Sun Life and Camas principles to mod",authority was found in the corpus but not in the linked retrieval,ew-cases-EWCA-Civ-2024-1,real,1,yes,in_corpus_not_retrieved,partial,partial,partial,partial,partial,no
cmmjsmua2000q04jstd4i8p7c,cmmjsjnvz000k04js5ptftolc,English v Emery Reimbold & Strick Ltd [2002] EWCA Civ 605,neutral,in_corpus_not_retrieved,unclear,no,0.0000,0.0756,none,False,18,0c4144ef-9642-4280-9526-95be21a99f19,0c4144ef-9642-4280-9526-95be21a99f19_case_analysis,case_analysis,authoritative judgment text unavailable; holding cannot be verified from a citation alone,"cited authority absent from the linked retrieval; closest passage rank 18 (case_analysis, score=0.076): Case Analysis and Reasoning: Precedent Strength Assessment (7/10): • The case is significant as it clarifies the responsibilities of the Parole Board and the Secretary of State regarding detention under public protection sentences. • The court's reasoning is robust, referencing established precedents and ECHR principles regarding lawful detention and arbitra",authority was found in the corpus but not in the linked retrieval,ca-2024-000255-ellis-v-ssj-appellant-skeleton,real,1,yes,in_corpus_not_retrieved,yes,no,yes,yes,partial,no
cmlzrzxca000304l2qk1vevzx,cmlzry90i000b04laxzwy3gcm,[2004] 1 WLR 1057,report,in_corpus_not_retrieved,unclear,no,0.0000,0.1996,none,False,1,70d43223-0ec6-458b-b052-bdc295e0d6ec,70d43223-0ec6-458b-b052-bdc295e0d6ec_legal_classification,legal_classification,authoritative judgment text unavailable; holding cannot be verified from a citation alone,"cited authority absent from the linked retrieval; closest passage rank 1 (legal_classification, score=0.200): Legal Classification: Primary Category: Tort / Civil liability Legal Areas: Occupiers' Liability Act 1984, Tort law, Personal injury / road traffic accident, Highway law, Civil procedure: summary judgment, CRoW Act 2000 Jurisdiction: England and Wales Court Level: Court of Appeal (Civil Division) Legal Issues: Whether the occupiers of land adjoining a highwa",authority was found in the corpus but not in the linked retrieval,skeleton-args-ca2023002207-ce0aafdf6d7e5716,synthetic,1,no,retrieved_id_citation_mismatch,,,,,,
cmlzrzxca000304l2qk1vevzx,cmlzry90i000b04laxzwy3gcm,[2015] UKSC 5,neutral,retrieved_and_cited,unclear,no,0.0000,0.0095,none,True,1,70d43223-0ec6-458b-b052-bdc295e0d6ec,70d43223-0ec6-458b-b052-bdc295e0d6ec_legal_classification,legal_classification,authoritative judgment text unavailable; holding cannot be verified from a citation alone,"best linked passage rank 1 (legal_classification, score=0.010): Keywords: occupiers' liability 1984, road traffic accident, land adjoining highway, highway authority, summary judgment, Court of Appeal (Civil Division), CRoW Act 2000, case law: Okpabi, Donoghue, Tomlinson",citation matched an authority in the linked retrieval,skeleton-args-ca2023002207-ce0aafdf6d7e5716,synthetic,2,no,retrieved_id_citation_mismatch,,,,,,
cmm3b1g6j000j04jt8w2u9z6w,cmm3azb8t000d04jtx7he2awl,Flannery v Halifax Estate Agencies Ltd [2000] 1 WLR 377,report,not_found_in_corpus_registry,unclear,no,0.0000,0.1133,none,False,6,88f81617-3d05-4cec-a001-5edf306bd117,88f81617-3d05-4cec-a001-5edf306bd117_metadata_summary,metadata_summary,authoritative judgment text unavailable; holding cannot be verified from a citation alone,"cited authority absent from the linked retrieval; closest passage rank 6 (metadata_summary, score=0.113): Case: R (on the application of) SPM v Secretary of State for the Home Department [2023] EWCA Civ 764 Court: England and Wales Court of Appeal (Civil Division) Category: Administrative Law / Judicial Review (Immigration) / Human Rights Legal Areas: Administrative Law, Immigration Law, Human Rights, Access to Justice, Detention Abstract: Court of Appeal (Civil",authority was not found in the supplied corpus registry,skeleton-args-ca2025000412-e17d5e10793fe216,synthetic,1,no,not_found_in_corpus_registry,,,,,,
cmm3b1g6j000j04jt8w2u9z6w,cmm3azb8t000d04jtx7he2awl,English v Emery Reimbold & Strick Ltd [2002] EWCA Civ 605,neutral,in_corpus_not_retrieved,unclear,no,0.0000,0.1456,none,False,7,9cd8bb4c-43ff-49b2-8bc4-b8df5f3727d6,9cd8bb4c-43ff-49b2-8bc4-b8df5f3727d6_legal_reasoning,legal_reasoning,authoritative judgment text unavailable; holding cannot be verified from a citation alone,"cited authority absent from the linked retrieval; closest passage rank 7 (legal_reasoning, score=0.146): Effect of Programme availability and operational practicality on duty analyses Reasoning: The Court of Appeal reaffirmed that there is a threefold public law framework governing indeterminate sentences: (i) the Walker duty to provide systems/resources to enable a prisoner to demonstrate reduced risk, (ii) the rationality duty to decide rationally and in ligh",authority was found in the corpus but not in the linked retrieval,skeleton-args-ca2025000412-e17d5e10793fe216,synthetic,2,no,in_corpus_not_retrieved,,,,,,
cmmdkjytd000304jl24cdxqvp,cmmdjmbqo000b04js13axm03c,English v Emery Reimbold & Strick Ltd [2002] EWCA Civ 605,neutral,in_corpus_not_retrieved,unclear,no,0.0000,0.2217,none,False,14,20883fdd-3d62-402d-b87e-d07099a0aace,20883fdd-3d62-402d-b87e-d07099a0aace_case_analysis,case_analysis,authoritative judgment text unavailable; holding cannot be verified from a citation alone,"cited authority absent from the linked retrieval; closest passage rank 14 (case_analysis, score=0.222): Case Analysis and Reasoning: Precedent Strength Assessment (7/10): • The ruling clarifies important aspects of the Landlord and Tenant Act 1985, specifically regarding the enforceability of statutory obligations. • The case is significant as it emphasizes the limits of civil remedies available to tenants in the context of statutory obligations, potentially i",authority was found in the corpus but not in the linked retrieval,skeleton-args-ca2023004634-299a4a730fe1f43a,synthetic,1,no,in_corpus_not_retrieved,,,,,,
cmmdkjytd000304jl24cdxqvp,cmmdjmbqo000b04js13axm03c,Flannery v Halifax Estate Agencies Ltd [2000] 1 WLR 377,report,not_found_in_corpus_registry,unclear,no,0.0000,0.1625,none,False,8,7079fc72-6050-4668-ac32-14c3ce1d3b5c,7079fc72-6050-4668-ac32-14c3ce1d3b5c_case_analysis,case_analysis,authoritative judgment text unavailable; holding cannot be verified from a citation alone,"cited authority absent from the linked retrieval; closest passage rank 8 (case_analysis, score=0.163): • The absence of key documentation (like the tenancy agreements) adds to the complexity of the case, as the courts must make determinations based on incomplete information. Confidence: 80% Legal Significance: Important case with notable legal impact",authority was not found in the supplied corpus registry,skeleton-args-ca2023004634-299a4a730fe1f43a,synthetic,2,no,not_found_in_corpus_registry,,,,,,
cmmdkjytd000304jl24cdxqvp,cmmdjmbqo000b04js13axm03c,"Senior Courts Act 1981, s.35A",legislation,not_applicable_non_case_reference,n/a,partial,0.0000,0.1906,none,False,16,f12362ca-9214-46d6-8a2a-5ddadac29884,f12362ca-9214-46d6-8a2a-5ddadac29884_case_analysis,case_analysis,holding accuracy is not applicable to this non-case reference,"best linked passage rank 16 (case_analysis, score=0.191): Case Analysis and Reasoning: Precedent Strength Assessment (7/10): • Court hierarchy: High Court ruling supports decision-making. • Legal novelty: Involved interpretation of lease agreements. • Quality of reasoning: Clear rationale on what constitutes a breach. • Potential for citation: Addresses landlord-tenant dynamics. Confidence: 85% Complexity Score Ass",non-case reference,skeleton-args-ca2023004634-299a4a730fe1f43a,synthetic,3,no,not_applicable_non_case_reference,,,,,,
cmsbr6p4p001704l4z7u6108h,cmsbr5rlu001104l45rnkob9p,HMRC v Volkswagen Financial Services,unknown,retrieved_and_cited,unclear,partial,0.0000,0.2415,none,True,7,5c2719bb-df7d-4d55-a473-dd5087c1d2e8,5c2719bb-df7d-4d55-a473-dd5087c1d2e8_legal_classification,legal_classification,authoritative judgment text unavailable; holding cannot be verified from a citation alone,"best linked passage rank 7 (legal_classification, score=0.242): Legal Classification: Primary Category: Financial Regulation Legal Areas: Tax Law, European Union Law, Administrative Law Jurisdiction: England and Wales Court Level: Appellate Legal Issues: Compatibility of UK VAT recovery legislation with EU law principles.. Whether the unjust enrichment defense breaches equal treatment and fiscal neutrality under EU law..",citation matched an authority in the linked retrieval,ca-2024-000806-hippodrome-casino-ltd-v-hmrc-appellant-skeleton,real,1,no,not_found_in_corpus_registry,,,,,,
cmsbsp3em001104ji2u62id7q,cmsbso1ez000v04jiujckeft7,[2002] EWCA Civ 605,neutral,in_corpus_not_retrieved,unclear,no,0.0000,0.0565,none,False,18,7cce4927-35a4-4b74-90f4-ac2262bb34d7,7cce4927-35a4-4b74-90f4-ac2262bb34d7_procedural_history,procedural_history,authoritative judgment text unavailable; holding cannot be verified from a citation alone,"cited authority absent from the linked retrieval; closest passage rank 18 (procedural_history, score=0.056): Procedural History: Court: England and Wales Court of Appeal (Civil Division) Lower Court: Special Immigration Appeals Commission Judges: Lord Justice Underhill, Lord Justice Dingemans, Lady Justice Elisabeth Laing Case Number: CA-2021-001833+A Last Hearing Date: 13 March 2023 Duration: 0 days",authority was found in the corpus but not in the linked retrieval,ca-2024-000624 and ca-2024-000625-the-royal-embassy-of-saudi-arabia-appellant-skeleton,real,1,no,in_corpus_not_retrieved,,,,,,
cmsbsp3em001104ji2u62id7q,cmsbso1ez000v04jiujckeft7,[2000] 1 WLR 377,report,not_found_in_corpus_registry,unclear,no,0.0000,0.1569,none,False,3,48a6c9aa-6aaf-46f0-a0a1-db486992f637,48a6c9aa-6aaf-46f0-a0a1-db486992f637_legal_classification,legal_classification,authoritative judgment text unavailable; holding cannot be verified from a citation alone,"cited authority absent from the linked retrieval; closest passage rank 3 (legal_classification, score=0.157): Legal Classification: Primary Category: Civil Procedure/Employment Law Legal Areas: Employment Law, International Law, Human Rights Law Jurisdiction: United Kingdom Court Level: Appellate Legal Issues: Compatibility of State Immunity Act 1978 with ECHR Article 6. Jurisdictional limitations under international law for employment claims. Direct applicability o",authority was not found in the supplied corpus registry,ca-2024-000624 and ca-2024-000625-the-royal-embassy-of-saudi-arabia-appellant-skeleton,real,2,no,not_found_in_corpus_registry,,,,,,
cmsbsqcqm001d04ji3ses9ih9,cmsbsp6wa001704jitdvkybp9,Benkharbouche v Embassy of the Republic of Sudan [2017] ICR 1327,unknown,retrieved_and_cited,unclear,partial,0.0000,0.2572,none,True,4,f1db17d9-c809-4f44-a350-a7c506f9683c,f1db17d9-c809-4f44-a350-a7c506f9683c_factual_summary,factual_summary,authoritative judgment text unavailable; holding cannot be verified from a citation alone,"best linked passage rank 4 (factual_summary, score=0.257): The Employment Tribunal initially favored the claimants, but the Employment Appeal Tribunal and subsequently the Court of Appeal upheld the respondents' immunity based on the Vienna Convention, concluding that employment did not constitute commercial activity outside official functions. The claims related to trafficking were deemed not sufficient to negate i",citation matched an authority in the linked retrieval,ca-2024-000624 and ca-2024-000625-the-royal-embassy-of-saudi-arabia-appellant-skeleton,real,1,no,retrieved_and_cited,,,,,,
cmsbszs77002304ji6ldkbjce,cmsbsuhsv001r04jiv19ukl8u,English v Emery Reimbold & Strick Ltd [2002] EWCA Civ 605,neutral,in_corpus_not_retrieved,unclear,no,0.0000,0.1633,none,False,2,1c816bf0-70b4-46bd-9a31-9d036faff956,1c816bf0-70b4-46bd-9a31-9d036faff956_case_analysis,case_analysis,authoritative judgment text unavailable; holding cannot be verified from a citation alone,"cited authority absent from the linked retrieval; closest passage rank 2 (case_analysis, score=0.163): Case Analysis and Reasoning: Precedent Strength Assessment (9/10): • Court of Appeal (Civil Division) level provides strong binding authority for future UK patent cases. • The decision engages core patent-law doctrines (plausibility, sufficiency, added matter, common general knowledge) and anchors them to established principles (Human Genome Sciences v Lilly",authority was found in the corpus but not in the linked retrieval,ca-2024-0023525 & ca-2024-002295-modernatx-inc-v-pfizer-limited-others-respondent-skeleton,real,1,no,in_corpus_not_retrieved,,,,,,
cmsbszs77002304ji6ldkbjce,cmsbsuhsv001r04jiv19ukl8u,Flannery v Halifax Estate Agencies Ltd [2000] 1 WLR 377,report,not_found_in_corpus_registry,unclear,no,0.0000,0.0880,none,False,2,1c816bf0-70b4-46bd-9a31-9d036faff956,1c816bf0-70b4-46bd-9a31-9d036faff956_case_analysis,case_analysis,authoritative judgment text unavailable; holding cannot be verified from a citation alone,"cited authority absent from the linked retrieval; closest passage rank 2 (case_analysis, score=0.088): Case Analysis and Reasoning: Precedent Strength Assessment (9/10): • Court of Appeal (Civil Division) level provides strong binding authority for future UK patent cases. • The decision engages core patent-law doctrines (plausibility, sufficiency, added matter, common general knowledge) and anchors them to established principles (Human Genome Sciences v Lilly",authority was not found in the supplied corpus registry,ca-2024-0023525 & ca-2024-002295-modernatx-inc-v-pfizer-limited-others-respondent-skeleton,real,2,no,not_found_in_corpus_registry,,,,,,
cmsbt3hfa002904ji8k6b026n,cmsbsuhsv001r04jiv19ukl8u,English v Emery Reimbold & Strick Ltd [2002] EWCA Civ 605,neutral,in_corpus_not_retrieved,unclear,no,0.0000,0.2473,none,False,6,a1a08eab-f66f-48ea-a2b4-e885be7c07df,a1a08eab-f66f-48ea-a2b4-e885be7c07df_case_analysis,case_analysis,authoritative judgment text unavailable; holding cannot be verified from a citation alone,"cited authority absent from the linked retrieval; closest passage rank 6 (case_analysis, score=0.247): Case Analysis and Reasoning: Precedent Strength Assessment (8/10): • The case involves important issues in pharmaceutical patent law, particularly regarding the validity of patents under the criterion of obviousness. • The court provided a detailed explanation of patent sciences, which may lead to the case being cited in future patent disputes. • The case's ",authority was found in the corpus but not in the linked retrieval,ca-2024-0023525 & ca-2024-002295-modernatx-inc-v-pfizer-limited-others-respondent-skeleton,real,1,no,in_corpus_not_retrieved,,,,,,
cmsbt3hfa002904ji8k6b026n,cmsbsuhsv001r04jiv19ukl8u,Flannery v Halifax Estate Agencies Ltd [2000] 1 WLR 377,report,not_found_in_corpus_registry,unclear,no,0.0000,0.0141,none,False,2,1c816bf0-70b4-46bd-9a31-9d036faff956,1c816bf0-70b4-46bd-9a31-9d036faff956_case_analysis,case_analysis,authoritative judgment text unavailable; holding cannot be verified from a citation alone,"cited authority absent from the linked retrieval; closest passage rank 2 (case_analysis, score=0.014): • High reliance on expert testimony and post-patent literature; retrospective synthesis debates add to complexity. Confidence: 82% Legal Significance: Landmark case with exceptional legal significance",authority was not found in the supplied corpus registry,ca-2024-0023525 & ca-2024-002295-modernatx-inc-v-pfizer-limited-others-respondent-skeleton,real,2,no,not_found_in_corpus_registry,,,,,,
cmst4fdgx001l04l7p4wrw7w7,cmst4drgk001f04l70ut5a3k0,Chesterton Global Ltd v Nurmohamed (2017) EWCA Civ 1050,unknown,retrieved_and_cited,unclear,no,0.0000,0.0493,none,True,17,9365ac87-002c-4767-beb5-daa394718251,9365ac87-002c-4767-beb5-daa394718251_legal_reasoning,legal_reasoning,authoritative judgment text unavailable; holding cannot be verified from a citation alone,"best linked passage rank 17 (legal_reasoning, score=0.049): Legal Analysis: Legal Issues: Whether the dismissal was fair under the Employment Rights Act 1996.. Whether the Trust's decision constituted racial discrimination.. Whether the procedures followed in the disciplinary hearing were reasonable. Reasoning: The court found that the extensive evidence supported the Trust's decision, dismissing claims of unfair dis",citation matched an authority in the linked retrieval,skeleton-args-ca2025001247-4e7222cd1e12236a,synthetic,1,no,retrieved_and_cited,,,,,,
cmst4fdgx001l04l7p4wrw7w7,cmst4drgk001f04l70ut5a3k0,Royal Mail Ltd v Jhuti (2019) EWCA Civ 1632,unknown,retrieved_id_citation_mismatch,unclear,no,0.0000,0.2101,none,False,5,0b85ba33-95d2-4cf3-a08d-ed6833230187,0b85ba33-95d2-4cf3-a08d-ed6833230187_legal_reasoning,legal_reasoning,authoritative judgment text unavailable; holding cannot be verified from a citation alone,"cited authority absent from the linked retrieval; closest passage rank 5 (legal_reasoning, score=0.210): Legal Analysis: Legal Issues: Whether Mr. Baddeley's dismissal was due to protected disclosures.. The application of section 103A of the Employment Rights Act 1996.. Procedural fairness in the dismissal process. Reasoning: The judgment emphasized that the employer's motive for dismissal was primarily based on the protected disclosures made by Mr. Baddeley. T","retrieval linkage was flagged present, but the retrieved title/citation did not match",skeleton-args-ca2025001247-4e7222cd1e12236a,synthetic,2,no,retrieved_case_name_citation_conflict,,,,,,
